0.4543073773384094 0.5585143566131592
0.45937517285346985 0.5755099058151245
0.44515812397003174 0.6302282810211182
0.42863377928733826 0.6155831217765808
0.43569809198379517 0.5260894298553467
0.5239354372024536 0.5648203492164612
0.4228246808052063 0.540754497051239
0.5092450380325317 0.6233348250389099
0.4668259024620056 0.505699872970581
0.5374786257743835 0.5640676021575928
0.459756463766098 0.626351535320282
0.4248920679092407 0.5444315671920776
0.4145072400569916 0.5583348274230957
0.5237786173820496 0.5516009330749512
0.4579832851886749 0.5582412481307983
0.5667065978050232 0.5500728487968445
0.4522835314273834 0.6351168751716614
0.41390669345855713 0.5808995962142944
0.4183758795261383 0.5979043245315552
0.517666757106781 0.6554644703865051
0.4777483344078064 0.5993036031723022
0.5035650730133057 0.5469121336936951
0.42049598693847656 0.554510235786438
0.5674397945404053 0.6003684401512146
0.5191050171852112 0.5112230181694031
0.514181911945343 0.6194759607315063
0.4456273019313812 0.5130473375320435
0.5030258893966675 0.5730672478675842
0.48960599303245544 0.608893632888794
0.541793942451477 0.5485765337944031
0.5157183408737183 0.6287397742271423
0.5099228620529175 0.5636051297187805
0.45003291964530945 0.5980645418167114
0.5204272270202637 0.6162018179893494
0.5474616289138794 0.545738160610199
0.5424218773841858 0.6315274238586426
0.41850391030311584 0.5973981022834778
0.5243291258811951 0.5881896018981934
0.5638846158981323 0.5589947700500488
0.4782394766807556 0.5201593637466431
0.4774356186389923 0.5547643303871155
0.5280088186264038 0.5157999992370605
0.49974367022514343 0.5104283690452576
0.5484142899513245 0.5375475883483887
0.4539974629878998 0.531786322593689
0.4286682605743408 0.5252217054367065
0.5525500178337097 0.6184943914413452
0.40634477138519287 0.6011707782745361
0.5543348789215088 0.6178756952285767
0.4697326421737671 0.5545533299446106
0.47409433126449585 0.5811667442321777
0.4896581172943115 0.5236175656318665
0.5487958192825317 0.5773378610610962
0.41400954127311707 0.6122991442680359
0.5648303031921387 0.5535358786582947
0.43633970618247986 0.5314413905143738
0.4918461740016937 0.6070380806922913
0.41686153411865234 0.5429218411445618
0.4825085699558258 0.5369086861610413
0.5065696835517883 0.5880107283592224
0.46095046401023865 0.5230764150619507
0.5378986597061157 0.6229156255722046
0.5649055242538452 0.577360987663269
0.5449394583702087 0.624610960483551
0.42613115906715393 0.5461693406105042
0.4999474883079529 0.6316556930541992
0.4687182605266571 0.5589065551757812
0.42799586057662964 0.5682277679443359
0.4719637930393219 0.6364145278930664
0.498727023601532 0.6199888586997986
0.5337318778038025 0.581055223941803
0.44313952326774597 0.6227420568466187
0.5097244381904602 0.6520727872848511
0.39937230944633484 0.591327428817749
0.40183544158935547 0.563805878162384
0.5279670357704163 0.5910911560058594
0.417348176240921 0.5678209662437439
0.49895963072776794 0.5250709056854248
0.4948330223560333 0.5331758856773376
0.4083801507949829 0.5474517345428467
0.5631968975067139 0.5999168157577515
0.459655225276947 0.5267709493637085
0.44926372170448303 0.5878502726554871
0.476650595664978 0.5252030491828918
0.4280858337879181 0.5373393297195435
0.48831138014793396 0.513396143913269
0.5716724991798401 0.5900019407272339
0.5377175211906433 0.5283618569374084
0.5154155492782593 0.569237470626831
0.4101635217666626 0.5976958870887756
0.4564456045627594 0.5125116109848022
0.5564544796943665 0.5941277742385864
0.4640730321407318 0.555317759513855
0.4354586601257324 0.6478796005249023
0.5106040239334106 0.6124114394187927
0.5168916583061218 0.5658469200134277
0.5256277322769165 0.5278481245040894
0.5068041682243347 0.5564516186714172
0.4744289517402649 0.5180762410163879
0.5509183406829834 0.636630117893219
0.445820152759552 0.647735059261322
0.4962821304798126 0.650919497013092
0.54166179895401 0.5322235226631165
0.5645403265953064 0.602952241897583
0.4513686001300812 0.5755122303962708
0.4843765199184418 0.5963758826255798
0.4153657853603363 0.577452540397644
0.45318248867988586 0.6027513146400452
0.41249120235443115 0.5523011088371277
0.5225470662117004 0.5643230676651001
0.5292616486549377 0.6463260054588318
0.5631899833679199 0.5748998522758484
0.4868663251399994 0.5819864869117737
0.4032275080680847 0.562451183795929
0.565087080001831 0.5933436155319214
0.4338926672935486 0.5868971943855286
0.4193423092365265 0.5389544367790222
0.4061611592769623 0.6042215824127197
0.5467175841331482 0.5531173944473267
0.4177010953426361 0.5436862707138062
0.5133898258209229 0.5215285420417786
0.4516719579696655 0.6567713022232056
0.4000898003578186 0.5800327658653259
0.4874837100505829 0.5917951464653015
0.5646393895149231 0.551123857498169
0.4665926396846771 0.6139453053474426
0.568125307559967 0.5672996044158936
0.5192968845367432 0.5799306035041809
0.4108274281024933 0.552183210849762
0.4761379063129425 0.5773443579673767
0.43482622504234314 0.632739245891571
0.44761332869529724 0.5664350986480713
0.485272616147995 0.5305048227310181
0.4765007197856903 0.5995492935180664
0.401608407497406 0.5952987670898438
0.44564178586006165 0.548201322555542
0.54737788438797 0.6026952862739563
0.4374775290489197 0.5987551212310791
0.4740157723426819 0.5896837115287781
0.44608065485954285 0.6175234317779541
0.5343305468559265 0.5823120474815369
0.48510900139808655 0.639156699180603
0.4698920249938965 0.5112647414207458
0.46771863102912903 0.5286537408828735
0.5624938607215881 0.5748293995857239
0.42125099897384644 0.6391500234603882
0.39900174736976624 0.5773047804832458
0.5234360694885254 0.6081609725952148
0.5239960551261902 0.5802861452102661
0.5195938944816589 0.6229249835014343
0.4459777772426605 0.5843222141265869
0.5479298830032349 0.586076021194458
0.4643881916999817 0.5469853281974792
0.5578617453575134 0.5559155344963074
0.416390985250473 0.5416386127471924
0.44861865043640137 0.5829452276229858
0.4658255875110626 0.5206525921821594
0.5698459148406982 0.5756884217262268
0.5622131824493408 0.6091405153274536
0.5431573390960693 0.6305637955665588
0.5265228748321533 0.6105786561965942
0.5507442355155945 0.5666820406913757
0.4738143980503082 0.5483444333076477
0.5029764771461487 0.5774790644645691
0.5380709767341614 0.6091711521148682
0.47069934010505676 0.6432409882545471
0.4042961001396179 0.5633445382118225
0.5387921333312988 0.6493538618087769
0.42540213465690613 0.5877074599266052
0.5493905544281006 0.5944013595581055
0.49979540705680847 0.5102565884590149
0.5627931356430054 0.6044564247131348
0.4991133511066437 0.6381561160087585
0.4114629328250885 0.5553247332572937
0.43207067251205444 0.6082814335823059
0.5692995190620422 0.5616861581802368
0.5404949188232422 0.5598800182342529
0.473987877368927 0.519119143486023
0.4926125705242157 0.5779436826705933
0.4811176657676697 0.5615904331207275
0.42394083738327026 0.5311439037322998
0.5692595839500427 0.5703569054603577
0.5246195793151855 0.6436224579811096
0.4311300218105316 0.6264970898628235
0.41059935092926025 0.6055178642272949
0.5276104807853699 0.6336366534233093
0.4660080373287201 0.6401023268699646
0.5328409075737 0.5347338318824768
0.5090753436088562 0.5367719531059265
0.5326142907142639 0.6336485147476196
0.4210721254348755 0.575435221195221
0.448652058839798 0.6301639676094055
0.4169556200504303 0.5475587844848633
0.5022534728050232 0.5884371995925903
0.5510651469230652 0.6263529658317566
0.5332947969436646 0.6501992344856262
0.44173288345336914 0.6542754769325256
0.5487439036369324 0.5877277255058289
0.4300900399684906 0.6434012651443481
0.47993093729019165 0.5659802556037903
0.5397358536720276 0.6301462650299072
0.40614891052246094 0.5576611757278442
0.39948660135269165 0.586507260799408
0.4730241596698761 0.6307048201560974
0.44666117429733276 0.6235239505767822
0.5725095868110657 0.5850746631622314
0.49384239315986633 0.5764451026916504
0.422946572303772 0.5566232800483704
0.4953520894050598 0.586698055267334
0.537929117679596 0.5616757273674011
0.5445283055305481 0.5324567556381226
0.505653977394104 0.6372084021568298
0.44081661105155945 0.5461153984069824
0.5665987730026245 0.5968417525291443
0.5317541360855103 0.5992969274520874
0.544303297996521 0.5271934866905212
0.46772515773773193 0.567458987236023
0.44535279273986816 0.5651337504386902
0.5130559802055359 0.5839282274246216
0.4227259159088135 0.6016575694084167
0.41896510124206543 0.6376650929450989
0.46412670612335205 0.5240659117698669
0.5084299445152283 0.5433928966522217
0.4785897433757782 0.5480232238769531
0.4925459921360016 0.5390633940696716
0.4867284297943115 0.5721846222877502
0.5135759115219116 0.5821602940559387
0.43373945355415344 0.5177688598632812
0.4135797619819641 0.56315678358078
0.5537241101264954 0.541292130947113
0.5148841142654419 0.6229472160339355
0.4441320598125458 0.5973860621452332
0.514401376247406 0.6488329172134399
0.4481022357940674 0.5255064964294434
0.561586320400238 0.6113947033882141
0.4719971716403961 0.6445252895355225
0.44231513142585754 0.5788093209266663
0.49100908637046814 0.5979954600334167
0.5130834579467773 0.5533585548400879
0.5101498961448669 0.5575734376907349
0.49326443672180176 0.5851459503173828
0.5216360092163086 0.5788223743438721
0.5069139003753662 0.6406873464584351
0.5605883598327637 0.5503044724464417
0.4885086417198181 0.5277456641197205
0.39874300360679626 0.5757226943969727
0.5122409462928772 0.5331307053565979
0.5579853057861328 0.6126284003257751
0.4434729814529419 0.5939098000526428
0.5551621913909912 0.555540144443512
0.5458385944366455 0.6380730271339417
0.5416943430900574 0.5874559283256531
0.5612896680831909 0.5561538338661194
0.47425758838653564 0.6649329662322998
0.5189204812049866 0.5968968868255615
0.4189680814743042 0.6337099671363831
0.5096818804740906 0.517926812171936
0.47623705863952637 0.5092481374740601
0.4095292091369629 0.5871174335479736
0.39869025349617004 0.5806419253349304
0.4412904381752014 0.6095170974731445
0.423102468252182 0.5959277749061584
0.5388609766960144 0.6058476567268372
0.500257670879364 0.5818091630935669
0.4228149652481079 0.5578698515892029
0.47960007190704346 0.5641669034957886
0.46757712960243225 0.5818264484405518
0.4508436918258667 0.6591876149177551
0.40066179633140564 0.5669457912445068
0.549619734287262 0.5336050391197205
0.5052018165588379 0.6327038407325745
0.553091287612915 0.5687533617019653
0.5466036200523376 0.5454932451248169
0.4560299515724182 0.6106396913528442
0.4041133224964142 0.6125622391700745
0.41362133622169495 0.6142747402191162
0.4748890995979309 0.5971073508262634
0.45203372836112976 0.5908450484275818
0.43094387650489807 0.5659675002098083
0.4865102171897888 0.6212126612663269
0.40514323115348816 0.5641540884971619
0.41542425751686096 0.5604518055915833
0.48360174894332886 0.5408099293708801
0.49633660912513733 0.6151294708251953
0.5662081837654114 0.5452823638916016
0.4046841561794281 0.5747712850570679
0.538772702217102 0.5652414560317993
0.48320072889328003 0.5866903066635132
0.45341938734054565 0.5198293924331665
0.4092349708080292 0.5704678893089294
0.43455973267555237 0.5636751055717468
0.5283817052841187 0.614633321762085
0.5631518363952637 0.5808554887771606
0.45947161316871643 0.6184577345848083
0.45567503571510315 0.6602637767791748
0.4750281870365143 0.5160872340202332
0.5456847548484802 0.5795920491218567
0.4633065164089203 0.5620208382606506
0.400716632604599 0.5726432204246521
0.4246346354484558 0.5927512645721436
0.5336634516716003 0.5685147047042847
0.5663635730743408 0.5619218945503235
0.4862714111804962 0.6358056664466858
0.4307704269886017 0.632773220539093
0.44566023349761963 0.6203750371932983
0.49146270751953125 0.6517378091812134
0.4289949834346771 0.5358189344406128
0.5151695013046265 0.5518766045570374
0.3983311057090759 0.6004347801208496
0.42435580492019653 0.6413443684577942
0.567026674747467 0.5748059153556824
0.429200679063797 0.5245822668075562
0.5363004207611084 0.5611125230789185
0.4387774169445038 0.6194948554039001
0.5257354974746704 0.5987016558647156
0.5428585410118103 0.5408751368522644
0.4441523849964142 0.5439664721488953
0.4841132164001465 0.6553226709365845
0.4158594012260437 0.5542781352996826
0.46950146555900574 0.6020848751068115
0.43688562512397766 0.6514425873756409
0.5272050499916077 0.5978536605834961
0.5326700210571289 0.6218562722206116
0.5541543364524841 0.6215380430221558
0.5239890813827515 0.6110345721244812
0.5594889521598816 0.5753898620605469
0.4425314664840698 0.6372904181480408
0.39761319756507874 0.5855735540390015
0.4405689537525177 0.5294561982154846
0.5039440989494324 0.6031988263130188
0.43108227849006653 0.595279335975647
0.47179967164993286 0.519442081451416
0.5322840809822083 0.5783159136772156
0.4034562408924103 0.5945956707000732
0.4046882092952728 0.5999395251274109
0.4088859558105469 0.6223364472389221
0.4314722418785095 0.5933231711387634
0.5192274451255798 0.6618247628211975
0.5342799425125122 0.593803346157074
0.5205679535865784 0.6607640981674194
0.5360701084136963 0.5226806998252869
0.5032212138175964 0.6243187785148621
0.46787387132644653 0.6554433703422546
0.5067980885505676 0.6039978861808777
0.5064948797225952 0.6602921485900879
0.49789080023765564 0.6659904718399048
0.5515012145042419 0.5490801930427551
0.5105058550834656 0.5450170040130615
0.5604884028434753 0.5763459205627441
0.5330168008804321 0.5207529067993164
0.4576495587825775 0.5199995636940002
0.4979034662246704 0.5522319674491882
0.4112100899219513 0.5914096832275391
0.508817195892334 0.5941886901855469
0.420788049697876 0.5531156063079834
0.4702247381210327 0.5531803369522095
0.4062180817127228 0.6186612844467163
0.47234177589416504 0.5465753674507141
0.41974854469299316 0.5491356253623962
0.44865888357162476 0.5655873417854309
0.5248905420303345 0.5286088585853577
0.4988683760166168 0.5189085006713867
0.4360307455062866 0.5502105951309204
0.49424508213996887 0.648353099822998
0.5328096747398376 0.6095398664474487
0.39940187335014343 0.5949339866638184
0.5672457218170166 0.5520944595336914
0.5059320330619812 0.5717824101448059
0.47976911067962646 0.530337929725647
0.4795004427433014 0.6563029289245605
0.45396846532821655 0.5529934763908386
0.5200181603431702 0.545335054397583
0.5266468524932861 0.5455898642539978
0.5347422361373901 0.6124405860900879
0.5506769418716431 0.6288594007492065
0.5270392894744873 0.6414172649383545
0.5654685497283936 0.5692995190620422
0.4898204505443573 0.51863032579422
0.4807235300540924 0.52595454454422
0.5719326734542847 0.5891107320785522
0.5055251121520996 0.5759760737419128
0.4498402774333954 0.5918623805046082
0.40807589888572693 0.6033133268356323
0.41759753227233887 0.5710141062736511
0.4412686228752136 0.629658043384552
0.41528868675231934 0.5851259231567383
0.5128083825111389 0.626040518283844
0.5397906303405762 0.631738543510437
0.4397508203983307 0.5248451232910156
0.46376219391822815 0.5392235517501831
0.5271905660629272 0.5723279118537903
0.5176618099212646 0.5649064183235168
0.4963442087173462 0.6086657047271729
0.4465051293373108 0.6497063636779785
0.42414340376853943 0.5991598963737488
0.4538692235946655 0.6406517028808594
0.47206875681877136 0.6491453647613525
0.4525642395019531 0.5701333284378052
0.5629357099533081 0.6038995981216431
0.5249910354614258 0.5835805535316467
0.4637468457221985 0.5508375763893127
0.5064346194267273 0.5663383603096008
0.5266582369804382 0.5976355075836182
0.5274436473846436 0.6123600602149963
0.41609910130500793 0.611319363117218
0.5491741299629211 0.5410836935043335
0.4369581341743469 0.5987745523452759
0.48706144094467163 0.6063504219055176
0.5063936114311218 0.519686758518219
0.5649672150611877 0.5981197357177734
0.4149955213069916 0.559158205986023
0.5585132837295532 0.6244187951087952
0.49269869923591614 0.642759382724762
0.5632189512252808 0.5659801959991455
0.44989505410194397 0.59260493516922
0.4158523380756378 0.5569758415222168
0.4184936583042145 0.5549677610397339
0.551284909248352 0.5756401419639587
0.5705748200416565 0.577625572681427
0.44718945026397705 0.6361482739448547
0.5436344742774963 0.5492792129516602
0.4178902506828308 0.590462863445282
0.5677034854888916 0.6043304800987244
0.5482279062271118 0.5403590202331543
0.5337738990783691 0.5712118148803711
0.4727543890476227 0.6206007599830627
0.4040757715702057 0.579441487789154
0.54253751039505 0.5463458895683289
0.5566829442977905 0.5904755592346191
0.4404154419898987 0.639915943145752
0.47649410367012024 0.619677722454071
0.5722939968109131 0.5869846343994141
0.49944451451301575 0.6576312780380249
0.5254716873168945 0.6488027572631836
0.5605474710464478 0.577140748500824
0.4298527240753174 0.5618559718132019
0.5637439489364624 0.6033493280410767
0.494871586561203 0.6016352772712708
0.5664132237434387 0.5994551777839661
0.42925822734832764 0.5399115085601807
0.4976990520954132 0.520444929599762
0.43519699573516846 0.5248761177062988
0.47710251808166504 0.6004900336265564
0.4654305875301361 0.6326937675476074
0.5000602006912231 0.634669303894043
0.529083251953125 0.549638032913208
0.4520179331302643 0.6035631895065308
0.4569619596004486 0.5771007537841797
0.5464000105857849 0.5789632201194763
0.5245876312255859 0.515101969242096
0.43029072880744934 0.5307682752609253
0.41427478194236755 0.5689792037010193
0.5490819215774536 0.6414979100227356
0.526779294013977 0.5898084044456482
0.4836055040359497 0.5769553780555725
0.4950258731842041 0.6027071475982666
0.5480918288230896 0.5503190755844116
0.5684481263160706 0.5981044173240662
0.46153274178504944 0.5641881227493286
0.5033862590789795 0.5162303447723389
0.41947993636131287 0.580398440361023
0.4450920820236206 0.5283446311950684
0.48633506894111633 0.5358086824417114
0.41543909907341003 0.6164253354072571
0.4980749785900116 0.5843638181686401
0.4570482075214386 0.5623182058334351
0.5274078845977783 0.5788768529891968
0.44213008880615234 0.6186529994010925
0.5584338903427124 0.6127843260765076
0.4229990839958191 0.548805296421051
0.5366089940071106 0.5475171804428101
0.4140855073928833 0.5621213316917419
0.552085280418396 0.5713316798210144
0.4279531240463257 0.6417345404624939
0.514153242111206 0.656033456325531
0.4119192063808441 0.5941145420074463
0.4813506603240967 0.6188933253288269
0.5132805705070496 0.6327425241470337
0.5240169167518616 0.5327639579772949
0.4143226742744446 0.606831431388855
0.5718620419502258 0.5913029909133911
0.5301485657691956 0.5233205556869507
0.405925452709198 0.6030903458595276
0.5206974148750305 0.6639537215232849
0.5046043992042542 0.5281837582588196
0.5727607011795044 0.5917761325836182
0.5422805547714233 0.5484132170677185
0.45796892046928406 0.5797324776649475
0.5068910121917725 0.6505998373031616
0.478201299905777 0.5103193521499634
0.44228482246398926 0.6217624545097351
0.43740326166152954 0.6003038883209229
0.44329747557640076 0.5404903888702393
0.48993557691574097 0.5202418565750122
0.49420616030693054 0.5560839176177979
0.4053348898887634 0.5583553910255432
0.45521703362464905 0.600092887878418
0.40587449073791504 0.5869238376617432
0.48178181052207947 0.6285027861595154
0.4976849853992462 0.5753620862960815
0.43241167068481445 0.5567742586135864
0.47688621282577515 0.5746970176696777
0.41843438148498535 0.6062371134757996
0.4221572279930115 0.589716911315918
0.5342609286308289 0.5790344476699829
0.4672408998012543 0.6169151663780212
0.4799707531929016 0.5120891332626343
0.5557741522789001 0.6065760254859924
0.4542463719844818 0.5097224712371826
0.531045138835907 0.6069437861442566
0.5091638565063477 0.5708260536193848
0.4286098778247833 0.555196225643158
0.48643040657043457 0.5569722652435303
0.47839221358299255 0.6517503261566162
0.5550627708435059 0.5602397322654724
0.4429070055484772 0.5882477164268494
0.4962966740131378 0.5454877018928528
0.5726774334907532 0.5865886211395264
0.5373638868331909 0.5893943905830383
0.4936480224132538 0.5912487506866455
0.5586215853691101 0.5911295413970947
0.4485577344894409 0.5180225968360901
0.45760494470596313 0.5832133889198303
0.4337450861930847 0.5966206789016724
0.5426809787750244 0.5490742921829224
0.5257331132888794 0.5320881009101868
0.4241493046283722 0.5537816286087036
0.48941320180892944 0.5546891093254089
0.49233224987983704 0.6448768377304077
0.49204373359680176 0.6259735226631165
0.509331464767456 0.5804136395454407
0.435958594083786 0.5428950786590576
0.4707166254520416 0.5362932085990906
0.43521830439567566 0.5923711061477661
0.49701789021492004 0.6155208945274353
0.48228684067726135 0.6646429300308228
0.5152180790901184 0.5826152563095093
0.49137136340141296 0.5149495005607605
0.42367273569107056 0.5266277194023132
0.5716432929039001 0.575566828250885
0.5377833843231201 0.5433028340339661
0.4140317142009735 0.6211051940917969
0.4133354127407074 0.6246554255485535
0.5404978394508362 0.5616879463195801
0.44186943769454956 0.6145266890525818
0.4444475769996643 0.6324511170387268
0.5450782179832458 0.5859088897705078
0.4731370210647583 0.5781430602073669
0.4655587077140808 0.6250130534172058
0.47642943263053894 0.530523419380188
0.5342442393302917 0.6093615293502808
0.39884644746780396 0.604941189289093
0.4241095781326294 0.5898897051811218
0.552214503288269 0.5355961918830872
0.46967074275016785 0.6348980665206909
0.4025968313217163 0.6153979301452637
0.5627626180648804 0.5757320523262024
0.5359656810760498 0.5868420004844666
0.4818149507045746 0.5676028728485107
0.5511813163757324 0.6170334815979004
0.5387704968452454 0.6270796060562134
0.5069107413291931 0.5487802624702454
0.5415481328964233 0.6386634111404419
0.5680175423622131 0.5952877402305603
0.524396538734436 0.6394997835159302
0.54972243309021 0.6173486709594727
0.43706783652305603 0.5941271781921387
0.5330985188484192 0.6375099420547485
0.5122077465057373 0.645682692527771
0.4174481928348541 0.5335509181022644
0.41743355989456177 0.614971399307251
0.4419747591018677 0.629026472568512
0.41468456387519836 0.5445280075073242
0.4499957263469696 0.652372419834137
0.44082149863243103 0.5985013246536255
0.5688689351081848 0.5636115670204163
0.5505974888801575 0.546479344367981
0.4600198268890381 0.6638171672821045
0.5695819854736328 0.5533287525177002
0.45671966671943665 0.6078436374664307
0.5359312295913696 0.5807942152023315
0.4988608956336975 0.6218528747558594
0.43485894799232483 0.5625746250152588
0.539241373538971 0.5585541725158691
0.45814257860183716 0.5990548133850098
0.410492867231369 0.6079059839248657
0.4044557809829712 0.5738264918327332
0.5329287648200989 0.6122106909751892
0.3975984454154968 0.5849349498748779
0.5535572171211243 0.615455150604248
0.5691182017326355 0.5772274732589722
0.40080612897872925 0.5977752804756165
0.4378916323184967 0.6000784635543823
0.5120242834091187 0.6367663145065308
0.4570544958114624 0.5510793328285217
0.5430335998535156 0.5920290946960449
0.43716272711753845 0.572959303855896
0.45849111676216125 0.5134668946266174
0.39845743775367737 0.5905390977859497
0.5514849424362183 0.6208735704421997
0.4153651297092438 0.5873271226882935
0.4763548970222473 0.6191185712814331
0.5660718679428101 0.588590145111084
0.4511420428752899 0.6481100916862488
0.4842250943183899 0.623439610004425
0.4738335609436035 0.6372463703155518
0.5070107579231262 0.5423634648323059
0.5390211343765259 0.6327426433563232
0.4098093509674072 0.6155494451522827
0.5340969562530518 0.5788684487342834
0.39910823106765747 0.5788261294364929
0.4200657904148102 0.5516989231109619
0.46873098611831665 0.5990734100341797
0.5314170122146606 0.5378174781799316
0.5317089557647705 0.5752272009849548
0.4816259741783142 0.5840944647789001
0.4086698591709137 0.5627787709236145
0.5279474258422852 0.5926598906517029
0.40133070945739746 0.5756347179412842
0.47265222668647766 0.5887305736541748
0.5643645524978638 0.6018564105033875
0.4568209946155548 0.6465157270431519
0.472242146730423 0.6310088038444519
0.5210099816322327 0.6427034139633179
0.5253724455833435 0.6297498941421509
0.5395348072052002 0.5863214731216431
0.5228137373924255 0.5716165900230408
0.5394731760025024 0.5792645215988159
0.5603904128074646 0.5705676078796387
0.4137752652168274 0.5823609232902527
0.4452315866947174 0.5600408911705017
0.41794878244400024 0.6050603985786438
0.46931928396224976 0.5550529360771179
0.4477153718471527 0.5577791333198547
0.4071478545665741 0.6163718104362488
0.4076898694038391 0.5821354985237122
0.4190807640552521 0.5534222722053528
0.5130934119224548 0.5961210131645203
0.42065951228141785 0.609009325504303
0.49680203199386597 0.5177003145217896
0.4382757544517517 0.5313290953636169
0.3990369141101837 0.5855560898780823
0.5482730865478516 0.5708208680152893
0.5317292809486389 0.6214075088500977
0.4229474663734436 0.6385872960090637
0.5554540753364563 0.613706111907959
0.46525225043296814 0.5925664305686951
0.4064990282058716 0.5617747902870178
0.5590323209762573 0.605679988861084
0.5216353535652161 0.6424773931503296
0.5276536345481873 0.631840169429779
0.4069945812225342 0.560981035232544
0.4380472004413605 0.5399454832077026
0.4642845094203949 0.5115407109260559
0.4367758631706238 0.5625084638595581
0.5144422650337219 0.5173534750938416
0.41203585267066956 0.6296041011810303
0.41597527265548706 0.5977620482444763
0.48947638273239136 0.6072107553482056
0.43849608302116394 0.6074470281600952
0.402058482170105 0.5837769508361816
0.49922165274620056 0.6182180643081665
0.5447338819503784 0.5379392504692078
0.551511824131012 0.5844629406929016
0.44312477111816406 0.5816863179206848
0.39878585934638977 0.599583625793457
0.4617841839790344 0.5948875546455383
0.5426632761955261 0.6442857384681702
0.5297068357467651 0.6591659784317017
0.49948638677597046 0.5410917401313782
0.4795255661010742 0.626588761806488
0.48429185152053833 0.5875393748283386
0.4866985082626343 0.5541950464248657
0.5087094306945801 0.5768135190010071
0.44815418124198914 0.6177896857261658
0.4957062005996704 0.5248636603355408
0.504844069480896 0.5560758113861084
0.5376884937286377 0.630622148513794
0.4390096068382263 0.6506608724594116
0.5511077642440796 0.6295939087867737
0.563399076461792 0.5650007724761963
0.4119482636451721 0.6226699352264404
0.43478140234947205 0.5555627346038818
0.5532806515693665 0.5519823431968689
0.43217363953590393 0.5699239373207092
0.5032356977462769 0.6218411922454834
0.44342923164367676 0.6492781639099121
0.4486089050769806 0.5843839645385742
0.5152440071105957 0.6285167932510376
0.5344380736351013 0.5862385034561157
0.45183703303337097 0.6062783598899841
0.5167697072029114 0.6579042673110962
0.4939877688884735 0.5028500556945801
0.4905742108821869 0.5854945182800293
0.5324293375015259 0.5854057669639587
0.5292548537254333 0.5691676139831543
0.5180073976516724 0.5189608931541443
0.5214666724205017 0.5569025874137878
0.5505335927009583 0.5341957211494446
0.42806535959243774 0.6155266761779785
0.4721713066101074 0.5272784233093262
0.48704224824905396 0.5062536001205444
0.5568693280220032 0.5554368495941162
0.5270336866378784 0.633737325668335
0.40018272399902344 0.5881459712982178
0.4492558538913727 0.6491342782974243
0.4684790074825287 0.6132568717002869
0.4751099646091461 0.5285881161689758
0.4115524888038635 0.6101443767547607
0.46024805307388306 0.5904447436332703
0.46721237897872925 0.5925896763801575
0.4887288510799408 0.6532611846923828
0.4813562333583832 0.6305420398712158
0.53589928150177 0.5189546942710876
0.430867463350296 0.5888398885726929
0.5377422571182251 0.6304663419723511
0.5594764351844788 0.6061252951622009
0.4896220564842224 0.6079295873641968
0.4358966052532196 0.5506592988967896
0.5491023659706116 0.5962138175964355
0.5623092651367188 0.5874077081680298
0.5398404598236084 0.527208685874939
0.4566807150840759 0.605050802230835
0.5591147541999817 0.5515704154968262
0.5402349233627319 0.5466576814651489
0.5114759206771851 0.5942891836166382
0.3980911076068878 0.5888755917549133
0.40421822667121887 0.6166165471076965
0.5005643367767334 0.6139768958091736
0.5259755849838257 0.6217542886734009
0.4372062385082245 0.6307011842727661
0.5730168223381042 0.5744280219078064
0.48859307169914246 0.5204370021820068
0.4849974811077118 0.5058974623680115
0.4868741035461426 0.521030843257904
0.42019009590148926 0.5568503141403198
0.43642446398735046 0.6284540891647339
0.4212137460708618 0.6334741115570068
0.5096694231033325 0.6137466430664062
0.48693400621414185 0.5205609202384949
0.5490061640739441 0.6162890791893005
0.48471498489379883 0.6363031268119812
0.4432547986507416 0.5703679919242859
0.5549366474151611 0.5804727077484131
0.49873995780944824 0.5131860375404358
0.39919835329055786 0.5987803339958191
0.5571105480194092 0.5731815099716187
0.4204026758670807 0.5799463987350464
0.42354288697242737 0.6220839619636536
0.5202305316925049 0.5193232893943787
0.44519925117492676 0.5444484949111938
0.4460812509059906 0.6271283030509949
0.5400108695030212 0.6007184386253357
0.5380011796951294 0.583713948726654
0.5433505177497864 0.5779538154602051
0.5679595470428467 0.5665525197982788
0.5510815382003784 0.59641033411026
0.4104546308517456 0.6259161233901978
0.46101415157318115 0.5870596170425415
0.5741095542907715 0.5783689022064209
0.5300237536430359 0.6237135529518127
0.546049177646637 0.5633851885795593
0.5514855980873108 0.5757227540016174
0.48931387066841125 0.5435262322425842
0.5147575736045837 0.5930920839309692
0.4799656271934509 0.5469918251037598
0.5708465576171875 0.5729309320449829
0.5379286408424377 0.5237087607383728
0.4550665318965912 0.516419529914856
0.4197070598602295 0.6164743900299072
0.40018677711486816 0.6029451489448547
0.4853383004665375 0.5139856338500977
0.4511567950248718 0.5833855867385864
0.5265356302261353 0.5590817332267761
0.48992517590522766 0.6396104097366333
0.4518141746520996 0.6585589051246643
0.5230553150177002 0.5724848508834839
0.45889025926589966 0.6152291297912598
0.4632434844970703 0.6325995326042175
0.535845160484314 0.5728051066398621
0.4629508852958679 0.5832510590553284
0.4592798352241516 0.5538923740386963
0.4706726372241974 0.508938729763031
0.5559723377227783 0.5952875018119812
0.526868999004364 0.6220865249633789
0.44712379574775696 0.5111880898475647
0.46860623359680176 0.5309334993362427
0.4918056130409241 0.6535114645957947
0.5334756970405579 0.6245068907737732
0.5480812788009644 0.573229193687439
0.46731939911842346 0.5584905743598938
0.4230771064758301 0.6215548515319824
0.44228583574295044 0.5428667068481445
0.4768763780593872 0.6087892651557922
0.42807650566101074 0.5348666906356812
0.4745951294898987 0.6411225199699402
0.547827959060669 0.6322407126426697
0.4037546217441559 0.5911381840705872
0.5634012818336487 0.5775469541549683
0.4354817569255829 0.6423320174217224
0.49000564217567444 0.5050541758537292
0.42938530445098877 0.645710289478302
0.461912602186203 0.5444897413253784
0.5315287113189697 0.5291621088981628
0.40218478441238403 0.5890287756919861
0.5431209206581116 0.594093382358551
0.5383885502815247 0.6483822464942932
0.5228235125541687 0.5588616728782654
0.4625261723995209 0.6540622711181641
0.4758918285369873 0.607562780380249
0.5123095512390137 0.6081465482711792
0.4926173985004425 0.6242858171463013
0.5628108978271484 0.6068999767303467
0.5493535995483398 0.572879433631897
0.4643721282482147 0.5309935212135315
0.5047325491905212 0.5699455142021179
0.46233510971069336 0.6059263944625854
0.43762829899787903 0.5582478046417236
0.4346402585506439 0.5540720820426941
0.4342418611049652 0.5320213437080383
0.5399049520492554 0.5895094871520996
0.5305888056755066 0.6574012041091919
0.5132907629013062 0.5197171568870544
0.5445845723152161 0.601837694644928
0.4318145513534546 0.5332628488540649
0.5293419361114502 0.6161577105522156
0.5621045827865601 0.5812616944313049
0.41110217571258545 0.6067941784858704
0.4775591790676117 0.5235216617584229
0.5471991300582886 0.5819142460823059
0.47271549701690674 0.5496899485588074
0.5210480093955994 0.5818495154380798
0.4680650532245636 0.5440772175788879
0.4491451382637024 0.6020402908325195
0.48358726501464844 0.6280162930488586
0.5416630506515503 0.6192697286605835
0.5257006287574768 0.5823126435279846
0.45451757311820984 0.5949463844299316
0.46849581599235535 0.5089429616928101
0.509843647480011 0.5180704593658447
0.4628349542617798 0.6335293650627136
0.5135719180107117 0.5840508341789246
0.47650909423828125 0.5475025177001953
0.422340989112854 0.5517953634262085
0.5738992094993591 0.5846255421638489
0.5148741602897644 0.6322864890098572
0.5680944323539734 0.5495676398277283
0.517459511756897 0.5627163648605347
0.43784424662590027 0.5198904871940613
0.5724906325340271 0.5883198976516724
0.46623310446739197 0.5487496852874756
0.4371596574783325 0.6520820260047913
0.549899160861969 0.5377302765846252
0.5325071811676025 0.5368631482124329
0.4515468180179596 0.6031620502471924
0.5324872136116028 0.5653257966041565
0.46872150897979736 0.5570718050003052
0.5105729699134827 0.6647912859916687
0.5030128359794617 0.5050126314163208
0.48614490032196045 0.6475383639335632
0.47017452120780945 0.562652051448822
0.44640445709228516 0.531230628490448
0.4981834292411804 0.5269671082496643
0.4616810977458954 0.523374080657959
0.41807225346565247 0.6253618001937866
0.5619103312492371 0.6048444509506226
0.5669341087341309 0.5982785224914551
0.5201044678688049 0.5969914793968201
0.5420342683792114 0.6036137938499451
0.5687603950500488 0.5895002484321594
0.5507416129112244 0.5481060743331909
0.48901695013046265 0.5866382122039795
0.4580468237400055 0.5077452063560486
0.5079641342163086 0.513319194316864
0.5578022003173828 0.6049286127090454
0.4763951003551483 0.6183320879936218
0.5070931315422058 0.6644043922424316
0.4265095293521881 0.6376223564147949
0.5172411799430847 0.5181002020835876
0.4690188765525818 0.6433602571487427
0.5033711791038513 0.6106466054916382
0.5173207521438599 0.57156902551651
0.4433627724647522 0.5704190135002136
0.5614556074142456 0.5967787504196167
0.4043038487434387 0.5885326266288757
0.525419294834137 0.5307008624076843
0.4426686465740204 0.6183690428733826
0.5108654499053955 0.5466098189353943
0.5744710564613342 0.5837985277175903
0.43026986718177795 0.6381188035011292
0.5678678154945374 0.6049907207489014
0.40034136176109314 0.6084334850311279
0.4850597679615021 0.5694888830184937
0.5706818699836731 0.5904108881950378
0.46790897846221924 0.5976427793502808
0.4930366575717926 0.5373393893241882
0.4600827991962433 0.5793699622154236
0.43275266885757446 0.5733678936958313
0.5131798386573792 0.5647761225700378
0.5560281872749329 0.6173546314239502
0.5148563385009766 0.6646860837936401
0.4069545865058899 0.6138666272163391
0.4584988057613373 0.651043176651001
0.4850664734840393 0.5451849102973938
0.541720449924469 0.5775253772735596
0.5602434873580933 0.6048129200935364
0.5063043832778931 0.5186879634857178
0.5504661202430725 0.5621901750564575
0.39918527007102966 0.579006552696228
0.5427910685539246 0.5899516940116882
0.5019376873970032 0.5892852544784546
0.5489005446434021 0.6268835067749023
0.4483133554458618 0.553413987159729
0.5161569714546204 0.5821322202682495
0.4941435754299164 0.6275025010108948
0.4852503836154938 0.5575461387634277
0.543533444404602 0.6188487410545349
0.4143577516078949 0.5861659646034241
0.5679923892021179 0.5721061825752258
0.4324948489665985 0.6357702612876892
0.5209634304046631 0.6290571689605713
0.5414103865623474 0.5900813937187195
0.4184928834438324 0.547711968421936
0.4251422882080078 0.5712543725967407
0.45552220940589905 0.6431106925010681
0.5379013419151306 0.6149963140487671
0.44109392166137695 0.5899099707603455
0.4744071662425995 0.659038245677948
0.47758749127388 0.5248074531555176
0.42769548296928406 0.5922852754592896
0.5318430066108704 0.5243136286735535
0.44160690903663635 0.6000245213508606
0.462752103805542 0.5677857995033264
0.5320133566856384 0.6260219216346741
0.4984992742538452 0.5048512816429138
0.5304349660873413 0.5726475715637207
0.5562923550605774 0.5678298473358154
0.5573275089263916 0.5712311863899231
0.4517837464809418 0.5248432159423828
0.4454646706581116 0.6477593183517456
0.4187608063220978 0.6040355563163757
0.5128995180130005 0.6404941082000732
0.4043588936328888 0.5855687856674194
0.5624297857284546 0.5856795907020569
0.5161231756210327 0.6405575275421143
0.5427436232566833 0.549553632736206
0.5219871401786804 0.6241685152053833
0.5090646743774414 0.508966863155365
0.47910791635513306 0.5243317484855652
0.5373597145080566 0.5730239152908325
0.45385807752609253 0.5441879034042358
0.5302516222000122 0.6266728639602661
0.40361467003822327 0.5609902739524841
0.4209614396095276 0.6275964379310608
0.5184667706489563 0.5786675214767456
0.5265901684761047 0.6316718459129333
0.4567755460739136 0.5334919691085815
0.4303891658782959 0.5493746995925903
0.42903658747673035 0.616219162940979
0.4144934117794037 0.5513272881507874
0.40247276425361633 0.5885775685310364
0.4862756133079529 0.571464478969574
0.5337405800819397 0.5808963775634766
0.5625645518302917 0.555882453918457
0.41853803396224976 0.6008421182632446
0.570152759552002 0.5742703080177307
0.502974808216095 0.5064609050750732
0.5549913644790649 0.5980895757675171
0.4856114089488983 0.6240475177764893
0.4288136661052704 0.5875331163406372
0.5303862690925598 0.5330467820167542
0.47186943888664246 0.5299001932144165
0.47796162962913513 0.5464139580726624
0.44691792130470276 0.5261741280555725
0.4810582399368286 0.5664151310920715
0.43650388717651367 0.5541530847549438
0.4855521619319916 0.5718945264816284
0.45273035764694214 0.6331283450126648
0.4340384602546692 0.6263630986213684
0.5702484250068665 0.5783637166023254
0.4393162131309509 0.5284364223480225
0.57015460729599 0.5694701075553894
0.5082539916038513 0.6195552349090576
0.4355892837047577 0.5635812282562256
0.41356027126312256 0.6016515493392944
0.5609937310218811 0.6091669201850891
0.5077725648880005 0.5528386831283569
0.5365610122680664 0.5969454646110535
0.5480711460113525 0.6342034339904785
0.4741035997867584 0.6270866394042969
0.5513910055160522 0.6047140955924988
0.42561987042427063 0.5505404472351074
0.4969678521156311 0.6282199621200562
0.4480310380458832 0.6179397702217102
0.40082451701164246 0.574886679649353
0.4122680127620697 0.6024966239929199
0.528196394443512 0.5782503485679626
0.4241972267627716 0.5603650212287903
0.49386629462242126 0.5324318408966064
0.4676244556903839 0.5415668487548828
0.4956868886947632 0.5196190476417542
0.48282575607299805 0.6131947040557861
0.4461096227169037 0.5114065408706665
0.4691276550292969 0.5354540944099426
0.5376316905021667 0.520520031452179
0.4435291290283203 0.6174880862236023
0.4297633469104767 0.6224775314331055
0.46223700046539307 0.6611071228981018
0.4161139726638794 0.6234291195869446
0.5589233636856079 0.6006377935409546
0.4206938147544861 0.626961886882782
0.4238436222076416 0.6250684857368469
0.5649010539054871 0.5685845017433167
0.5672867298126221 0.5930981040000916
0.41541916131973267 0.5681602358818054
0.5719999670982361 0.591764509677887
0.5559285879135132 0.5792696475982666
0.5230818390846252 0.6001120805740356
0.4887162744998932 0.6237965822219849
0.4658827483654022 0.5349093079566956
0.4522635340690613 0.5641525983810425
0.440729022026062 0.5992076992988586
0.5005536675453186 0.5726608037948608
0.43369394540786743 0.5482420921325684
0.43451401591300964 0.6252915263175964
0.5457432270050049 0.5973497033119202
0.4572731554508209 0.6327172517776489
0.4477543234825134 0.5676984786987305
0.5252155661582947 0.5207017064094543
0.5359614491462708 0.5659662485122681
0.46277034282684326 0.6548897624015808
0.4062982201576233 0.6209931969642639
0.5463448166847229 0.6144776940345764
0.46232712268829346 0.6018552184104919
0.5680307149887085 0.5929274559020996
0.4718630313873291 0.5813452005386353
0.4865383207798004 0.6114192605018616
0.5433207154273987 0.5965478420257568
0.39960113167762756 0.605456531047821
0.4863329827785492 0.589412271976471
0.5665820240974426 0.5618470907211304
0.4625322222709656 0.6497832536697388
0.5552234053611755 0.5670227408409119
0.4017128646373749 0.5816285610198975
0.4075500965118408 0.5648700594902039
0.5585597157478333 0.6059798002243042
0.4709692895412445 0.5293494462966919
0.5562838912010193 0.6203947067260742
0.5217968225479126 0.5891862511634827
0.43995559215545654 0.6140137910842896
0.5650266408920288 0.5744934678077698
0.4775705337524414 0.662278950214386
0.5167701244354248 0.5525116920471191
0.4945890009403229 0.6175981760025024
0.3993260860443115 0.6029157638549805
0.44954127073287964 0.5634944438934326
0.49839407205581665 0.5404826998710632
0.4953784644603729 0.5305467247962952
0.5226406455039978 0.5998881459236145
0.45282408595085144 0.6007066965103149
0.5186359882354736 0.6425464749336243
0.5375128388404846 0.6290727257728577
0.5593770742416382 0.5504565238952637
0.46925753355026245 0.5679710507392883
0.47769221663475037 0.517564594745636
0.4681203067302704 0.5772768259048462
0.5557756423950195 0.547103226184845
0.3976888954639435 0.5828847885131836
0.45682618021965027 0.5107355713844299
0.5567253828048706 0.6077451705932617
0.46341031789779663 0.5829727053642273
0.4948197603225708 0.6425756812095642
0.44141092896461487 0.6406130790710449
0.4359961152076721 0.6442050933837891
0.445841521024704 0.5781076550483704
0.5066808462142944 0.62041836977005
0.5208055973052979 0.5673550963401794
0.40019845962524414 0.5932691693305969
0.5368208885192871 0.6127565503120422
0.4801216423511505 0.6514814496040344
0.42459413409233093 0.5509862303733826
0.48029524087905884 0.60481858253479
0.508680522441864 0.6165862083435059
0.49683257937431335 0.5164827108383179
0.4200054705142975 0.5866105556488037
0.44371846318244934 0.5498576164245605
0.5078471899032593 0.5885972380638123
0.48998984694480896 0.6647959351539612
0.4979116916656494 0.5998647809028625
0.455035537481308 0.5500801801681519
0.48865431547164917 0.5132817625999451
0.543698251247406 0.6379148364067078
0.4935525953769684 0.6229482889175415
0.42849817872047424 0.5911293625831604
0.5581467747688293 0.5456452369689941
0.47556963562965393 0.5050427913665771
0.42838215827941895 0.6281508207321167
0.4330451786518097 0.5217797756195068
0.5447791814804077 0.6368767619132996
0.46519410610198975 0.5401788353919983
0.4185011684894562 0.5870628356933594
0.4677368402481079 0.5566987991333008
0.5384506583213806 0.5823899507522583
0.39993369579315186 0.5991149544715881
0.5624620318412781 0.5849552750587463
0.47998905181884766 0.6592123508453369
0.4285828769207001 0.6029096841812134
0.44779306650161743 0.5962372422218323
0.4008057117462158 0.6064435243606567
0.43338483572006226 0.5679830312728882
0.4806389808654785 0.527389645576477
0.5180990099906921 0.6536134481430054
0.45108485221862793 0.5736876130104065
0.4741499722003937 0.5391221046447754
0.4540468454360962 0.5128989815711975
0.40775266289711 0.5549526214599609
0.4481339752674103 0.6420120596885681
0.48187172412872314 0.579460620880127
0.4003359377384186 0.586250364780426
0.4890037477016449 0.5193156003952026
0.46643441915512085 0.5447075366973877
0.3992074728012085 0.5718139410018921
0.42264145612716675 0.6114023923873901
0.46020641922950745 0.5164399743080139
0.46251410245895386 0.5533213019371033
0.485424667596817 0.5168656706809998
0.5399544835090637 0.6164839863777161
0.42665722966194153 0.6056913137435913
0.4341054856777191 0.6356422901153564
0.5254201292991638 0.6500082015991211
0.5479596853256226 0.6176761388778687
0.4444043040275574 0.6143351793289185
0.41081729531288147 0.5948251485824585
0.4022384583950043 0.582592785358429
0.5605478882789612 0.6120497584342957
0.4397032856941223 0.6005792021751404
0.4892539978027344 0.5260844826698303
0.4532150626182556 0.6032366156578064
0.47078102827072144 0.5578708648681641
0.4236685633659363 0.5745576620101929
0.3994332551956177 0.5709540247917175
0.5271943211555481 0.6330271363258362
0.5578595995903015 0.6115289926528931
0.4362563192844391 0.5415706634521484
0.4304366111755371 0.5317379832267761
0.4089197516441345 0.5895658135414124
0.5315389037132263 0.5515278577804565
0.4233444929122925 0.6122982501983643
0.526004433631897 0.5653718709945679
0.5245842337608337 0.5440853834152222
0.5608843564987183 0.5916212201118469
0.5644077658653259 0.5955483913421631
0.5297304391860962 0.5643071532249451
0.5292571187019348 0.5715765953063965
0.40900301933288574 0.5953600406646729
0.4651395082473755 0.5708092451095581
0.5379407405853271 0.5700421333312988
0.4355827271938324 0.6432358622550964
0.5242904424667358 0.6000945568084717
0.5017509460449219 0.6309837698936462
0.4934573471546173 0.5810401439666748
0.44897210597991943 0.6381897330284119
0.5155637860298157 0.5101552605628967
0.4399704039096832 0.5152198672294617
0.4261108636856079 0.6311537027359009
0.4398484528064728 0.6410860419273376
0.561935305595398 0.5866637825965881
0.5550683736801147 0.6192871332168579
0.5686225891113281 0.5911213755607605
0.4044712781906128 0.5948434472084045
0.5181724429130554 0.6295914649963379
0.41491809487342834 0.5393664240837097
0.5595155954360962 0.5879397988319397
0.5305548310279846 0.5622199773788452
0.5179480314254761 0.5989388823509216
0.5691723823547363 0.5980191230773926
0.4522315263748169 0.5759970545768738
0.5635538697242737 0.6150799989700317
0.5589277148246765 0.5891270041465759
0.4734419882297516 0.6123990416526794
0.42294660210609436 0.5460245609283447
0.5029087066650391 0.6161675453186035
0.4038538336753845 0.5787076354026794
0.5361390113830566 0.6385895609855652
0.39884817600250244 0.6052464246749878
0.43646854162216187 0.606846809387207
0.4572790861129761 0.6275011301040649
0.5201831459999084 0.6341026425361633
0.4580760598182678 0.5718160271644592
0.4997861981391907 0.6029859185218811
0.47554129362106323 0.565826952457428
0.45711812376976013 0.6267545223236084
0.5210896730422974 0.6415908336639404
0.44182729721069336 0.6294156312942505
0.5705407857894897 0.5806053280830383
0.5054119229316711 0.539108395576477
0.42604994773864746 0.5287500023841858
0.5348655581474304 0.5973913669586182
0.5302894711494446 0.5502321720123291
0.4874679148197174 0.6053465604782104
0.5290653705596924 0.5870453715324402
0.46966618299484253 0.6384251117706299
0.5625365376472473 0.5812793970108032
0.5278017520904541 0.5537757277488708
0.5232725739479065 0.5143259167671204
0.4647943675518036 0.6494640111923218
0.4919150769710541 0.5467769503593445
0.47039327025413513 0.6496939659118652
0.5440146327018738 0.5536388158798218
0.5128290057182312 0.5257598161697388
0.4551870822906494 0.5390315651893616
0.42467400431632996 0.6031603813171387
0.4650527834892273 0.6173303127288818
0.4991515874862671 0.5849199295043945
0.5651435256004333 0.5804639458656311
0.4815700352191925 0.6474833488464355
0.517516016960144 0.5109783411026001
0.4072195291519165 0.6199796795845032
0.4687698781490326 0.5243499875068665
0.4332275092601776 0.5507895946502686
0.540038526058197 0.5604032278060913
0.4325430691242218 0.5191271305084229
0.4858969449996948 0.5692221522331238
0.4658644199371338 0.5065338611602783
0.4240354597568512 0.5437454581260681
0.483214795589447 0.5400497913360596
0.47913825511932373 0.6516925692558289
0.4332401156425476 0.6048216819763184
0.4668180048465729 0.6182798743247986
0.5514540076255798 0.5673370957374573
0.47199928760528564 0.6575562953948975
0.5361505150794983 0.641366183757782
0.47192567586898804 0.6536821722984314
0.5656406283378601 0.5782862305641174
0.5560927987098694 0.6150038242340088
0.4612172842025757 0.6356594562530518
0.4641989469528198 0.5289905071258545
0.4296407699584961 0.6415078639984131
0.41025376319885254 0.5576781630516052
0.5439967513084412 0.6437078714370728
0.44269219040870667 0.5493618845939636
0.5313630700111389 0.5618581771850586
0.45382794737815857 0.5911957621574402
0.43254873156547546 0.5875831842422485
0.4504914879798889 0.5455015301704407
0.510691225528717 0.6591960191726685
0.4795842170715332 0.5038712024688721
0.4023541212081909 0.5636942982673645
0.46141836047172546 0.5913661122322083
0.549620509147644 0.5388987064361572
0.4234803318977356 0.5400180816650391
0.47770455479621887 0.5220425724983215
0.44174888730049133 0.550090491771698
0.4464704394340515 0.5349980592727661
0.5719721913337708 0.578255295753479
0.4878670871257782 0.5258914828300476
0.513164222240448 0.6425586938858032
0.5457303524017334 0.5330550074577332
0.4214215576648712 0.6132049560546875
0.5003976821899414 0.5888049602508545
0.5128266215324402 0.6274009346961975
0.5193269848823547 0.654268741607666
0.49590229988098145 0.5664727687835693
0.4687981605529785 0.6025456786155701
0.45591306686401367 0.56686931848526
0.5339521765708923 0.6178538799285889
0.5046626925468445 0.5343064069747925
0.5689947605133057 0.5868963599205017
0.5624091029167175 0.5957140922546387
0.527471125125885 0.5298404693603516
0.5158494114875793 0.6319672465324402
0.5296321511268616 0.5859662294387817
0.42102572321891785 0.6249169111251831
0.40470948815345764 0.5647431015968323
0.4948755204677582 0.661410391330719
0.45248547196388245 0.5905751585960388
0.42073822021484375 0.6216895580291748
0.44131025671958923 0.5657866597175598
0.48102763295173645 0.6055373549461365
0.4402714967727661 0.620080828666687
0.5198327898979187 0.535783052444458
0.5696044564247131 0.5699719190597534
0.49799618124961853 0.6365479826927185
0.45091086626052856 0.5653955936431885
0.5434988737106323 0.5319876074790955
0.3992375433444977 0.591009795665741
0.5446946620941162 0.6130173802375793
0.5358802676200867 0.5197219848632812
0.5378001928329468 0.5890148878097534
0.5424538254737854 0.5386984944343567
0.48516255617141724 0.6170201897621155
0.5067116618156433 0.5310608744621277
0.4956681728363037 0.5494139790534973
0.43118953704833984 0.5929419994354248
0.5228651762008667 0.5728428959846497
0.4446316361427307 0.5158414840698242
0.48046350479125977 0.5257618427276611
0.41749411821365356 0.5641579627990723
0.49813324213027954 0.5223343372344971
0.5525434017181396 0.6128712296485901
0.5622332096099854 0.5688275694847107
0.4293806850910187 0.5979501008987427
0.5488483905792236 0.6107199192047119
0.4872412383556366 0.6543949246406555
0.554055392742157 0.6216970682144165
0.41944175958633423 0.5444269180297852
0.5429584383964539 0.6234930157661438
0.4750196039676666 0.5426137447357178
0.5681504607200623 0.6030870676040649
0.4599415063858032 0.5428681373596191
0.5483468770980835 0.532086193561554
0.4799945652484894 0.6492164731025696
0.49834656715393066 0.523912787437439
0.44244903326034546 0.5601672530174255
0.41860029101371765 0.5826866030693054
0.41488176584243774 0.6300486922264099
0.48161908984184265 0.6381152272224426
0.4663800597190857 0.6055946350097656
0.5580090880393982 0.5822120308876038
0.45508015155792236 0.5324205160140991
0.44690021872520447 0.5265063643455505
0.45690324902534485 0.6292750239372253
0.48404836654663086 0.5815170407295227
0.4740932285785675 0.516388475894928
0.4083537459373474 0.5950028300285339
0.4691413640975952 0.5268350839614868
0.42148515582084656 0.5665985345840454
0.5483044385910034 0.5628083944320679
0.4771026074886322 0.5701810121536255
0.43123859167099 0.5931465029716492
0.564750075340271 0.5802827477455139
0.432904452085495 0.6330560445785522
0.5235404372215271 0.5978955626487732
0.4221525192260742 0.6216538548469543
0.4044520854949951 0.5664634108543396
0.5540744662284851 0.5596049427986145
0.41058796644210815 0.553059995174408
0.5241982340812683 0.5467634201049805
0.46380504965782166 0.5510193705558777
0.4881669878959656 0.5573844313621521
0.500403106212616 0.6159906983375549
0.4343465566635132 0.592909038066864
0.5049165487289429 0.5197592973709106
0.409682035446167 0.5467644333839417
0.4701516032218933 0.5146185755729675
0.5465747714042664 0.6400214433670044
0.45381590723991394 0.6268503069877625
0.4015597999095917 0.5779618620872498
0.45230165123939514 0.5378080606460571
0.5351455807685852 0.5696002840995789
0.5244496464729309 0.5538854002952576
0.5139417052268982 0.6248149871826172
0.5526100993156433 0.5825615525245667
0.41248849034309387 0.6045200228691101
0.45055490732192993 0.5158762335777283
0.40060004591941833 0.6095145344734192
0.5249379873275757 0.5577784776687622
0.43847906589508057 0.5523651838302612
0.49306005239486694 0.5206159353256226
0.5486840009689331 0.6179786324501038
0.4508702754974365 0.5870598554611206
0.5208579301834106 0.5877605676651001
0.4567476809024811 0.6312376856803894
0.47164639830589294 0.5861376523971558
0.46068495512008667 0.5831565856933594
0.5006483793258667 0.5299257040023804
0.565330982208252 0.5868192315101624
0.5567076802253723 0.5989711880683899
0.5194141268730164 0.6431137323379517
0.5268723368644714 0.6019867062568665
0.43669113516807556 0.5550137162208557
0.4742541015148163 0.5946454405784607
0.4951363503932953 0.6395821571350098
0.4674152731895447 0.5705849528312683
0.4387718439102173 0.5458077192306519
0.5054624080657959 0.5627474188804626
0.431769996881485 0.6383238434791565
0.4545764923095703 0.6107193231582642
0.47496965527534485 0.5897457003593445
0.5647848844528198 0.5648238658905029
0.46048519015312195 0.5889636874198914
0.482201486825943 0.5881415605545044
0.5472229719161987 0.5401095151901245
0.40877318382263184 0.5653234720230103
0.49862948060035706 0.5591615438461304
0.5523519515991211 0.5618086457252502
0.5506488680839539 0.6283191442489624
0.43307995796203613 0.5220463275909424
0.46272072196006775 0.5135833621025085
0.5268647074699402 0.5884286165237427
0.4162827730178833 0.5438067317008972
0.5381589531898499 0.6150291562080383
0.4435618817806244 0.5726810693740845
0.5311332941055298 0.6412393450737
0.46934065222740173 0.6561311483383179
0.501914381980896 0.6184524893760681
0.42886650562286377 0.6108202338218689
0.4590087831020355 0.551258385181427
0.49282100796699524 0.5441396832466125
0.4943254590034485 0.5488112568855286
0.5429444313049316 0.6105108857154846
0.4483501613140106 0.5869694948196411
0.4164625406265259 0.5430557727813721
0.5227586030960083 0.6013109683990479
0.41873300075531006 0.6149780750274658
0.5218700170516968 0.5904148817062378
0.4449601471424103 0.6100000143051147
0.5684088468551636 0.5951743721961975
0.5328786969184875 0.6351372599601746
0.40056851506233215 0.5690870881080627
0.447707861661911 0.5848777294158936
0.4498796761035919 0.5261025428771973
0.5430583953857422 0.6226286888122559
0.4756470322608948 0.6278111338615417
0.491413414478302 0.536771833896637
0.44874170422554016 0.5702845454216003
0.5490180850028992 0.5650283694267273
0.5169290900230408 0.618104875087738
0.539764940738678 0.6379438638687134
0.5588706731796265 0.5910614132881165
0.5405853986740112 0.5657576322555542
0.4264369010925293 0.5290261507034302
0.4577520489692688 0.5310786366462708
0.4160708785057068 0.6297773718833923
0.5549352765083313 0.5681805610656738
0.5297480225563049 0.5730149149894714
0.4657957851886749 0.6620019674301147
0.5696823596954346 0.5993788838386536
0.5240292549133301 0.5991830825805664
0.5122641324996948 0.562631368637085
0.5201601386070251 0.5580629110336304
0.5014084577560425 0.6348523497581482
0.48517611622810364 0.5847271680831909
0.41287359595298767 0.5623661875724792
0.4645054340362549 0.5941696763038635
0.5740609169006348 0.583953320980072
0.5138755440711975 0.6315430402755737
0.47049763798713684 0.5065856575965881
0.5598215460777283 0.6174737215042114
0.4685382544994354 0.6179519891738892
0.5307779312133789 0.6099357008934021
0.4586962163448334 0.5427067279815674
0.424744188785553 0.6154215335845947
0.5145567059516907 0.6655145287513733
0.4705626666545868 0.6546213626861572
0.4016527831554413 0.6093519330024719
0.4566216468811035 0.6310059428215027
0.5133638978004456 0.5869749784469604
0.4778890609741211 0.6445563435554504
0.41777023673057556 0.552163302898407
0.5679013729095459 0.5950323939323425
0.4308285415172577 0.5339049100875854
0.5124745965003967 0.5482001304626465
0.40106210112571716 0.5841454863548279
0.5293774008750916 0.6498157978057861
0.534633994102478 0.6389679908752441
0.5088637471199036 0.598942756652832
0.44465216994285583 0.5753201246261597
0.5024862289428711 0.5868922472000122
0.4388745129108429 0.5416172742843628
0.508996307849884 0.5918335914611816
0.5724768042564392 0.5908468961715698
0.43046876788139343 0.6213650703430176
0.5589160919189453 0.614576518535614
0.4299135208129883 0.5297796726226807
0.40298429131507874 0.6116667985916138
0.40769028663635254 0.5517335534095764
0.4533340334892273 0.5462855100631714
0.563237190246582 0.6028140187263489
0.4918645918369293 0.6288387179374695
0.48251253366470337 0.5632519125938416
0.5178413987159729 0.5921704769134521
0.5183224678039551 0.6424925923347473
0.40600866079330444 0.5674234628677368
0.4647708535194397 0.6613020300865173
0.47545409202575684 0.6460720896720886
0.5296948552131653 0.5736660361289978
0.5263598561286926 0.5979737043380737
0.445046067237854 0.6306270360946655
0.406889945268631 0.557864248752594
0.5245590209960938 0.5775670409202576
0.4448465406894684 0.6046369671821594
0.4336298704147339 0.597537100315094
0.568300724029541 0.5483313202857971
0.45067381858825684 0.6272754669189453
0.4150012135505676 0.5971464514732361
0.48165059089660645 0.6655642986297607
0.5013997554779053 0.5997154116630554
0.4638844132423401 0.5637914538383484
0.560813307762146 0.6168596744537354
0.4198163151741028 0.5546705722808838
0.5135704874992371 0.5115302801132202
0.5304099321365356 0.626007080078125
0.505676805973053 0.5964024066925049
0.5357252955436707 0.551256537437439
0.4826391637325287 0.661709725856781
0.5173990726470947 0.6451535224914551
0.5701559782028198 0.5766032934188843
0.44387832283973694 0.592796266078949
0.43650659918785095 0.6297399997711182
0.4196597933769226 0.5661501288414001
0.525894820690155 0.6430400609970093
0.49623551964759827 0.5492727160453796
0.5648458003997803 0.5937516093254089
0.5441576242446899 0.5478091835975647
0.505092203617096 0.521420955657959
0.5438206195831299 0.6019257307052612
0.46250611543655396 0.6117143034934998
0.42944982647895813 0.5478769540786743
0.46989044547080994 0.5554033517837524
0.55562424659729 0.5833420157432556
0.5160462260246277 0.5447241067886353
0.43298131227493286 0.6293006539344788
0.4514060616493225 0.624972403049469
0.5104386210441589 0.5225650072097778
0.5431725382804871 0.5289918780326843
0.4012283384799957 0.6117760539054871
0.4481744170188904 0.5283889174461365
0.44321155548095703 0.6293018460273743
0.5480167865753174 0.5654158592224121
0.44052138924598694 0.6005352735519409
0.5575143098831177 0.5806307792663574
0.5246608853340149 0.5968123078346252
0.504880964756012 0.5495019555091858
0.5461733341217041 0.559248685836792
0.4581981897354126 0.6210444569587708
0.474926620721817 0.6525006890296936
0.515565812587738 0.5149117708206177
0.4900246262550354 0.6507825255393982
0.4153202176094055 0.6029235124588013
0.5386077165603638 0.6504470109939575
0.4775179624557495 0.5676580667495728
0.46331751346588135 0.5851054787635803
0.5502335429191589 0.6017820239067078
0.5338729619979858 0.5935346484184265
0.46585917472839355 0.5529392957687378
0.48779892921447754 0.5664809346199036
0.526648223400116 0.6045525074005127
0.4827485680580139 0.5147528648376465
0.4918152689933777 0.5141854882240295
0.501720130443573 0.6036455631256104
0.5097655057907104 0.6140636801719666
0.5006420016288757 0.5940098166465759
0.5689725279808044 0.56344074010849
0.42451047897338867 0.5828307867050171
0.41047051548957825 0.5924975275993347
0.43476366996765137 0.6402875185012817
0.556768000125885 0.5477175116539001
0.5337092280387878 0.5422906279563904
0.44290274381637573 0.575647234916687
0.4602184295654297 0.5869572162628174
0.5039858222007751 0.5306844711303711
0.4250609278678894 0.6267986297607422
0.4715285301208496 0.582886815071106
0.5509141087532043 0.6109658479690552
0.5390073657035828 0.5390485525131226
0.5340738892555237 0.6007460951805115
0.5673579573631287 0.5933394432067871
0.43680962920188904 0.6330751180648804
0.4897955060005188 0.5703725814819336
0.48711034655570984 0.5345026850700378
0.4499533176422119 0.6025593876838684
0.4310806095600128 0.5712045431137085
0.5324625372886658 0.6155954599380493
0.5352988243103027 0.5549063086509705
0.4682672917842865 0.5272073745727539
0.4672107696533203 0.6273365020751953
0.46527695655822754 0.5776800513267517
0.40969613194465637 0.5860412120819092
0.4250774085521698 0.6118338704109192
0.40822452306747437 0.5558497309684753
0.5293102264404297 0.5427610278129578
0.530881941318512 0.5681101679801941
0.43913188576698303 0.5891042351722717
0.5201479196548462 0.5820168256759644
0.42926713824272156 0.5373110175132751
0.549672544002533 0.5906035900115967
0.5388430953025818 0.5602405071258545
0.48321062326431274 0.5281940698623657
0.5226625800132751 0.6540398597717285
0.3991193473339081 0.5994101166725159
0.40084561705589294 0.5852906107902527
0.5616030693054199 0.5760570764541626
0.473888099193573 0.6424541473388672
0.41022470593452454 0.5824551582336426
0.4313305616378784 0.6430097818374634
0.5325276851654053 0.5991241335868835
0.49696242809295654 0.5519797801971436
0.4609786868095398 0.5624700784683228
0.4212641417980194 0.5774908065795898
0.40372833609580994 0.6128688454627991
0.4264502227306366 0.5242220163345337
0.40834522247314453 0.5925438404083252
0.5415751338005066 0.5621752738952637
0.48060542345046997 0.5121989250183105
0.42319628596305847 0.5999802350997925
0.4207359254360199 0.5385692715644836
0.45906195044517517 0.603760302066803
0.40190550684928894 0.6087266206741333
0.5277063846588135 0.5531333684921265
0.4133602976799011 0.5737169981002808
0.5392745733261108 0.5541393756866455
0.4070588946342468 0.5745546817779541
0.5008983016014099 0.6067773103713989
0.559468686580658 0.5721057653427124
0.5692357420921326 0.5580685138702393
0.5561535954475403 0.5589214563369751
0.42224863171577454 0.5922772884368896
0.46467554569244385 0.6166148781776428
0.5220813751220703 0.5159493088722229
0.5591415762901306 0.6222904920578003
0.5327428579330444 0.5430121421813965
0.48752424120903015 0.6024237275123596
0.45938292145729065 0.6545253992080688
0.5167627334594727 0.515023410320282
0.5639211535453796 0.5832480192184448
0.5659328103065491 0.6069512367248535
0.49819937348365784 0.6090565323829651
0.44084998965263367 0.5581691265106201
0.45944923162460327 0.5704752802848816
0.4710838496685028 0.6166300177574158
0.46614503860473633 0.5280276536941528
0.4127870202064514 0.6091501116752625
0.399834007024765 0.5736480355262756
0.46260106563568115 0.5673826932907104
0.5677204132080078 0.5964317917823792
0.503422200679779 0.5070705413818359
0.5243293642997742 0.5496456027030945
0.4114316403865814 0.5643253326416016
0.5182960033416748 0.5562441349029541
0.40650755167007446 0.620100200176239
0.4990611970424652 0.5156452059745789
0.537326455116272 0.5962744355201721
0.4754214882850647 0.6082518100738525
0.4322687089443207 0.5460900068283081
0.5571770668029785 0.5660549402236938
0.4551548957824707 0.5395644903182983
0.525246262550354 0.6094216704368591
0.39858487248420715 0.5806662440299988
0.5661551356315613 0.5751175880432129
0.429110586643219 0.5908870697021484
0.5631026029586792 0.617311954498291
0.5454429984092712 0.5868154764175415
0.5198848247528076 0.6141932606697083
0.5031019449234009 0.5892387628555298
0.4135769009590149 0.5619886517524719
0.43448418378829956 0.6425911784172058
0.44174110889434814 0.6411416530609131
0.4007337987422943 0.5667611360549927
0.40133342146873474 0.5771533846855164
0.4298960566520691 0.5878133177757263
0.44267189502716064 0.5883805155754089
0.49245503544807434 0.5380550622940063
0.45004022121429443 0.555411159992218
0.44432297348976135 0.6293447017669678
0.39997604489326477 0.5996905565261841
0.5172008872032166 0.6448603868484497
0.519201397895813 0.6398566961288452
0.5607218146324158 0.5818915367126465
0.5397127866744995 0.5632515549659729
0.5001430511474609 0.5551113486289978
0.5249552726745605 0.653809666633606
0.5276730060577393 0.5846138000488281
0.4993762969970703 0.5635936856269836
0.5507573485374451 0.6347891092300415
0.5013623237609863 0.5723251104354858
0.5075170993804932 0.6287871599197388
0.48157596588134766 0.6547513604164124
0.5161603689193726 0.5168166160583496
0.5437954664230347 0.5354529619216919
0.4035792350769043 0.613610029220581
0.4973067343235016 0.6078724265098572
0.5555282831192017 0.5839373469352722
0.5364282727241516 0.5822725296020508
0.5636069774627686 0.5640832185745239
0.4896354377269745 0.6532210111618042
0.4805135428905487 0.6263046860694885
0.41382768750190735 0.568527340888977
0.4474603831768036 0.6442040205001831
0.4013049900531769 0.5705087184906006
0.39968663454055786 0.5938674807548523
0.478525310754776 0.591925859451294
0.5311129689216614 0.6069158315658569
0.4142620265483856 0.5380812883377075
0.5145808458328247 0.5385630130767822
0.5043630003929138 0.5736229419708252
0.5429086685180664 0.6399289965629578
0.5725030303001404 0.5720570087432861
0.49212777614593506 0.640471339225769
0.40368136763572693 0.6130371689796448
0.442834734916687 0.5940132737159729
0.48965689539909363 0.6609714031219482
0.5092803835868835 0.6578330397605896
0.4551216661930084 0.5205908417701721
0.46192464232444763 0.6056084632873535
0.48119407892227173 0.6657411456108093
0.5544717311859131 0.5370635390281677
0.4076670706272125 0.6022654175758362
0.40937432646751404 0.5585505366325378
0.4015846848487854 0.5741867423057556
0.41965559124946594 0.5669558644294739
0.41504213213920593 0.5596891641616821
0.4403858780860901 0.6211894154548645
0.40194493532180786 0.6086775660514832
0.5178472399711609 0.6346193552017212
0.4751400053501129 0.65679931640625
0.5546174049377441 0.6265324354171753
0.527042031288147 0.5141054391860962
0.48900023102760315 0.573860228061676
0.4398480951786041 0.6301248073577881
0.42904260754585266 0.5773770213127136
0.5687976479530334 0.5762077569961548
0.5100810527801514 0.5653955936431885
0.43392425775527954 0.5955185890197754
0.47416582703590393 0.5333095788955688
0.4797062277793884 0.5511872172355652
0.4841468930244446 0.5390040874481201
0.5557878017425537 0.5545110702514648
0.4667036831378937 0.609832227230072
0.5479568839073181 0.6281323432922363
0.4303341507911682 0.5422537922859192
0.4016611874103546 0.5942006707191467
0.5352326035499573 0.5377824306488037
0.45542311668395996 0.6315468549728394
0.41141971945762634 0.5833262205123901
0.5604813694953918 0.5931518077850342
0.4059103727340698 0.5966107845306396
0.42671918869018555 0.5930745005607605
0.4104650318622589 0.5867940783500671
0.42567089200019836 0.5622495412826538
0.48053067922592163 0.5852240324020386
0.4011617600917816 0.598732054233551
0.5443018078804016 0.5378413200378418
0.5523238778114319 0.5531495809555054
0.5154721736907959 0.5348067879676819
0.42118585109710693 0.5394228100776672
0.4369176924228668 0.6066038012504578
0.5032166838645935 0.5376523733139038
0.4318074584007263 0.5527970790863037
0.42922279238700867 0.5415146350860596
0.5470913052558899 0.6145996451377869
0.5357493758201599 0.6541960835456848
0.5166451334953308 0.6049832105636597
0.4514015316963196 0.5182115435600281
0.43208545446395874 0.5401203632354736
0.43913131952285767 0.517775297164917
0.42889708280563354 0.5666060447692871
0.569599449634552 0.5821555256843567
0.4243781268596649 0.5384210348129272
0.4913823902606964 0.6302544474601746
0.5703263282775879 0.5657428503036499
0.47115257382392883 0.5956302285194397
0.5157639980316162 0.612949550151825
0.4565390348434448 0.6102827191352844
0.44848600029945374 0.5742579102516174
0.45219686627388 0.6600600481033325
0.5303070545196533 0.5210980772972107
0.5468403697013855 0.5508214235305786
0.5036309957504272 0.6345685124397278
0.44522666931152344 0.656517505645752
0.535742998123169 0.5191013216972351
0.4247482120990753 0.5905579328536987
0.5498758554458618 0.5549906492233276
0.48548299074172974 0.544456422328949
0.5617677569389343 0.5863173604011536
0.4439680278301239 0.5676213502883911
0.5107695460319519 0.6318660974502563
0.4327861964702606 0.5932396650314331
0.5370630621910095 0.6522793769836426
0.5420385599136353 0.5315753817558289
0.42811518907546997 0.5557126998901367
0.4838443100452423 0.6329089403152466
0.5346930027008057 0.5698342323303223
0.5156639218330383 0.5475338697433472
0.49921196699142456 0.663304328918457
0.5640089511871338 0.6002247333526611
0.5540115237236023 0.5754488110542297
0.4690913259983063 0.5861188173294067
0.560236394405365 0.5887274742126465
0.46887558698654175 0.5494552850723267
0.5191594958305359 0.567528247833252
0.5651299953460693 0.5538066029548645
0.507274329662323 0.5687654614448547
0.40523505210876465 0.5654381513595581
0.5505687594413757 0.59624844789505
0.5661253333091736 0.5751148462295532
0.45171812176704407 0.5767170190811157
0.5108524560928345 0.5413708090782166
0.48738956451416016 0.5490989685058594
0.46070408821105957 0.6473186016082764
0.43091627955436707 0.6241218447685242
0.4754475951194763 0.6323199272155762
0.4760035574436188 0.6531001329421997
0.4699653685092926 0.6593143939971924
0.5634963512420654 0.6092488765716553
0.5682381391525269 0.5634503364562988
0.5171521306037903 0.5755631923675537
0.46650606393814087 0.578351616859436
0.4558962881565094 0.5635440349578857
0.46247464418411255 0.5527620315551758
0.4554755985736847 0.5761461853981018
0.40816348791122437 0.5504794120788574
0.41063475608825684 0.5461483597755432
0.45041921734809875 0.641323983669281
0.4330019950866699 0.6168887615203857
0.47431206703186035 0.5173479914665222
0.4415215849876404 0.6148644089698792
0.39863067865371704 0.5822369456291199
0.47757911682128906 0.593866229057312
0.5021356344223022 0.5558740496635437
0.4109136760234833 0.6126044392585754
0.4936962127685547 0.5105141997337341
0.5186267495155334 0.6195706725120544
0.5617671012878418 0.6088846325874329
0.459766685962677 0.6493116021156311
0.49732914566993713 0.6194330453872681
0.4787944555282593 0.6061946749687195
0.42596131563186646 0.6375269293785095
0.4567945897579193 0.5913647413253784
0.5263243317604065 0.5534012317657471
0.49305689334869385 0.5314940214157104
0.42343196272850037 0.6013069748878479
0.5346042513847351 0.5468487739562988
0.46964117884635925 0.5407175421714783
0.4438062906265259 0.6193881630897522
0.4821307063102722 0.5283849239349365
0.5348671674728394 0.6374309062957764
0.4219380021095276 0.5883684158325195
0.4232093393802643 0.6299653649330139
0.43882668018341064 0.6460053324699402
0.4538456201553345 0.6004630923271179
0.5461365580558777 0.6071751713752747
0.48722466826438904 0.6162176132202148
0.47180378437042236 0.5586565732955933
0.4221414625644684 0.6128004193305969
0.5308273434638977 0.5647697448730469
0.45287594199180603 0.6077982783317566
0.4275227189064026 0.5285506844520569
0.5123242139816284 0.5129279494285583
0.42117780447006226 0.5918624997138977
0.45897313952445984 0.6526034474372864
0.5610984563827515 0.5677704215049744
0.5123974680900574 0.5354039669036865
0.44940435886383057 0.5595707297325134
0.41674304008483887 0.5456298589706421
0.4512786567211151 0.515914261341095
0.5012383460998535 0.6631632447242737
0.5632216930389404 0.5578262209892273
0.46184802055358887 0.5202596783638
0.40151509642601013 0.586775004863739
0.5664278864860535 0.5540102124214172
0.4908670485019684 0.5371429920196533
0.4948831796646118 0.643778920173645
0.4922190308570862 0.551191508769989
0.5566815733909607 0.6276161670684814
0.4276786744594574 0.5415471792221069
0.5235403180122375 0.5968397259712219
0.45298147201538086 0.5694534778594971
0.4429369270801544 0.5246254205703735
0.5320634841918945 0.605401337146759
0.46334534883499146 0.5666353702545166
0.43498435616493225 0.5837852358818054
0.5401427149772644 0.53920978307724
0.5201418399810791 0.6423560976982117
0.43898457288742065 0.6253611445426941
0.5300561785697937 0.5517116785049438
0.42214882373809814 0.551028847694397
0.44239094853401184 0.6135978102684021
0.4624815583229065 0.5672361850738525
0.4742330312728882 0.5576573610305786
0.44656750559806824 0.6100003719329834
0.4146783649921417 0.5942098498344421
0.4331415295600891 0.5800153613090515
0.5144013166427612 0.5383234024047852
0.4316977560520172 0.5596377849578857
0.461211234331131 0.6550797820091248
0.4889434278011322 0.539749026298523
0.4285215139389038 0.6132062673568726
0.4643113315105438 0.5754672884941101
0.40627726912498474 0.5597461462020874
0.4143761098384857 0.5801616311073303
0.40810731053352356 0.625963032245636
0.4031822979450226 0.5606048703193665
0.551445484161377 0.5633020997047424
0.43456143140792847 0.6088315844535828
0.5295411944389343 0.540949821472168
0.4644772410392761 0.6003433465957642
0.44455358386039734 0.6161617636680603
0.5647466778755188 0.5464531183242798
0.5032867193222046 0.5670456290245056
0.4741048812866211 0.60211580991745
0.5434333682060242 0.6184609532356262
0.5514506101608276 0.5392413139343262
0.5661265254020691 0.5645067095756531
0.5561631917953491 0.6124362349510193
0.43308964371681213 0.5328435897827148
0.44994521141052246 0.5804020762443542
0.4269816279411316 0.5922846794128418
0.5268226861953735 0.6397262215614319
0.40639811754226685 0.5780513882637024
0.5633833408355713 0.6072852611541748
0.459633469581604 0.5986813902854919
0.4508913457393646 0.5569533705711365
0.5739064812660217 0.58162522315979
0.5293606519699097 0.5468651056289673
0.5017517805099487 0.5246813893318176
0.45656952261924744 0.6011648774147034
0.5342774391174316 0.6033792495727539
0.40736526250839233 0.5537739992141724
0.40104469656944275 0.5988643765449524
0.40042275190353394 0.5746784210205078
0.4343140125274658 0.5241122245788574
0.5389587879180908 0.6181424856185913
0.5138416290283203 0.6298950910568237
0.4724951982498169 0.6082188487052917
0.5181121230125427 0.5249705910682678
0.5553747415542603 0.6080838441848755
0.5318751335144043 0.5399054884910583
0.40468576550483704 0.5880903601646423
0.5415582656860352 0.6429636478424072
0.4851502478122711 0.541574239730835
0.5030274391174316 0.5499286651611328
0.48798057436943054 0.6265155673027039
0.4398004114627838 0.6233846545219421
0.43924590945243835 0.5486453175544739
0.3991311192512512 0.5842397212982178
0.5021862387657166 0.5600535273551941
0.5513055324554443 0.5717061161994934
0.5467184782028198 0.573314905166626
0.42480942606925964 0.5651698112487793
0.5017744302749634 0.582570493221283
0.48486968874931335 0.6207722425460815
0.44718992710113525 0.5724806785583496
0.5296984314918518 0.6184927821159363
0.5032890439033508 0.5819137692451477
0.40245476365089417 0.5790020227432251
0.4424842596054077 0.5167211890220642
0.46070536971092224 0.655062735080719
0.5097355842590332 0.6645578145980835
0.5353901386260986 0.647298276424408
0.5259265303611755 0.6505396962165833
0.44438254833221436 0.5640881061553955
0.5551022291183472 0.5859651565551758
0.47775059938430786 0.6162629723548889
0.4258140027523041 0.6411179900169373
0.5646171569824219 0.55013507604599
0.5629763007164001 0.5665526986122131
0.4326474368572235 0.5917407870292664
0.5094066858291626 0.5795782208442688
0.42363303899765015 0.5431984663009644
0.5084694623947144 0.6159047484397888
0.4360117018222809 0.6360498666763306
0.5341137051582336 0.6140763759613037
0.539905846118927 0.6342095136642456
0.48302531242370605 0.6493297815322876
0.41265782713890076 0.5706234574317932
0.47196024656295776 0.5246875286102295
0.5553542375564575 0.6088783144950867
0.4678587317466736 0.5437414050102234
0.45479366183280945 0.6458666920661926
0.41299816966056824 0.610015869140625
0.530547022819519 0.6017546057701111
0.4334297478199005 0.6370000243186951
0.41942349076271057 0.5741924047470093
0.41330233216285706 0.5760217905044556
0.4134533405303955 0.5867096185684204
0.5428810715675354 0.5550759434700012
0.44373247027397156 0.5365768074989319
0.4637421667575836 0.5145872235298157
0.5243249535560608 0.5928636789321899
0.5522281527519226 0.6046406626701355
0.46319153904914856 0.5885869264602661
0.5386738181114197 0.545045018196106
0.4883993864059448 0.5382909178733826
0.42244023084640503 0.5594703555107117
0.41904011368751526 0.5736405849456787
0.45829641819000244 0.5447774529457092
0.4152510166168213 0.5777106881141663
0.48701032996177673 0.6416674852371216
0.44585415720939636 0.6485341787338257
0.5144222974777222 0.5710886716842651
0.4259437024593353 0.5348242521286011
0.4983493983745575 0.6141828894615173
0.5007886290550232 0.6582663059234619
0.5688362121582031 0.5984647870063782
0.5585713982582092 0.6044783592224121
0.5238146781921387 0.6466389894485474
0.5561296343803406 0.6286527514457703
0.41116219758987427 0.5933569073677063
0.45382675528526306 0.6412776708602905
0.4129493832588196 0.603363037109375
0.5737823843955994 0.5839795470237732
0.4507378041744232 0.5996929407119751
0.4717525839805603 0.6242462992668152
0.5341719388961792 0.6362704634666443
0.4182465076446533 0.5336852669715881
0.5443592667579651 0.5311047434806824
0.41362088918685913 0.5547870397567749
0.43415895104408264 0.5176824927330017
0.4180091321468353 0.5856515169143677
0.521872341632843 0.5657645463943481
0.5406764149665833 0.6050651669502258
0.5583940744400024 0.5494384765625
0.5001056790351868 0.6348934173583984
0.4968462288379669 0.5579333305358887
0.4498623311519623 0.5485125780105591
0.4738406836986542 0.5830423831939697
0.5054516792297363 0.6051883697509766
0.43875935673713684 0.5326817035675049
0.4391730725765228 0.54262775182724
0.45295146107673645 0.5168576836585999
0.5486229062080383 0.6290225386619568
0.4279584288597107 0.6191712021827698
0.5600563287734985 0.596519947052002
0.5396175980567932 0.5857229828834534
0.5416170358657837 0.6073859930038452
0.5574977397918701 0.5410575270652771
0.3992205858230591 0.6016554832458496
0.5268558263778687 0.6186879277229309
0.5327736139297485 0.6155089735984802
0.3989673852920532 0.573358416557312
0.5639897584915161 0.5677316784858704
0.5719950199127197 0.5944790840148926
0.5016367435455322 0.514599084854126
0.4175799489021301 0.6010684370994568
0.5323969721794128 0.5821143984794617
0.4171026051044464 0.5354085564613342
0.4831864833831787 0.5794708132743835
0.44940775632858276 0.5857410430908203
0.5138496160507202 0.5120242238044739
0.4512689411640167 0.533323347568512
0.4912129342556 0.5821389555931091
0.5471022129058838 0.6234474778175354
0.44287827610969543 0.618593692779541
0.5405664443969727 0.5277289152145386
0.5648745894432068 0.6047698259353638
0.5468918681144714 0.5744021534919739
0.4710657298564911 0.6539896726608276
0.485245943069458 0.552508533000946
0.42506155371665955 0.572372317314148
0.4846777617931366 0.5938288569450378
0.4222269356250763 0.5918576121330261
0.4269937574863434 0.5774977803230286
0.5366581082344055 0.5944019556045532
0.48523953557014465 0.6334234476089478
0.45819488167762756 0.5102961659431458
0.47907784581184387 0.5331196784973145
0.5117871165275574 0.5782641172409058
0.5220540761947632 0.5476459860801697
0.5351287722587585 0.5884787440299988
0.44979751110076904 0.6520199775695801
0.4749392867088318 0.5524702668190002
0.5692481398582458 0.5678384304046631
0.4177513122558594 0.5846295952796936
0.43188661336898804 0.5417513847351074
0.41423094272613525 0.5591857433319092
0.5240474343299866 0.6604010462760925
0.4550296664237976 0.5113733410835266
0.4697415828704834 0.5723795890808105
0.5198459029197693 0.5286911129951477
0.43567946553230286 0.5961197018623352
0.545705258846283 0.6063174605369568
0.5579626560211182 0.625816285610199
0.5573790073394775 0.5551156997680664
0.5550594925880432 0.5945484042167664
0.43338707089424133 0.5849698781967163
0.5527887940406799 0.5883592963218689
0.4878983497619629 0.5586599111557007
0.44199055433273315 0.5939685106277466
0.4746992588043213 0.6473402976989746
0.4944685995578766 0.6571582555770874
0.5141958594322205 0.5436413288116455
0.5010517835617065 0.5102437734603882
0.40256521105766296 0.5733489394187927
0.5119488835334778 0.582919180393219
0.49834534525871277 0.6372826099395752
0.49336883425712585 0.5521882176399231
0.4492003321647644 0.6263903975486755
0.5659262537956238 0.585757851600647
0.4921427071094513 0.649863600730896
0.41375261545181274 0.5620885491371155
0.5126776695251465 0.5448276400566101
0.5062875151634216 0.595809280872345
0.49042609333992004 0.65904700756073
0.42218101024627686 0.5324733257293701
0.5526841282844543 0.5994142293930054
0.40126901865005493 0.5668519139289856
0.4044501483440399 0.5768778920173645
0.5004730820655823 0.5646284818649292
0.42684438824653625 0.6059128046035767
0.4292120933532715 0.6406620740890503
0.5692784190177917 0.5510978698730469
0.5157473683357239 0.5456671714782715
0.49861857295036316 0.5979192852973938
0.46986818313598633 0.6640318632125854
0.5460721850395203 0.5600045323371887
0.4807923436164856 0.5141234397888184
0.4365606904029846 0.5237748622894287
0.47110715508461 0.5313863754272461
0.5687036514282227 0.5524733066558838
0.5426074862480164 0.6038129925727844
0.44330984354019165 0.5312180519104004
0.5058932900428772 0.6593109369277954
0.49741125106811523 0.6175152659416199
0.4768791198730469 0.5671418905258179
0.40396690368652344 0.6067911982536316
0.40064120292663574 0.5797511339187622
0.4438930153846741 0.5715414881706238
0.4184109568595886 0.5484680533409119
0.4145095646381378 0.6289565563201904
0.4240286350250244 0.5661259889602661
0.43625834584236145 0.5189535617828369
0.4187423884868622 0.636461615562439
0.5260410308837891 0.5156399607658386
0.3981199562549591 0.6000043153762817
0.4176732897758484 0.5923742055892944
0.48134106397628784 0.5388588309288025
0.4981858730316162 0.5841572880744934
0.41592568159103394 0.6152575612068176
0.4663196802139282 0.6221447587013245
0.5456907749176025 0.6433824300765991
0.49730175733566284 0.50962895154953
0.43988659977912903 0.5511485934257507
0.5656623244285583 0.5449286699295044
0.5558144450187683 0.6113338470458984
0.497297078371048 0.5089547038078308
0.42429590225219727 0.5486723184585571
0.41985175013542175 0.5659587383270264
0.5334470272064209 0.6281301379203796
0.4801565110683441 0.5399227142333984
0.43257075548171997 0.557540237903595
0.4640529751777649 0.5393907427787781
0.4060684144496918 0.6134428977966309
0.5731351375579834 0.590665876865387
0.44594475626945496 0.603229284286499
0.47556838393211365 0.5633451342582703
0.5228920578956604 0.6116931438446045
0.4968442916870117 0.5148380398750305
0.4915926456451416 0.601902425289154
0.40702369809150696 0.5850962996482849
0.41671517491340637 0.5617232918739319
0.5227333903312683 0.5798509120941162
0.4665502905845642 0.5609731674194336
0.40841516852378845 0.5740597248077393
0.42087024450302124 0.614368200302124
0.4898547828197479 0.6258324384689331
0.49259665608406067 0.5295186638832092
0.5391169190406799 0.5735948085784912
0.4746442139148712 0.5432185530662537
0.5541691184043884 0.6301912069320679
0.44320663809776306 0.5665654540061951
0.44895628094673157 0.5419428944587708
0.4832920432090759 0.651522696018219
0.4940166771411896 0.6594119668006897
0.4988758862018585 0.5785072445869446
0.5194580554962158 0.650432288646698
0.4507237374782562 0.6147257089614868
0.5499151945114136 0.590018630027771
0.5272606611251831 0.6525076031684875
0.4261960983276367 0.5876678824424744
0.45873013138771057 0.5301942229270935
0.42846670746803284 0.5824090838432312
0.5451424717903137 0.5284289717674255
0.5191141963005066 0.5353866815567017
0.4866485595703125 0.5868121385574341
0.5347777009010315 0.6317824125289917
0.5139074921607971 0.5741857290267944
0.5205441117286682 0.6538812518119812
0.46286284923553467 0.5856373310089111
0.4338574707508087 0.6473348140716553
0.49445873498916626 0.566253125667572
0.48462191224098206 0.5446460247039795
0.46875038743019104 0.6079853177070618
0.4396301507949829 0.5257682800292969
0.49045419692993164 0.5086982846260071
0.47321194410324097 0.6613900661468506
0.5388635396957397 0.6496643424034119
0.4911789894104004 0.56861811876297
0.5686498880386353 0.5829900503158569
0.5585397481918335 0.5963042974472046
0.40144097805023193 0.6078435778617859
0.5004467964172363 0.6112273335456848
0.5562584400177002 0.5982242226600647
0.4870220124721527 0.6071602702140808
0.4180414080619812 0.5595477819442749
0.5598636865615845 0.5814802646636963
0.4641457498073578 0.5643882155418396
0.5434266328811646 0.5909730792045593
0.46503183245658875 0.6246305704116821
0.4798398017883301 0.5677391290664673
0.4498164653778076 0.557163417339325
0.48492133617401123 0.5715388059616089
0.5295653343200684 0.6053370237350464
0.48796409368515015 0.5757281184196472
0.460054486989975 0.5647997856140137
0.546997606754303 0.6014791131019592
0.5355320572853088 0.6239202618598938
0.4728192090988159 0.5740554332733154
0.5640519857406616 0.5784580707550049
0.522298276424408 0.5330924987792969
0.4990515410900116 0.5518240928649902
0.4035041332244873 0.5780224204063416
0.47629714012145996 0.5408208966255188
0.47255027294158936 0.534878671169281
0.46862149238586426 0.5870694518089294
0.5463571548461914 0.53937166929245
0.4872947931289673 0.6404100656509399
0.4313330352306366 0.6364191174507141
0.5273563265800476 0.6394785046577454
0.5150341987609863 0.5080215930938721
0.5286635756492615 0.5790870189666748
0.48036813735961914 0.5503819584846497
0.43928369879722595 0.5625446438789368
0.5292671322822571 0.611706018447876
0.46047431230545044 0.5437059998512268
0.40741798281669617 0.5909188389778137
0.561400830745697 0.5641188025474548
0.42543819546699524 0.5979060530662537
0.45563435554504395 0.5993899703025818
0.5374354720115662 0.5201695561408997
0.46785813570022583 0.6382991075515747
0.4836307466030121 0.6392105221748352
0.5413968563079834 0.6278924345970154
0.428665429353714 0.5784931778907776
0.5554215908050537 0.6268264651298523
0.4210665822029114 0.549289882183075
0.3994051516056061 0.6029983162879944
0.4857778251171112 0.542395830154419
0.44973403215408325 0.5509105324745178
0.5353173017501831 0.5475152134895325
0.47301051020622253 0.630267322063446
0.4659978747367859 0.5121831893920898
0.39965397119522095 0.6022643446922302
0.5052351355552673 0.5997228026390076
0.4663775861263275 0.5867183804512024
0.5084328055381775 0.5237672924995422
0.5011461973190308 0.6418650150299072
0.4036150574684143 0.602440357208252
0.46495962142944336 0.5115784406661987
0.46237772703170776 0.640999972820282
0.44594138860702515 0.5165727734565735
0.47468405961990356 0.6499778628349304
0.41862645745277405 0.5978593230247498
0.5336639881134033 0.5210411548614502
0.49001622200012207 0.622337281703949
0.41973841190338135 0.6015352606773376
0.549449622631073 0.5982607007026672
0.5436901450157166 0.61274653673172
0.41539186239242554 0.6142984628677368
0.522368848323822 0.6425632238388062
0.4381667971611023 0.6281535625457764
0.5666096210479736 0.5744655132293701
0.5547747015953064 0.6170309782028198
0.5629803538322449 0.5592212080955505
0.48030713200569153 0.5270088315010071
0.5205515027046204 0.5953481793403625
0.5301132798194885 0.5821178555488586
0.40827661752700806 0.5577390789985657
0.44758713245391846 0.6501897573471069
0.46550628542900085 0.5834462642669678
0.42789745330810547 0.5636957287788391
0.5155128836631775 0.5286372900009155
0.506641149520874 0.5335217118263245
0.39981159567832947 0.5894244909286499
0.44571661949157715 0.6350539922714233
0.4441738724708557 0.5906968116760254
0.46929678320884705 0.636932909488678
0.5077139735221863 0.5829299092292786
0.46464574337005615 0.5194149613380432
0.5664997100830078 0.556515097618103
0.5166970491409302 0.5597113966941833
0.5544990301132202 0.6019412875175476
0.51789790391922 0.5129552483558655
0.39776283502578735 0.5820145606994629
0.46358752250671387 0.6637425422668457
0.4332124590873718 0.6481344699859619
0.4509498178958893 0.640779972076416
0.4535214900970459 0.6564188599586487
0.5664499998092651 0.5936916470527649
0.45605260133743286 0.5699008703231812
0.4653627872467041 0.6024054288864136
0.41198650002479553 0.5929736495018005
0.505450963973999 0.5093249678611755
0.5359249711036682 0.5845913290977478
0.48901787400245667 0.5241658687591553
0.41335242986679077 0.6235591769218445
0.5018616318702698 0.5571235418319702
0.39923056960105896 0.5877577066421509
0.49123987555503845 0.5613803863525391
0.4960068166255951 0.5294595956802368
0.40685519576072693 0.5534592270851135
0.5307304859161377 0.5511571764945984
0.4509139657020569 0.6120904684066772
0.4512428939342499 0.5249834656715393
0.5341676473617554 0.6454305648803711
0.5329285264015198 0.6137268543243408
0.43215641379356384 0.5788607597351074
0.4048338532447815 0.589154064655304
0.43644285202026367 0.6258575320243835
0.543380081653595 0.6018524765968323
0.44822797179222107 0.5586530566215515
0.44547587633132935 0.586860179901123
0.5544837713241577 0.6254685521125793
0.5384482741355896 0.633384108543396
0.5067165493965149 0.6038520336151123
0.40689975023269653 0.5745881795883179
0.46959084272384644 0.5194914937019348
0.5480237007141113 0.5597755908966064
0.5737563967704773 0.5836248993873596
0.445585161447525 0.6215409636497498
0.4811692535877228 0.5293469429016113
0.5501424670219421 0.6301183104515076
0.5018928647041321 0.6377565860748291
0.4018254578113556 0.5983251929283142
0.4528783857822418 0.518994927406311
0.4991041123867035 0.579750120639801
0.508661150932312 0.566855251789093
0.5410204529762268 0.5898435711860657
0.569443941116333 0.5581677556037903
0.5715687870979309 0.5789518356323242
0.553490400314331 0.6065458655357361
0.4537906348705292 0.5908816456794739
0.4197588860988617 0.6143287420272827
0.48098087310791016 0.6208919882774353
0.43071967363357544 0.6451610922813416
0.5334358811378479 0.5974339842796326
0.47342434525489807 0.516286313533783
0.4026340842247009 0.5620205402374268
0.4153522551059723 0.5478702783584595
0.48840928077697754 0.6177153587341309
0.46859121322631836 0.6629583239555359
0.4345158338546753 0.5324089527130127
0.4732346832752228 0.6075181365013123
0.4108751118183136 0.6239827871322632
0.449052095413208 0.6082172393798828
0.39860105514526367 0.5856563448905945
0.5333960652351379 0.5351110696792603
0.5603922009468079 0.5656974911689758
0.5404372811317444 0.6195899844169617
0.49120450019836426 0.6632007956504822
0.44354569911956787 0.5219486355781555
0.40463799238204956 0.6130600571632385
0.42892155051231384 0.5353994965553284
0.5542287826538086 0.6236845254898071
0.5314325094223022 0.5358756184577942
0.5157857537269592 0.542382001876831
0.5271512269973755 0.5144912004470825
0.42982399463653564 0.5718418955802917
0.4843626618385315 0.6558522582054138
0.5474119782447815 0.6042272448539734
0.5365689396858215 0.5249268412590027
0.46901965141296387 0.6535336971282959
0.4618672728538513 0.5659077167510986
0.45919322967529297 0.5626822710037231
0.4744822680950165 0.5591791272163391
0.5099548101425171 0.6471846103668213
0.5274989008903503 0.6548293232917786
0.5303114056587219 0.6427336931228638
0.44234681129455566 0.616204023361206
0.5042797923088074 0.5272529125213623
0.5543732047080994 0.5799243450164795
0.5596720576286316 0.6079715490341187
0.47605109214782715 0.526642918586731
0.4906982183456421 0.6548925042152405
0.4487798511981964 0.5791017413139343
0.4861462116241455 0.5088540315628052
0.4549674689769745 0.6042138338088989
0.403702050447464 0.5996907949447632
0.500542938709259 0.6525717973709106
0.4794766306877136 0.5113369226455688
0.5482397079467773 0.6316708922386169
0.5291928052902222 0.6070132851600647
0.5530447959899902 0.6254271268844604
0.5577068328857422 0.5645045638084412
0.4712534248828888 0.5764832496643066
0.40632644295692444 0.6227034330368042
0.5336254835128784 0.541154146194458
0.47124534845352173 0.6009688377380371
0.41893288493156433 0.5672516822814941
0.41933760046958923 0.5559273958206177
0.4711972177028656 0.5653162002563477
0.5379219651222229 0.5823534727096558
0.4795096218585968 0.5837771892547607
0.4924394488334656 0.5121501684188843
0.46987858414649963 0.5094038844108582
0.4572733938694 0.6444303393363953
0.5385181903839111 0.5461322069168091
0.432311087846756 0.6445090770721436
0.5505257248878479 0.6062502264976501
0.4195183515548706 0.5648035407066345
0.4592059552669525 0.6165180206298828
0.5463092923164368 0.6400281190872192
0.5312272906303406 0.6068311333656311
0.5603535175323486 0.5627924203872681
0.407999724149704 0.6076318025588989
0.5654458403587341 0.549131453037262
0.45780858397483826 0.5996217727661133
0.4817611277103424 0.633959174156189
0.4254605174064636 0.6422621011734009
0.4612451493740082 0.5853386521339417
0.45350030064582825 0.6509160399436951
0.4633411765098572 0.5853316783905029
0.5382920503616333 0.5504544377326965
0.4182136654853821 0.6295036673545837
0.5093403458595276 0.5637301206588745
0.5060757994651794 0.5174436569213867
0.43184995651245117 0.6196823716163635
0.41503822803497314 0.5534242987632751
0.5304722785949707 0.5898941159248352
0.4524288475513458 0.5867025256156921
0.5392730832099915 0.6469582915306091
0.5034329891204834 0.5355466604232788
0.4046091139316559 0.5752530097961426
0.5658245086669922 0.6091581583023071
0.5364848375320435 0.6196718811988831
0.42317095398902893 0.5978689789772034
0.5082299113273621 0.6153197288513184
0.45239368081092834 0.5671523213386536
0.49022313952445984 0.651145339012146
0.4053865373134613 0.5972285270690918
0.46571147441864014 0.568477988243103
0.5624986290931702 0.6156970262527466
0.5032047033309937 0.5392551422119141
0.48323994874954224 0.5830173492431641
0.5371189713478088 0.6446289420127869
0.5192247033119202 0.6620948910713196
0.5093927383422852 0.6152798533439636
0.46239539980888367 0.5538356900215149
0.4295032024383545 0.6459733247756958
0.4350755512714386 0.5671138763427734
0.49268579483032227 0.6401534080505371
0.4458305537700653 0.5865427255630493
0.5529294013977051 0.5768216848373413
0.5740880966186523 0.5781468749046326
0.5337927937507629 0.6437797546386719
0.49022766947746277 0.5668110251426697
0.5661811828613281 0.5993116497993469
0.5484234094619751 0.598371684551239
0.4289058446884155 0.5389773845672607
0.45168009400367737 0.5849851369857788
0.5670982599258423 0.599009096622467
0.4134256839752197 0.6157612800598145
0.5398668646812439 0.5534870624542236
0.49374741315841675 0.5815876722335815
0.5247690677642822 0.659713089466095
0.5389948487281799 0.5633684396743774
0.5139517784118652 0.6401909589767456
0.4094627797603607 0.5953116416931152
0.4824484586715698 0.5767520070075989
0.43330118060112 0.5864942669868469
0.5354490280151367 0.6054382920265198
0.41490474343299866 0.573043704032898
0.518390953540802 0.513108491897583
0.5567057132720947 0.5995171666145325
0.5012645125389099 0.5914594531059265
0.410319060087204 0.6289482116699219
0.5461394190788269 0.5505849719047546
0.49013012647628784 0.6560502052307129
0.513024091720581 0.5672885775566101
0.5403068661689758 0.6308078765869141
0.4943405091762543 0.5654191374778748
0.5076337456703186 0.6598783135414124
0.5347688794136047 0.6062767505645752
0.44169631600379944 0.5174481868743896
0.5039157271385193 0.603547215461731
0.5466059446334839 0.6276715993881226
0.5080276131629944 0.525947630405426
0.40152159333229065 0.5631903409957886
0.5169199109077454 0.6289481520652771
0.40752989053726196 0.6032341122627258
0.49825429916381836 0.5637513995170593
0.49773967266082764 0.6505979299545288
0.47311314940452576 0.56020587682724
0.4530831575393677 0.5552749633789062
0.4626642167568207 0.5874353051185608
0.4260466694831848 0.5613493919372559
0.43938419222831726 0.6108560562133789
0.476311594247818 0.5704070925712585
0.4127979576587677 0.5928693413734436
0.5604238510131836 0.5962370038032532
0.48262739181518555 0.6247450113296509
0.5567868947982788 0.5991108417510986
0.5275467038154602 0.5835950374603271
0.449496865272522 0.5679697394371033
0.541067361831665 0.5327367782592773
0.5132299065589905 0.5309761166572571
0.5739982724189758 0.5853546261787415
0.497524619102478 0.5321228504180908
0.5741448402404785 0.5860200524330139
0.4078907072544098 0.5814310312271118
0.44996774196624756 0.5605875253677368
0.5182198882102966 0.6625518798828125
0.4460309147834778 0.5188941359519958
0.46457481384277344 0.6597501635551453
0.5097165107727051 0.5129701495170593
0.47697314620018005 0.6479509472846985
0.5564336180686951 0.5498908162117004
0.4635370671749115 0.6260201334953308
0.408488392829895 0.5618686079978943
0.4709209203720093 0.5715368986129761
0.5678805708885193 0.5897448658943176
0.5189815759658813 0.5865343809127808
0.5553364157676697 0.6230719685554504
0.5475186705589294 0.5398113131523132
0.41914838552474976 0.628241240978241
0.5048719048500061 0.6551744341850281
0.47259899973869324 0.5175066590309143
0.4687368869781494 0.5651578903198242
0.5682705044746399 0.5907995700836182
0.4007464349269867 0.5667805671691895
0.4546777307987213 0.5976232886314392
0.4381130337715149 0.6420157551765442
0.426902711391449 0.5722301602363586
0.5684101581573486 0.5832338929176331
0.5089017152786255 0.5398909449577332
0.4334852695465088 0.5288039445877075
0.4988425076007843 0.655960202217102
0.5300899744033813 0.5883148312568665
0.42695948481559753 0.5345155000686646
0.5519053339958191 0.5472566485404968
0.46482259035110474 0.6621572971343994
0.5136237144470215 0.6653428673744202
0.5698781609535217 0.5753125548362732
0.5700557231903076 0.5953000783920288
0.43137139081954956 0.5569188594818115
0.5575346350669861 0.5674198269844055
0.4759846031665802 0.5185438394546509
0.5664238929748535 0.5563580393791199
0.41452986001968384 0.5766335725784302
0.3981921076774597 0.5926478505134583
0.5366857647895813 0.595768928527832
0.4159186780452728 0.581559419631958
0.45413222908973694 0.6389694809913635
0.4994041323661804 0.6317983865737915
0.46757209300994873 0.5677745938301086
0.3978486657142639 0.5962797999382019
0.4978589117527008 0.6453918814659119
0.4489499628543854 0.6464422345161438
0.5460258722305298 0.5916255116462708
0.4965580105781555 0.5847620368003845
0.5115358233451843 0.5636124610900879
0.5497797727584839 0.546328067779541
0.4916619062423706 0.5335129499435425
0.5677928328514099 0.554003894329071
0.41789916157722473 0.6009891629219055
0.5262605547904968 0.5799608826637268
0.5463045835494995 0.6303637623786926
0.41552627086639404 0.5720148086547852
0.5674022436141968 0.5572397112846375
0.42592641711235046 0.6394830942153931
0.4370279610157013 0.5307483673095703
0.41254252195358276 0.6007410883903503
0.44410258531570435 0.6328608989715576
0.4616580903530121 0.5152061581611633
0.4033888578414917 0.5601627230644226
0.45384448766708374 0.5650750398635864
0.48191338777542114 0.6489332914352417
0.44667065143585205 0.6025654077529907
0.4892418086528778 0.5998720526695251
0.5235615968704224 0.6156495809555054
0.41080936789512634 0.5598710179328918
0.4662748873233795 0.5735334753990173
0.5565613508224487 0.582940399646759
0.4793269634246826 0.5556681752204895
0.5391586422920227 0.5674065947532654
0.481463760137558 0.5874524712562561
0.5292572975158691 0.605877697467804
0.5359522700309753 0.6079573631286621
0.4800173342227936 0.6588662266731262
0.5637522339820862 0.5876052975654602
0.5017990469932556 0.5120036005973816
0.43274620175361633 0.5393926501274109
0.4919131100177765 0.622584342956543
0.5155583024024963 0.6626205444335938
0.46525660157203674 0.5950319766998291
0.44680821895599365 0.6367024183273315
0.42408913373947144 0.6142842173576355
0.4628213346004486 0.5091747045516968
0.4156316816806793 0.591928243637085
0.5374417304992676 0.5637030601501465
0.4446130096912384 0.5998461842536926
0.43978121876716614 0.611226499080658
0.481883704662323 0.5727874636650085
0.5397427678108215 0.5904729962348938
0.4789101183414459 0.6586440205574036
0.4251689314842224 0.5247016549110413
0.40575268864631653 0.5602324604988098
0.5642910599708557 0.5672165155410767
0.47772863507270813 0.5050280094146729
0.5138992667198181 0.5344763398170471
0.4187264144420624 0.5801460146903992
0.5288041830062866 0.6511224508285522
0.5036042928695679 0.5790321826934814
0.44663286209106445 0.6150999069213867
0.49902012944221497 0.6328963041305542
0.5051774978637695 0.6550707817077637
0.5093485713005066 0.6123626828193665
0.44809582829475403 0.5582259893417358
0.4599909484386444 0.5365917682647705
0.5014980435371399 0.5308094620704651
0.5033300518989563 0.5993087887763977
0.5647458434104919 0.5530687570571899
0.561853289604187 0.5534661412239075
0.534251868724823 0.5561169981956482
0.43207570910453796 0.5205408930778503
0.46269506216049194 0.5604269504547119
0.5630840063095093 0.6044480800628662
0.4755079448223114 0.5365463495254517
0.41413798928260803 0.6182073354721069
0.5660083889961243 0.5520211458206177
0.5242807269096375 0.6018202900886536
0.4014715850353241 0.5894876718521118
0.5348581671714783 0.5196406245231628
0.42969202995300293 0.5459899306297302
0.518294632434845 0.6410119533538818
0.5459238886833191 0.6196438670158386
0.5518863201141357 0.5534425377845764
0.4811592400074005 0.5769436359405518
0.5485119223594666 0.5310643315315247
0.5213227868080139 0.553348958492279
0.5530896782875061 0.6150761246681213
0.5090197920799255 0.529803454875946
0.5690839886665344 0.5603943467140198
0.4722098410129547 0.5645211338996887
0.47631317377090454 0.5222505927085876
0.5462135076522827 0.6328055262565613
0.4199853241443634 0.5988779664039612
0.4349637031555176 0.6343562602996826
0.501181423664093 0.5307947397232056
0.525816023349762 0.5643236637115479
0.44617968797683716 0.6539093255996704
0.5193321108818054 0.6177781820297241
0.4637424051761627 0.570382297039032
0.5357284545898438 0.5983167290687561
0.45591652393341064 0.5785439610481262
0.47700637578964233 0.5478555560112
0.45793136954307556 0.5605171918869019
0.56321120262146 0.5440912842750549
0.41884148120880127 0.5334094166755676
0.47145143151283264 0.5881360173225403
0.4374998211860657 0.5178046822547913
0.4636947214603424 0.6162251234054565
0.5521021485328674 0.5625419020652771
0.4809845983982086 0.598442792892456
0.43145743012428284 0.526827871799469
0.5392705202102661 0.5594232678413391
0.44805631041526794 0.6416819095611572
0.506833553314209 0.5771405696868896
0.40437883138656616 0.6028020977973938
0.48939868807792664 0.6064573526382446
0.557966947555542 0.5494506359100342
0.4286644756793976 0.6185958385467529
0.5285696387290955 0.6021660566329956
0.4254254698753357 0.5503793954849243
0.4529649317264557 0.6564381122589111
0.4610971212387085 0.569640576839447
0.45894181728363037 0.5979853272438049
0.403565376996994 0.5962347388267517
0.5503402948379517 0.5441272854804993
0.5510907173156738 0.6140120625495911
0.47434353828430176 0.5544915199279785
0.5589962005615234 0.6025210618972778
0.5630209445953369 0.5641865134239197
0.5660714507102966 0.607928454875946
0.4387470781803131 0.6467260718345642
0.4436190128326416 0.5256733894348145
0.5179168581962585 0.518557071685791
0.4166729152202606 0.602451741695404
0.5219976902008057 0.6334207653999329
0.49657976627349854 0.6346139907836914
0.5355881452560425 0.5430251359939575
0.5397806167602539 0.6138825416564941
0.4802885055541992 0.5187634229660034
0.4336109459400177 0.5309171676635742
0.5397979617118835 0.5766964554786682
0.5244960188865662 0.6197460889816284
0.4833191931247711 0.6104205250740051
0.5380344986915588 0.5654411315917969
0.42418137192726135 0.58991539478302
0.5009340643882751 0.6463693976402283
0.5671322345733643 0.5870474576950073
0.45638182759284973 0.625043511390686
0.4499727189540863 0.5785095691680908
0.40994468331336975 0.5868688225746155
0.5684536099433899 0.5996106863021851
0.5381028056144714 0.5706033110618591
0.48115074634552 0.5977787375450134
0.5348334908485413 0.5789266228675842
0.5160973072052002 0.6585143804550171
0.3990423381328583 0.5884409546852112
0.44581690430641174 0.6157122254371643
0.40565213561058044 0.5587467551231384
0.43113115429878235 0.5695677995681763
0.5435497760772705 0.6405348181724548
0.5004656314849854 0.514927089214325
0.4656168222427368 0.5890715718269348
0.5139514803886414 0.5845086574554443
0.5320413112640381 0.6337421536445618
0.4124491214752197 0.5841701030731201
0.5645983815193176 0.5534675121307373
0.43183934688568115 0.5363633632659912
0.43351972103118896 0.6002912521362305
0.5115785002708435 0.5146591067314148
0.4539920687675476 0.5865592956542969
0.5365481376647949 0.59991455078125
0.5338051915168762 0.5426985025405884
0.46002498269081116 0.55744469165802
0.42534908652305603 0.5472545623779297
0.44041335582733154 0.641632616519928
0.4221709966659546 0.6030620336532593
0.5128780007362366 0.6358060240745544
0.44255149364471436 0.5915040969848633
0.4714316427707672 0.6631966829299927
0.5656507015228271 0.5485832691192627
0.416963130235672 0.5550017952919006
0.48759251832962036 0.5063239336013794
0.450659841299057 0.6030430793762207
0.4511251151561737 0.5147358179092407
0.5229950547218323 0.5129514932632446
0.4742463231086731 0.5935516953468323
0.48463448882102966 0.6093296408653259
0.4681897461414337 0.5786938071250916
0.4911193251609802 0.6522484421730042
0.48983025550842285 0.5392534136772156
0.4327959716320038 0.6173880100250244
0.40755730867385864 0.5539849996566772
0.494883269071579 0.6178311109542847
0.4355032742023468 0.5888659358024597
0.44884252548217773 0.6124436855316162
0.5560103058815002 0.5577774047851562
0.5136661529541016 0.6533832550048828
0.510811448097229 0.6318849325180054
0.550154983997345 0.5995240211486816
0.558112382888794 0.6128616333007812
0.4837641716003418 0.6245469450950623
0.5586931705474854 0.5940853953361511
0.5137940049171448 0.5475554466247559
0.4646769165992737 0.6241106986999512
0.5507780313491821 0.6152099370956421
0.5439079999923706 0.5314137935638428
0.4184850752353668 0.6014180183410645
0.480476051568985 0.5530595183372498
0.4295387864112854 0.6378623247146606
0.5523101091384888 0.6224275231361389
0.5112438797950745 0.6076422333717346
0.5524293780326843 0.6184622049331665
0.4167451858520508 0.5745875835418701
0.5718646049499512 0.5944523215293884
0.42756882309913635 0.6425986289978027
0.49980881810188293 0.5882129073143005
0.5247564911842346 0.5471232533454895
0.4009324312210083 0.5823121666908264
0.4284074306488037 0.5448499917984009
0.5384713411331177 0.6202660799026489
0.5307655334472656 0.5590797066688538
0.4216151237487793 0.6110122799873352
0.4841873049736023 0.6371314525604248
0.5199440717697144 0.5339374542236328
0.5543490052223206 0.6018673777580261
0.5181695818901062 0.643308162689209
0.4236402213573456 0.5900055170059204
0.5171979069709778 0.5553010106086731
0.4842141568660736 0.6463914513587952
0.413158655166626 0.6009366512298584
0.5442140698432922 0.5435991883277893
0.5036326050758362 0.5365780591964722
0.43636488914489746 0.558285653591156
0.4962695240974426 0.5419862866401672
0.4018614590167999 0.5906605124473572
0.49179986119270325 0.5798476338386536
0.4347377121448517 0.5442672967910767
0.544219434261322 0.5984928011894226
0.4442012310028076 0.5380139946937561
0.4215684235095978 0.5716884732246399
0.5394077897071838 0.6362559795379639
0.44470885396003723 0.5133612155914307
0.40827324986457825 0.612744152545929
0.4826926589012146 0.553109347820282
0.5599125027656555 0.6069169044494629
0.43305909633636475 0.6309211254119873
0.4945704936981201 0.6559774875640869
0.40778154134750366 0.5940002202987671
0.43937787413597107 0.5353911519050598
0.4142247438430786 0.6098087430000305
0.4675816297531128 0.6363460421562195
0.4279892146587372 0.5314477682113647
0.5337384939193726 0.5433288812637329
0.5651639699935913 0.5457697510719299
0.5595418810844421 0.5653917193412781
0.5157211422920227 0.5609416961669922
0.4534977078437805 0.6122420430183411
0.5406209230422974 0.6202697157859802
0.56028813123703 0.5428800582885742
0.44409048557281494 0.6389561295509338
0.5446381568908691 0.5916174650192261
0.40733909606933594 0.6240037679672241
0.4570256769657135 0.633820116519928
0.44890716671943665 0.637819230556488
0.4357471466064453 0.6048386693000793
0.42197996377944946 0.6063268780708313
0.49834495782852173 0.5279170274734497
0.5278183817863464 0.5896685719490051
0.48834654688835144 0.638640820980072
0.42933690547943115 0.5238199234008789
0.5376470685005188 0.5571651458740234
0.5244767069816589 0.5728867650032043
0.45459699630737305 0.6336433291435242
0.5437136292457581 0.5627605319023132
0.435733437538147 0.59931480884552
0.5389191508293152 0.5647563934326172
0.5001875162124634 0.6029517650604248
0.5665838718414307 0.5584908127784729
0.49376240372657776 0.5114229321479797
0.4774201214313507 0.5630331039428711
0.5065595507621765 0.5283333659172058
0.4774915874004364 0.5080867409706116
0.4477653503417969 0.5511708855628967
0.5455818176269531 0.5801361799240112
0.5723299980163574 0.5846036672592163
0.4365001618862152 0.5263194441795349
0.5020624399185181 0.5117722749710083
0.42120787501335144 0.5560076832771301
0.5029241442680359 0.6629135608673096
0.39778196811676025 0.5909720063209534
0.5344008803367615 0.6277473568916321
0.4244571626186371 0.5894361734390259
0.4774048328399658 0.5972529053688049
0.497675359249115 0.5599514245986938
0.42924222350120544 0.5410135984420776
0.5185033679008484 0.6357930302619934
0.5063921213150024 0.5183237791061401
0.5136045217514038 0.535355269908905
0.40224799513816833 0.5927532911300659
0.5090779662132263 0.5504541397094727
0.43066197633743286 0.606404185295105
0.5674543380737305 0.5894899964332581
0.4594108462333679 0.6258114576339722
0.5746138095855713 0.5808722972869873
0.39805880188941956 0.580229640007019
0.5535298585891724 0.5564121603965759
0.4643426239490509 0.631230354309082
0.4438644051551819 0.5641623139381409
0.4930034577846527 0.5879121422767639
0.44693928956985474 0.5283940434455872
0.5522088408470154 0.6302968263626099
0.558775782585144 0.5993329882621765
0.5412548780441284 0.5894598364830017
0.40160873532295227 0.5895024538040161
0.5664901733398438 0.5729268193244934
0.45331302285194397 0.5928759574890137
0.4092054069042206 0.5728136897087097
0.5325499773025513 0.5179216861724854
0.4901232421398163 0.5771762132644653
0.5170249342918396 0.5889682173728943
0.5033876299858093 0.6109722852706909
0.48853760957717896 0.5718339681625366
0.5034396648406982 0.6523749232292175
0.4554532766342163 0.5962848663330078
0.5540603995323181 0.575045108795166
0.4632101058959961 0.58611661195755
0.4792100787162781 0.6019641757011414
0.5683699250221252 0.5849689245223999
0.43512627482414246 0.5897098779678345
0.4337764084339142 0.6267673373222351
0.47421517968177795 0.5263001322746277
0.4643665850162506 0.6362999081611633
0.48206064105033875 0.6460322737693787
0.4059804379940033 0.6164340972900391
0.5498069524765015 0.6330231428146362
0.412061870098114 0.619265079498291
0.5170084834098816 0.5442007184028625
0.4625398516654968 0.5572097301483154
0.493313193321228 0.5099628567695618
0.4359666705131531 0.5471392273902893
0.44681280851364136 0.5626347661018372
0.5658472776412964 0.5996216535568237
0.5620763301849365 0.5816609859466553
0.49123144149780273 0.5510286092758179
0.440352201461792 0.5318202972412109
0.5723265409469604 0.5842203497886658
0.5402960777282715 0.5676321983337402
0.4074968099594116 0.5756426453590393
0.4029861092567444 0.5907082557678223
0.5419657826423645 0.541697084903717
0.5201905965805054 0.5247002243995667
0.5070236325263977 0.5327215194702148
0.5575397610664368 0.6288453936576843
0.5723433494567871 0.5848377346992493
0.5331493616104126 0.5465477705001831
0.42897552251815796 0.5819108486175537
0.4629141390323639 0.6202929615974426
0.44985541701316833 0.5356528162956238
0.4848769009113312 0.6641144752502441
0.44347959756851196 0.5200972557067871
0.4361739754676819 0.647723376750946
0.507703423500061 0.6087710857391357
0.5396648645401001 0.527787983417511
0.48806139826774597 0.5075156092643738
0.4667334258556366 0.6078106164932251
0.5087698101997375 0.6402976512908936
0.45756796002388 0.6086533069610596
0.5117301940917969 0.5174292325973511
0.5572229027748108 0.6034061312675476
0.5177248120307922 0.5619769096374512
0.4067830741405487 0.5526840686798096
0.4684693217277527 0.5113005638122559
0.5338372588157654 0.5371254086494446
0.5227240324020386 0.639033854007721
0.48973941802978516 0.6666320562362671
0.4934542775154114 0.5231285095214844
0.4884578585624695 0.6607107520103455
0.534769594669342 0.5986534953117371
0.48000824451446533 0.5866159200668335
0.44083094596862793 0.520422101020813
0.5002703666687012 0.6091142296791077
0.5268233418464661 0.5924769639968872
0.5127102732658386 0.5740100145339966
0.4142726957798004 0.5870567560195923
0.5556648373603821 0.6189486384391785
0.430768758058548 0.5282633900642395
0.45518869161605835 0.5787565112113953
0.573914647102356 0.5856122970581055
0.502825140953064 0.5220510363578796
0.4009305238723755 0.5907476544380188
0.4505794048309326 0.6325569152832031
0.4949413239955902 0.5601131916046143
0.5668095350265503 0.5786619186401367
0.5359862446784973 0.550351619720459
0.45786765217781067 0.5232360363006592
0.5334881544113159 0.6298401951789856
0.485447496175766 0.5876703858375549
0.4811002314090729 0.5316381454467773
0.4546205401420593 0.5315858721733093
0.44170472025871277 0.6401210427284241
0.5119830369949341 0.6047573685646057
0.5585417747497559 0.6253582239151001
0.5579382181167603 0.5871857404708862
0.40404900908470154 0.610032320022583
0.5151730179786682 0.6215082406997681
0.45742034912109375 0.5939116477966309
0.540886402130127 0.5771524906158447
0.5560562014579773 0.5785170793533325
0.5319582223892212 0.6064077019691467
0.5371321439743042 0.6118661761283875
0.5276116728782654 0.5308328866958618
0.4522542357444763 0.5140654444694519
0.3986712098121643 0.5953472256660461
0.4811987280845642 0.516859769821167
0.45616409182548523 0.5392502546310425
0.4326256215572357 0.6050220727920532
0.4829913079738617 0.5352519154548645
0.4537363648414612 0.5781329274177551
0.40042030811309814 0.5839329957962036
0.5419068932533264 0.5941480398178101
0.5011329054832458 0.5948765873908997
0.44953951239585876 0.6279563903808594
0.4943464398384094 0.5230693221092224
0.4128977060317993 0.6122159361839294
0.5684959292411804 0.602588415145874
0.45813170075416565 0.5106435418128967
0.4206640124320984 0.5328938364982605
0.44656091928482056 0.5336716175079346
0.4784018397331238 0.6434739828109741
0.5027891993522644 0.5259895920753479
0.4712636172771454 0.5533795952796936
0.5360552668571472 0.5789285898208618
0.4762493371963501 0.6391128301620483
0.5324057340621948 0.6408002376556396
0.43094709515571594 0.5449440479278564
0.4348753094673157 0.5435187816619873
0.4735943675041199 0.6558657884597778
0.4079112410545349 0.6017648577690125
0.49033817648887634 0.5221933722496033
0.4540977478027344 0.5420752763748169
0.5171467661857605 0.5177974104881287
0.518300473690033 0.6521334052085876
0.3980034589767456 0.5942125916481018
0.4923710227012634 0.5528396368026733
0.42692917585372925 0.6387059092521667
0.4502022862434387 0.5435969233512878
0.4083395302295685 0.602485716342926
0.5449586510658264 0.5416762232780457
0.48413026332855225 0.6477184295654297
0.43334850668907166 0.6302769184112549
0.40877044200897217 0.5532723069190979
0.4455045759677887 0.5300920605659485
0.4508627653121948 0.5383064150810242
0.5127626657485962 0.6212073564529419
0.49908527731895447 0.5085822343826294
0.45093753933906555 0.566714882850647
0.4190894067287445 0.5498518943786621
0.3986177444458008 0.5776163935661316
0.4233390688896179 0.5295743346214294
0.5435234904289246 0.6366567015647888
0.53462815284729 0.5678209662437439
0.4684395492076874 0.6270784139633179
0.48007142543792725 0.6188843250274658
0.5651403069496155 0.5515533089637756
0.4998571574687958 0.5878321528434753
0.5027015209197998 0.6343498229980469
0.5512295365333557 0.5993289947509766
0.4805985689163208 0.5882710218429565
0.5606656074523926 0.600796103477478
0.4128417372703552 0.6297851800918579
0.5044079422950745 0.5442342758178711
0.5116479396820068 0.5850865244865417
0.4503302276134491 0.5824782252311707
0.506278932094574 0.5269131660461426
0.5276310443878174 0.5721715688705444
0.5604440569877625 0.6103466153144836
0.5039224624633789 0.5085176229476929
0.5151636600494385 0.5617116093635559
0.5253079533576965 0.6499863862991333
0.48772165179252625 0.6072347164154053
0.49092647433280945 0.5083977580070496
0.49417605996131897 0.5057442784309387
0.5225814580917358 0.6109358072280884
0.49233874678611755 0.6067770719528198
0.46586909890174866 0.6415587067604065
0.40884408354759216 0.6225227117538452
0.5390878319740295 0.6508068442344666
0.5177676677703857 0.5388307571411133
0.4366465210914612 0.575969934463501
0.5064917206764221 0.6185764670372009
0.5515402555465698 0.6171014904975891
0.5259150266647339 0.6055293083190918
0.4727817177772522 0.6490620970726013
0.4739009141921997 0.5793293118476868
0.4403570592403412 0.6203653812408447
0.5349915623664856 0.5747979283332825
0.49705269932746887 0.5404912233352661
0.5249161720275879 0.5191695094108582
0.46210429072380066 0.6485742926597595
0.4132974147796631 0.5834569931030273
0.5629794001579285 0.5894848108291626
0.4430352449417114 0.6338949799537659
0.44524383544921875 0.5953493714332581
0.5373067259788513 0.5789256691932678
0.4168068468570709 0.6249017119407654
0.5044739246368408 0.5722030997276306
0.42081326246261597 0.5579578280448914
0.5207459330558777 0.5957261323928833
0.4373084306716919 0.6018222570419312
0.41753435134887695 0.6130676865577698
0.41660454869270325 0.5717008113861084
0.5015222430229187 0.5847377181053162
0.41009455919265747 0.6012470722198486
0.4898357689380646 0.6606826186180115
0.47217974066734314 0.5804547071456909
0.43712201714515686 0.6204153299331665
0.4184865951538086 0.554172933101654
0.5505239367485046 0.583328902721405
0.44850635528564453 0.5624467730522156
0.5477282404899597 0.6257465481758118
0.5559463500976562 0.6263065338134766
0.4606740474700928 0.5221133828163147
0.48271557688713074 0.6022496819496155
0.4082961082458496 0.5647735595703125
0.4616853594779968 0.6437775492668152
0.5515772700309753 0.6065877676010132
0.4822956621646881 0.5739737749099731
0.5074645280838013 0.5712431073188782
0.41688331961631775 0.6101164221763611
0.5067362785339355 0.5733556151390076
0.4551822245121002 0.5112249255180359
0.5331336259841919 0.5690907835960388
0.5462400913238525 0.6312944293022156
0.4727504551410675 0.5897650718688965
0.41153082251548767 0.5837295651435852
0.4432245194911957 0.5283041000366211
0.41010749340057373 0.618541955947876
0.521206259727478 0.6545388698577881
0.3979344964027405 0.5879009962081909
0.5458796620368958 0.6310158371925354
0.4471795856952667 0.6305108070373535
0.43594253063201904 0.5221649408340454
0.4389684200286865 0.5321735143661499
0.5020388960838318 0.523982048034668
0.5429589748382568 0.5388823747634888
0.46569156646728516 0.549508273601532
0.4120422601699829 0.5431894659996033
0.5016085505485535 0.6111727952957153
0.4088948667049408 0.6139363646507263
0.5471935272216797 0.556541383266449
0.5415793061256409 0.6000490784645081
0.4504282772541046 0.5370678901672363
0.4130341112613678 0.6199472546577454
0.44938117265701294 0.5654109120368958
0.4569764733314514 0.5668065547943115
0.5396146178245544 0.5917111039161682
0.4394668638706207 0.5972074866294861
0.4862300753593445 0.6463232040405273
0.4229663610458374 0.6381895542144775
0.4158037602901459 0.620675802230835
0.5514051914215088 0.5478583574295044
0.4136456549167633 0.5974342226982117
0.4377521276473999 0.6328333020210266
0.4642336964607239 0.6097384691238403
0.4001886248588562 0.5848654508590698
0.5446362495422363 0.6377337574958801
0.5090912580490112 0.5863556265830994
0.5618314743041992 0.6051847338676453
0.4952661693096161 0.5426387786865234
0.5602923035621643 0.6077141165733337
0.5549559593200684 0.5498631000518799
0.47902536392211914 0.5221083164215088
0.5280974507331848 0.5803995728492737
0.40339162945747375 0.6038726568222046
0.568196713924408 0.5544025897979736
0.4881783723831177 0.6080960035324097
0.44470763206481934 0.6226459741592407
0.4731573760509491 0.6105852723121643
0.5610708594322205 0.5555883049964905
0.5123262405395508 0.5548824667930603
0.5197282433509827 0.636084794998169
0.5157351493835449 0.6133466362953186
0.48927727341651917 0.5753807425498962
0.5108028650283813 0.5455724596977234
0.5323814153671265 0.6194409132003784
0.3994615972042084 0.5906409025192261
0.5452299118041992 0.5322175025939941
0.4988395869731903 0.6570855975151062
0.4003213346004486 0.5837166905403137
0.4010936915874481 0.5914056897163391
0.4526878595352173 0.6501718759536743
0.5457205772399902 0.5714735388755798
0.4403318762779236 0.5185707211494446
0.5416915416717529 0.5488957166671753
0.5571891665458679 0.6239898800849915
0.41611960530281067 0.6009590029716492
0.563167154788971 0.6071343421936035
0.4656405448913574 0.5312206745147705
0.5194600224494934 0.6183018684387207
0.494966983795166 0.6105261445045471
0.48719021677970886 0.5550638437271118
0.5605239868164062 0.5482580065727234
0.4866882860660553 0.6346054077148438
0.4646035134792328 0.6135188341140747
0.4306597411632538 0.521013617515564
0.5369643568992615 0.6096605062484741
0.48522257804870605 0.6553633213043213
0.5418863296508789 0.6063734889030457
0.5447743535041809 0.5987738370895386
0.4292401671409607 0.5381985306739807
0.460571825504303 0.6517664790153503
0.4778258800506592 0.5102089643478394
0.44371676445007324 0.5963407754898071
0.5432114601135254 0.5590927600860596
0.5230642557144165 0.5306698679924011
0.535367488861084 0.6360712051391602
0.5238097310066223 0.5289244055747986
0.5363095998764038 0.6405804753303528
0.5704315304756165 0.5956359505653381
0.43903300166130066 0.5942014455795288
0.5018158555030823 0.524486780166626
0.4136505126953125 0.5459955334663391
0.5669664144515991 0.56563800573349
0.4011682868003845 0.5866938829421997
0.5601000189781189 0.6029713153839111
0.5000693202018738 0.5415881872177124
0.5171772241592407 0.5950084328651428
0.4816575050354004 0.6189633011817932
0.5348588824272156 0.6098342537879944
0.4962804615497589 0.5918594598770142
0.548434853553772 0.6260765194892883
0.4073384702205658 0.6246031522750854
0.5684939622879028 0.5741031765937805
0.4936620891094208 0.5028764009475708
0.4788188636302948 0.6569755673408508
0.419185072183609 0.6389814019203186
0.44659069180488586 0.6190395951271057
0.5649423003196716 0.5552167296409607
0.4439854323863983 0.6525519490242004
0.484031617641449 0.517230212688446
0.4312683343887329 0.5626618266105652
0.45826706290245056 0.5422996282577515
0.4032388925552368 0.6133084893226624
0.4424883723258972 0.6141096353530884
0.5299437046051025 0.5443536639213562
0.4259622097015381 0.559909999370575
0.5720912218093872 0.5785260200500488
0.40377217531204224 0.5844183564186096
0.5219828486442566 0.6452070474624634
0.48254573345184326 0.6157374978065491
0.5354885458946228 0.6506847739219666
0.5466939806938171 0.5944084525108337
0.48028942942619324 0.5067682862281799
0.48766589164733887 0.6185404658317566
0.47657960653305054 0.6558005809783936
0.41297823190689087 0.6074284911155701
0.4934714436531067 0.6639063954353333
0.5658966302871704 0.6037445068359375
0.45941394567489624 0.6492218375205994
0.4418783187866211 0.5778945088386536
0.4456136226654053 0.5528098940849304
0.5594285726547241 0.613698422908783
0.5334765911102295 0.5713499188423157
0.5378289222717285 0.6301999092102051
0.4639887809753418 0.5421328544616699
0.5081522464752197 0.5767360925674438
0.5247279405593872 0.5319640040397644
0.4816722869873047 0.5065127015113831
0.5177529454231262 0.5139496922492981
0.4217287600040436 0.6203115582466125
0.40552112460136414 0.5750859975814819
0.42717528343200684 0.5452220439910889
0.43944528698921204 0.5192395448684692
0.45681023597717285 0.533507227897644
0.4588271677494049 0.647692859172821
0.5007064938545227 0.582624614238739
0.42901739478111267 0.6256913542747498
0.5070834159851074 0.5470645427703857
0.42808783054351807 0.6017616391181946
0.5072479248046875 0.5129362344741821
0.5543074011802673 0.54628986120224
0.49468886852264404 0.5222821831703186
0.5033997297286987 0.5672760009765625
0.4578585624694824 0.6118594408035278
0.4654902219772339 0.5818236470222473
0.4692537188529968 0.5927444100379944
0.5250277519226074 0.5859439373016357
0.4256593883037567 0.6373798251152039
0.5046494007110596 0.5644958019256592
0.4181934893131256 0.548054575920105
0.5237066745758057 0.5428737998008728
0.40364155173301697 0.5574157238006592
0.5324609875679016 0.5863815546035767
0.4923861622810364 0.6154164671897888
0.4725129008293152 0.6140214800834656
0.5689069032669067 0.5876615643501282
0.5623138546943665 0.6181007623672485
0.5741525292396545 0.5866554975509644
0.45434269309043884 0.6450971961021423
0.4865776300430298 0.5214731097221375
0.4868808686733246 0.6470426321029663
0.4048355519771576 0.619300365447998
0.558032751083374 0.5617639422416687
0.5098156929016113 0.576123833656311
0.526453971862793 0.601500391960144
0.5216947197914124 0.5493034720420837
0.5425246953964233 0.6389350295066833
0.5268921256065369 0.587104082107544
0.5153912901878357 0.5388290882110596
0.45671331882476807 0.5779425501823425
0.5612449645996094 0.6180581450462341
0.4753267467021942 0.573237419128418
0.5525428056716919 0.6015995740890503
0.5589908361434937 0.5583328604698181
0.4507509768009186 0.5505990386009216
0.5159851908683777 0.525100827217102
0.4720933735370636 0.6648229360580444
0.5655871033668518 0.5917513966560364
0.4999382793903351 0.5211149454116821
0.48298195004463196 0.6123504638671875
0.4481784403324127 0.6362738013267517
0.48180270195007324 0.6136355996131897
0.41894569993019104 0.5884720683097839
0.5036104917526245 0.5752293467521667
0.5264015793800354 0.5451717972755432
0.44972074031829834 0.5452942848205566
0.5200753211975098 0.5235636234283447
0.5106918811798096 0.5240864753723145
0.41420063376426697 0.575059175491333
0.5486462712287903 0.5376062393188477
0.5514379143714905 0.6129636764526367
0.5564475059509277 0.5809805989265442
0.5102488398551941 0.6514531970024109
0.5402025580406189 0.5371124148368835
0.5426691174507141 0.5362138152122498
0.5483145713806152 0.5492981672286987
0.5094271898269653 0.5519325137138367
0.4611670970916748 0.5102064609527588
0.5313037037849426 0.5355684161186218
0.5102302432060242 0.6118496656417847
0.4484397768974304 0.6301154494285583
0.49470099806785583 0.5252869129180908
0.5099296569824219 0.5779755115509033
0.43314334750175476 0.5346159934997559
0.4266490936279297 0.5934650301933289
0.4723474383354187 0.5249733924865723
0.5614597797393799 0.6197874546051025
0.4438694417476654 0.5413522720336914
0.3981744050979614 0.5822796821594238
0.5193718671798706 0.5150377154350281
0.5696960687637329 0.5682851076126099
0.56322181224823 0.6150050163269043
0.5226735472679138 0.5646650195121765
0.45591410994529724 0.6251418590545654
0.4732019007205963 0.544926643371582
0.49239858984947205 0.5624661445617676
0.503684937953949 0.5323306322097778
0.42774873971939087 0.5813157558441162
0.5669057369232178 0.5467942357063293
0.5240824222564697 0.5162518620491028
0.4357433319091797 0.5336267352104187
0.5606601238250732 0.5889436602592468
0.5551198124885559 0.5414677858352661
0.47071948647499084 0.5980632901191711
0.4267631769180298 0.6320605874061584
0.5513702034950256 0.6365495920181274
0.559707522392273 0.5785443186759949
0.569477379322052 0.5602192282676697
0.41233891248703003 0.5410315990447998
0.5624598264694214 0.5652661919593811
0.5183080434799194 0.6103177666664124
0.512126088142395 0.6444138884544373
0.4839465618133545 0.6260954141616821
0.4400999844074249 0.5614938139915466
0.5247178077697754 0.5288903117179871
0.4473702907562256 0.5174016952514648
0.5717001557350159 0.573058009147644
0.4743844270706177 0.5672218799591064
0.413196861743927 0.6270214319229126
0.47712305188179016 0.5044804811477661
0.45501694083213806 0.5478253960609436
0.4178925156593323 0.5372043251991272
0.4627101719379425 0.6213696599006653
0.5582680106163025 0.626204788684845
0.48473507165908813 0.5619623064994812
0.43882444500923157 0.5397804975509644
0.5220247507095337 0.5941529273986816
0.5550004243850708 0.6124504208564758
0.5513361692428589 0.5500895380973816
0.4730844795703888 0.5195239186286926
0.46210259199142456 0.5955604314804077
0.5064179301261902 0.6346209645271301
0.5327370762825012 0.6336917877197266
0.4820324778556824 0.6472722887992859
0.4498888850212097 0.553878903388977
0.5419029593467712 0.5904822945594788
0.4636496305465698 0.5186371207237244
0.5212297439575195 0.5511098504066467
0.47063779830932617 0.5315101146697998
0.534412682056427 0.6109018921852112
0.42950835824012756 0.6385567784309387
0.5714503526687622 0.5841009020805359
0.5116072297096252 0.6572808623313904
0.483188271522522 0.5135658383369446
0.45280253887176514 0.5517939329147339
0.4879199266433716 0.5306665897369385
0.4142414629459381 0.6310694217681885
0.4067371189594269 0.5523203015327454
0.5217366218566895 0.583322286605835
0.400442510843277 0.5872741341590881
0.4403128921985626 0.5759099125862122
0.5709848403930664 0.5835127234458923
0.40996232628822327 0.6045812368392944
0.4246751070022583 0.6162676811218262
0.5705026984214783 0.5862519145011902
0.4129345715045929 0.5704182982444763
0.5416654944419861 0.5324721932411194
0.5564860105514526 0.5869884490966797
0.5627623200416565 0.593756914138794
0.5737228393554688 0.583548367023468
0.4980451464653015 0.5145448446273804
0.48677772283554077 0.6355096101760864
0.4163329005241394 0.5656132102012634
0.41044554114341736 0.6066502332687378
0.5474308729171753 0.5429219007492065
0.40778011083602905 0.5995975732803345
0.5546146631240845 0.6300756931304932
0.5024323463439941 0.5949149131774902
0.4754170775413513 0.5760314464569092
0.5493924021720886 0.6227766871452332
0.3993625342845917 0.5741621851921082
0.4926345944404602 0.541394054889679
0.4376925826072693 0.5190322995185852
0.5067751407623291 0.5288913249969482
0.4044448435306549 0.5776376128196716
0.4748137891292572 0.5577053427696228
0.45108845829963684 0.5581886768341064
0.49631720781326294 0.563518226146698
0.5383287668228149 0.5554813742637634
0.5630512833595276 0.5820897817611694
0.4383797347545624 0.5814085006713867
0.509111225605011 0.6062843203544617
0.4193262755870819 0.6037752032279968
0.5087819695472717 0.581469714641571
0.4439999759197235 0.5598641633987427
0.4983825087547302 0.6526557803153992
0.4264476001262665 0.5232642292976379
0.4786137342453003 0.5072215795516968
0.5503817200660706 0.5879290699958801
0.5464208722114563 0.5499861836433411
0.5669667720794678 0.56557297706604
0.567896842956543 0.5964332222938538
0.48386359214782715 0.6019175052642822
0.4851887822151184 0.6564156413078308
0.506273627281189 0.6456441283226013
0.46348556876182556 0.5262615084648132
0.5192980766296387 0.5906131863594055
0.5067445039749146 0.66275554895401
0.47616568207740784 0.5838460922241211
0.49489539861679077 0.5780851244926453
0.49427467584609985 0.6320548057556152
0.5194565653800964 0.6165684461593628
0.48811742663383484 0.5790485739707947
0.4775749146938324 0.6462008357048035
0.5149829387664795 0.5488631725311279
0.5037776827812195 0.6029899716377258
0.5714308619499207 0.5717837810516357
0.5107279419898987 0.5466882586479187
0.47721096873283386 0.5327438712120056
0.4460773766040802 0.5233867168426514
0.4179508686065674 0.5946208238601685
0.510157585144043 0.5577264428138733
0.4652268588542938 0.5682729482650757
0.4026035666465759 0.6061182022094727
0.5442078113555908 0.6144488453865051
0.40755829215049744 0.5572637915611267
0.4763157367706299 0.6112725734710693
0.5385309457778931 0.6170693635940552
0.5551753044128418 0.5847024917602539
0.47902557253837585 0.6270031332969666
0.4252663850784302 0.5378120541572571
0.5459886193275452 0.5537529587745667
0.4246392846107483 0.567250669002533
0.5000919699668884 0.5538544654846191
0.49921295046806335 0.5784387588500977
0.5568407773971558 0.6110228300094604
0.4063358008861542 0.5550196170806885
0.5171234607696533 0.6068059206008911
0.5430296063423157 0.5496171116828918
0.46424755454063416 0.5507909655570984
0.47570544481277466 0.6428971886634827
0.4293158948421478 0.5871421098709106
0.5402956604957581 0.6196709871292114
0.5402212738990784 0.6352329254150391
0.4683723747730255 0.586321234703064
0.46407002210617065 0.547274112701416
0.43064218759536743 0.5236087441444397
0.5201687812805176 0.5131317377090454
0.48189082741737366 0.5614854693412781
0.4928634762763977 0.6132448315620422
0.5156580805778503 0.5142751932144165
0.5186816453933716 0.5414157509803772
0.433021605014801 0.5992213487625122
0.5518683791160583 0.6260704398155212
0.5602979063987732 0.6055877208709717
0.4714770019054413 0.6612814664840698
0.49138370156288147 0.6200111508369446
0.5456181168556213 0.6174566149711609
0.5582846999168396 0.5497861504554749
0.4032399356365204 0.5941152572631836
0.4661826491355896 0.6175863146781921
0.5707123875617981 0.5970444083213806
0.4923036992549896 0.5903272032737732
0.5142129063606262 0.6397829651832581
0.5524289011955261 0.5473633408546448
0.41354531049728394 0.6270250678062439
0.5101093053817749 0.5138466358184814
0.42249706387519836 0.558261513710022
0.5383483171463013 0.6096346378326416
0.3999978005886078 0.5727708339691162
0.4848562777042389 0.6057291030883789
0.4247780740261078 0.6321626305580139
0.5688364505767822 0.5775293111801147
0.4189269244670868 0.5572831630706787
0.4580138623714447 0.5895270705223083
0.4449946880340576 0.6219225525856018
0.5716739296913147 0.5937770009040833
0.431534081697464 0.5781162977218628
0.4252374470233917 0.6261312365531921
0.5469938516616821 0.5895815491676331
0.5225142240524292 0.6622702479362488
0.5497934818267822 0.5623957514762878
0.49283847212791443 0.5521303415298462
0.48606595396995544 0.6185957193374634
0.4864317774772644 0.6132075786590576
0.5382259488105774 0.6057934761047363
0.5181630253791809 0.6608164310455322
0.40588298439979553 0.5787273049354553
0.5742188692092896 0.5814984440803528
0.5220803022384644 0.5233353972434998
0.44147324562072754 0.5722352266311646
0.4961391091346741 0.5891141891479492
0.48908835649490356 0.586614727973938
0.5443805456161499 0.6164755821228027
0.46005678176879883 0.6321106553077698
0.5117230415344238 0.5887234807014465
0.5556768178939819 0.5819717645645142
0.4060916006565094 0.5619962811470032
0.42133742570877075 0.5438380241394043
0.447169691324234 0.6064295768737793
0.45684269070625305 0.6342097520828247
0.4532167613506317 0.6462610960006714
0.4455348551273346 0.6377535462379456
0.4631647765636444 0.6320203542709351
0.44959506392478943 0.6346732378005981
0.41896992921829224 0.5405623316764832
0.5517582893371582 0.6320074796676636
0.5562283396720886 0.5818667411804199
0.4831104576587677 0.5166757702827454
0.4367322027683258 0.5596073269844055
0.5049564242362976 0.5752584338188171
0.4331372082233429 0.6309254169464111
0.43594077229499817 0.5742645859718323
0.42966488003730774 0.549676239490509
0.44745683670043945 0.5841107368469238
0.4863223731517792 0.5300653576850891
0.5660600662231445 0.5565735101699829
0.4661295711994171 0.5376133322715759
0.4396688640117645 0.5287554264068604
0.5157593488693237 0.6115491986274719
0.5051745176315308 0.5050328969955444
0.4681470990180969 0.5725070834159851
0.5709312558174133 0.5724780559539795
0.43478554487228394 0.609584629535675
0.4226451814174652 0.5278030037879944
0.475143700838089 0.6311622262001038
0.4809119701385498 0.5234251618385315
0.5679959654808044 0.5664083957672119
0.5308164358139038 0.5743023157119751
0.4469531774520874 0.6321118474006653
0.48990732431411743 0.6290852427482605
0.48927009105682373 0.5693376064300537
0.5610832571983337 0.5675451159477234
0.41886836290359497 0.5387177467346191
0.47430118918418884 0.5714882016181946
0.4103555977344513 0.577530026435852
0.5060690641403198 0.5125675201416016
0.5080699920654297 0.6568780541419983
0.4390409290790558 0.5214365720748901
0.5189420580863953 0.6003015637397766
0.5023987889289856 0.547915518283844
0.4298956096172333 0.5468428134918213
0.3985616862773895 0.5904114246368408
0.480266809463501 0.6628668904304504
0.5205917358398438 0.6515451073646545
0.5652301907539368 0.6047934889793396
0.5089492201805115 0.6029554605484009
0.40271735191345215 0.5758793354034424
0.47604531049728394 0.5338903665542603
0.5630664825439453 0.5968120694160461
0.531653642654419 0.61033695936203
0.5593632459640503 0.5504310727119446
0.4145583510398865 0.5443853735923767
0.5096012353897095 0.5088954567909241
0.4840840697288513 0.6606376767158508
0.5105119347572327 0.5968650579452515
0.4164792597293854 0.5601604580879211
0.44734516739845276 0.599532425403595
0.5329185128211975 0.5396420359611511
0.41765689849853516 0.5827381610870361
0.5326589941978455 0.5514355897903442
0.5137969255447388 0.551868736743927
0.49709558486938477 0.5438982844352722
0.47707802057266235 0.6236730813980103
0.5480042695999146 0.5584756135940552
0.4151238203048706 0.5916851162910461
0.4013133645057678 0.5653930306434631
0.44841110706329346 0.639306366443634
0.3993891477584839 0.5760546922683716
0.41160932183265686 0.5746396780014038
0.42007240653038025 0.6346773505210876
0.41277652978897095 0.594461977481842
0.45370012521743774 0.5125798583030701
0.5148080587387085 0.6140283346176147
0.5601724982261658 0.6014080047607422
0.5331985354423523 0.5854812264442444
0.49389031529426575 0.5112720727920532
0.4122937321662903 0.5980755090713501
0.40901702642440796 0.5790385007858276
0.4746212959289551 0.6511603593826294
0.4701690375804901 0.6193706393241882
0.5302894115447998 0.5824194550514221
0.5296074748039246 0.5863563418388367
0.4954453408718109 0.6545366048812866
0.5381320714950562 0.6486430764198303
0.48183250427246094 0.6192196011543274
0.45661115646362305 0.6433359980583191
0.5420569777488708 0.6337730288505554
0.4092913568019867 0.5677067041397095
0.5186799764633179 0.6364243626594543
0.4760492444038391 0.60805344581604
0.4783218204975128 0.6288188695907593
0.48444023728370667 0.6388044357299805
0.4270230829715729 0.6389133334159851
0.4818049669265747 0.5109328627586365
0.46331626176834106 0.5580534338951111
0.4886603057384491 0.626257061958313
0.5581629276275635 0.5527235865592957
0.4038645029067993 0.5926920771598816
0.4479544460773468 0.6359756588935852
0.5436354279518127 0.611230194568634
0.498792827129364 0.5941048860549927
0.44231751561164856 0.6360256671905518
0.4992900490760803 0.5074566006660461
0.45113444328308105 0.5854889750480652
0.5200722813606262 0.650381863117218
0.5187257528305054 0.5764013528823853
0.4223530888557434 0.5867547392845154
0.40441492199897766 0.6024844646453857
0.514112114906311 0.5254749059677124
0.5689231753349304 0.5799359083175659
0.5666385889053345 0.5980326533317566
0.45351606607437134 0.5616230964660645
0.487495094537735 0.5789961814880371
0.4031476080417633 0.5993191003799438
0.5097700953483582 0.5061398148536682
0.5144280195236206 0.5443095564842224
0.5198112726211548 0.5868300795555115
0.5575811266899109 0.5581458210945129
0.41781049966812134 0.6222603917121887
0.549164354801178 0.6151279211044312
0.44769087433815 0.5368527770042419
0.5155182480812073 0.5343161225318909
0.41581273078918457 0.5816473960876465
0.5095165967941284 0.5424804091453552
0.45962291955947876 0.585917592048645
0.4107086956501007 0.551864504814148
0.41868358850479126 0.6322900652885437
0.4040657877922058 0.5721914768218994
0.4957274794578552 0.5479073524475098
0.43482959270477295 0.5753114819526672
0.4431867003440857 0.6132299900054932
0.517207682132721 0.5859193801879883
0.48155897855758667 0.6101269721984863
0.5053244233131409 0.5224130749702454
0.4738958775997162 0.6639068126678467
0.421781450510025 0.5710030794143677
0.4635901153087616 0.5914487838745117
0.4233778715133667 0.5600924491882324
0.477751225233078 0.6442344188690186
0.4686625301837921 0.651927649974823
0.5309085845947266 0.5300714373588562
0.43733012676239014 0.6467384099960327
0.40278199315071106 0.6013169288635254
0.4561687707901001 0.5149236917495728
0.4186878502368927 0.5885012745857239
0.5117825269699097 0.5588147640228271
0.4857097268104553 0.5521676540374756
0.44278809428215027 0.5145284533500671
0.5503231287002563 0.5738143920898438
0.5357557535171509 0.5326033234596252
0.5320791602134705 0.5407094359397888
0.5001660585403442 0.5693164467811584
0.46906712651252747 0.6573656797409058
0.43461844325065613 0.6376786828041077
0.40619733929634094 0.6201708316802979
0.5487636923789978 0.6034443974494934
0.5486211180686951 0.5410844087600708
0.5608903169631958 0.6069962978363037
0.4723719358444214 0.5070569515228271
0.5245473384857178 0.6149151921272278
0.4249253571033478 0.5926547646522522
0.41553592681884766 0.5470061898231506
0.525763213634491 0.6140583157539368
0.5267384648323059 0.5669598579406738
0.534440279006958 0.6183785200119019
0.5123408436775208 0.6637852787971497
0.4082276523113251 0.5730383396148682
0.5236828923225403 0.5892000794410706
0.48724666237831116 0.6004183888435364
0.4997323155403137 0.5036894679069519
0.40664324164390564 0.5805708765983582
0.5304904580116272 0.5996092557907104
0.5725212693214417 0.5731682777404785
0.5624509453773499 0.5626009702682495
0.492717444896698 0.5220766663551331
0.48177143931388855 0.6524614691734314
0.4200887978076935 0.578805685043335
0.47346073389053345 0.5273918509483337
0.44186943769454956 0.6379035115242004
0.43645626306533813 0.5162023305892944
0.45545774698257446 0.5143659710884094
0.5527908205986023 0.6247619986534119
0.5596937537193298 0.5723657608032227
0.5082387328147888 0.6437452435493469
0.4379584491252899 0.5914075970649719
0.4329826533794403 0.5710569024085999
0.44058504700660706 0.6406169533729553
0.4153044819831848 0.5775235295295715
0.5618605613708496 0.6108439564704895
0.4871365427970886 0.5167946815490723
0.40399327874183655 0.5905592441558838
0.4820442199707031 0.6281667351722717
0.41120800375938416 0.6063868403434753
0.5196303725242615 0.5284671187400818
0.5262569189071655 0.5421142578125
0.5302382707595825 0.5550380945205688
0.4498003423213959 0.5548336505889893
0.5228886008262634 0.6232872009277344
0.4068283140659332 0.6060686707496643
0.45075422525405884 0.5377402305603027
0.42821604013442993 0.5227554440498352
0.4718506932258606 0.599419355392456
0.4165138602256775 0.5796576738357544
0.430370032787323 0.5211736559867859
0.4489292502403259 0.550564169883728
0.44401901960372925 0.5451456308364868
0.41914767026901245 0.5583326816558838
0.44920632243156433 0.5920964479446411
0.46997764706611633 0.5782995223999023
0.5360289216041565 0.5637412667274475
0.5306026935577393 0.6384613513946533
0.43833136558532715 0.5438549518585205
0.571516215801239 0.5707917809486389
0.42522701621055603 0.5818568468093872
0.4199657440185547 0.555840253829956
0.4661068916320801 0.5449923872947693
0.4307108223438263 0.5787802338600159
0.50920170545578 0.5200812220573425
0.4787306487560272 0.6591100692749023
0.5583406686782837 0.5653159022331238
0.4041604697704315 0.5796030759811401
0.459437757730484 0.6297037601470947
0.5720140337944031 0.589954137802124
0.4029942452907562 0.579414963722229
0.4072668254375458 0.6183739304542542
0.41510629653930664 0.598824679851532
0.5085593461990356 0.5719636082649231
0.5204261541366577 0.606951892375946
0.5135485529899597 0.6327264904975891
0.5094626545906067 0.6375309228897095
0.5570341944694519 0.6168240904808044
0.499915212392807 0.6139295697212219
0.49420690536499023 0.5049148201942444
0.4714779555797577 0.617786705493927
0.47942492365837097 0.5181734561920166
0.4137721359729767 0.6338806748390198
0.41432854533195496 0.569439172744751
0.4870987832546234 0.6663745045661926
0.49008819460868835 0.5394445657730103
0.42330366373062134 0.6215586066246033
0.5262041687965393 0.6216479539871216
0.4066370129585266 0.5532028675079346
0.41166552901268005 0.5740805268287659
0.43422746658325195 0.5461665987968445
0.44591817259788513 0.5111535787582397
0.4090125560760498 0.5744836926460266
0.4077017605304718 0.5572689771652222
0.41459938883781433 0.5919516682624817
0.5321640372276306 0.5325417518615723
0.46105945110321045 0.5630314946174622
0.5017443895339966 0.516484797000885
0.5042321085929871 0.5107644200325012
0.454253613948822 0.6404613852500916
0.46695196628570557 0.6378951668739319
0.5690184235572815 0.5985509157180786
0.5326104164123535 0.6053991913795471
0.4256705045700073 0.63051438331604
0.4831809401512146 0.5445495247840881
0.4293898940086365 0.5709853768348694
0.5237529277801514 0.5227267146110535
0.44679972529411316 0.6560371518135071
0.4284796118736267 0.5412850975990295
0.4151703715324402 0.5604010820388794
0.4754360020160675 0.5288400650024414
0.47509169578552246 0.6661656498908997
0.4387987554073334 0.5664030313491821
0.5392159819602966 0.5947305560112
0.3990294635295868 0.5865857005119324
0.46273747086524963 0.5163477659225464
0.509419858455658 0.5872863531112671
0.39813292026519775 0.595374345779419
0.455722451210022 0.5750759243965149
0.4268029034137726 0.5326692461967468
0.5245653986930847 0.5470283031463623
0.4000709056854248 0.5767049193382263
0.4232717752456665 0.6185883283615112
0.39835941791534424 0.5885961651802063
0.48427578806877136 0.5691565871238708
0.42450088262557983 0.5548844933509827
0.4417053163051605 0.6445663571357727
0.44576510787010193 0.6314679384231567
0.4725385010242462 0.5878572463989258
0.5519840717315674 0.5470210313796997
0.44873523712158203 0.5681232213973999
0.5075187683105469 0.5824793577194214
0.4990054965019226 0.5448824763298035
0.4319407343864441 0.571815550327301
0.5013487339019775 0.5231177806854248
0.49784746766090393 0.6391347050666809
0.5068674683570862 0.5428909659385681
0.45628494024276733 0.5271427631378174
0.5466513633728027 0.5508772730827332
0.528418779373169 0.534228503704071
0.45369547605514526 0.5311199426651001
0.5173258781433105 0.65701824426651
0.5177762508392334 0.5153539180755615
0.499010294675827 0.5658119916915894
0.5557565093040466 0.5778605341911316
0.5370378494262695 0.5959611535072327
0.5295193195343018 0.6279752850532532
0.4410705268383026 0.6185629367828369
0.4494331181049347 0.6292068958282471
0.5028170347213745 0.6109985709190369
0.3999079167842865 0.5761128067970276
0.4340759813785553 0.6036998629570007
0.4070534110069275 0.6099855899810791
0.4835449159145355 0.505108654499054
0.5201826691627502 0.6642163991928101
0.5302446484565735 0.5697370171546936
0.5457892417907715 0.6416469812393188
0.56654292345047 0.595378041267395
0.5623998641967773 0.5781247019767761
0.40736138820648193 0.5560554265975952
0.4041205048561096 0.5787205696105957
0.47926393151283264 0.5264768600463867
0.3988860249519348 0.5756147503852844
0.547319769859314 0.6310213804244995
0.5421119332313538 0.5598776936531067
0.39916425943374634 0.6008713245391846
0.5336986780166626 0.5349048376083374
0.4539230167865753 0.6165987253189087
0.4859869182109833 0.5202566385269165
0.45736271142959595 0.5666487216949463
0.5653390884399414 0.6015339493751526
0.48619893193244934 0.5072743892669678
0.5420949459075928 0.6000839471817017
0.4515873193740845 0.5712835788726807
0.5589558482170105 0.6201159358024597
0.40876826643943787 0.6145917177200317
0.46503838896751404 0.554213285446167
0.49292871356010437 0.61971515417099
0.48461273312568665 0.54438316822052
0.5567030906677246 0.5694575905799866
0.456898033618927 0.5294756889343262
0.5450076460838318 0.5931589603424072
0.47648927569389343 0.6207440495491028
0.4539428651332855 0.6067569255828857
0.4037908911705017 0.59150630235672
0.4866960644721985 0.6674042344093323
0.5608932375907898 0.6022729277610779
0.5473247766494751 0.5305687189102173
0.47507989406585693 0.6018281579017639
0.40342405438423157 0.603371798992157
0.4307931661605835 0.587003767490387
0.5640437006950378 0.6142790913581848
0.4035433232784271 0.5848187804222107
0.47468194365501404 0.5803477168083191
0.4056347608566284 0.6137481331825256
0.41931456327438354 0.6377959251403809
0.5544631481170654 0.6093935370445251
0.49216336011886597 0.6559603810310364
0.400317519903183 0.5892803072929382
0.47700396180152893 0.5069499611854553
0.43508392572402954 0.5995319485664368
0.41889896988868713 0.546931266784668
0.5046555399894714 0.5317121744155884
0.5118262767791748 0.6443489789962769
0.5442472100257874 0.6442413926124573
0.5152561664581299 0.5623124837875366
0.41663840413093567 0.6345550417900085
0.44932591915130615 0.5335226058959961
0.4411304295063019 0.5994320511817932
0.560429036617279 0.5717675685882568
0.4851667582988739 0.5420293211936951
0.5313427448272705 0.5468073487281799
0.44413748383522034 0.5313153266906738
0.5476877689361572 0.559719443321228
0.5489148497581482 0.610487699508667
0.5280665159225464 0.5362787246704102
0.42010626196861267 0.5518710017204285
0.49153897166252136 0.607209324836731
0.5690947771072388 0.6012166738510132
0.48691296577453613 0.5265331864356995
0.4612078368663788 0.5785287022590637
0.5077124238014221 0.55794757604599
0.4014730751514435 0.5726845860481262
0.4237346053123474 0.5296455025672913
0.4710322916507721 0.6013087034225464
0.4781169593334198 0.6262345314025879
0.5050901174545288 0.6097148656845093
0.39861905574798584 0.5750246047973633
0.5275825262069702 0.5783411860466003
0.4011305868625641 0.5866420865058899
0.5169758796691895 0.640927255153656
0.5676670670509338 0.5598898530006409
0.4135880768299103 0.5626071691513062
0.5230947136878967 0.5171380639076233
0.49911826848983765 0.6323544979095459
0.45518454909324646 0.6593397855758667
0.4376866817474365 0.5702037215232849
0.5500806570053101 0.5748739242553711
0.48288407921791077 0.5457528829574585
0.4355855882167816 0.622345507144928
0.5552845597267151 0.5864599943161011
0.5491955876350403 0.596764087677002
0.39784863591194153 0.5866802930831909
0.49745118618011475 0.5314738154411316
0.46991166472435 0.6621605157852173
0.4302283525466919 0.6412984728813171
0.4038275182247162 0.6031216979026794
0.417649507522583 0.6009948253631592
0.45029956102371216 0.5262981653213501
0.5571144819259644 0.586032509803772
0.43423008918762207 0.5771739482879639
0.5215761065483093 0.5687257647514343
0.4873151481151581 0.6573741436004639
0.5689035058021545 0.5708195567131042
0.48272329568862915 0.5596570372581482
0.4138816297054291 0.6030701398849487
0.402929425239563 0.6113828420639038
0.5211601257324219 0.6193926334381104
0.45986926555633545 0.5479791760444641
0.5218304991722107 0.6345582604408264
0.557661771774292 0.6090359091758728
0.5408160090446472 0.5356375575065613
0.5138827562332153 0.5686364769935608
0.5339675545692444 0.5848162770271301
0.42120397090911865 0.6114930510520935
0.543341338634491 0.5773572325706482
0.5148370265960693 0.5181823968887329
0.4029741883277893 0.5811454653739929
0.4431332051753998 0.5904810428619385
0.4867077171802521 0.5994997620582581
0.5498614311218262 0.5757280588150024
0.4225414991378784 0.613243043422699
0.48855409026145935 0.5171573162078857
0.5202944278717041 0.5209842920303345
0.4622300863265991 0.5706721544265747
0.5066037178039551 0.5372143387794495
0.4656786620616913 0.6601086258888245
0.5557279586791992 0.5738697052001953
0.526902437210083 0.5777394771575928
0.4343447685241699 0.6255833506584167
0.5433703064918518 0.6018654704093933
0.45435866713523865 0.536003828048706
0.5645045042037964 0.572274923324585
0.4061148166656494 0.5858951807022095
0.5313816070556641 0.5819238424301147
0.5142825841903687 0.6290181875228882
0.4990554749965668 0.508464515209198
0.43188977241516113 0.6064808368682861
0.4532930552959442 0.5502868294715881
0.41605666279792786 0.5974459052085876
0.4208742082118988 0.635403037071228
0.41109809279441833 0.5713814496994019
0.4340221881866455 0.5863626003265381
0.5457799434661865 0.5900425314903259
0.5613489151000977 0.613484263420105
0.546399712562561 0.5834932923316956
0.569334089756012 0.5528052449226379
0.5486789345741272 0.5969167351722717
0.5024762749671936 0.5888455510139465
0.4021648168563843 0.5610572695732117
0.41763535141944885 0.6369560360908508
0.4048808217048645 0.6143347024917603
0.5643068552017212 0.549651026725769
0.43048471212387085 0.5477892756462097
0.43730250000953674 0.5313750505447388
0.4050294756889343 0.5863232016563416
0.49868908524513245 0.6599294543266296
0.4213438928127289 0.5767339468002319
0.4506768584251404 0.584833562374115
0.45111656188964844 0.5297240018844604
0.4591166377067566 0.5097104907035828
0.4807129204273224 0.53773432970047
0.43439263105392456 0.643404483795166
0.46836113929748535 0.5318393111228943
0.4925196170806885 0.6033045649528503
0.45868125557899475 0.6347534656524658
0.45797696709632874 0.6054231524467468
0.5453593730926514 0.5726146697998047
0.4701719880104065 0.6137675046920776
0.4103583097457886 0.62022864818573
0.5476166605949402 0.6035665273666382
0.4081469476222992 0.5992185473442078
0.4304502308368683 0.5685553550720215
0.4105406701564789 0.6012527942657471
0.4606466293334961 0.5976601243019104
0.542695939540863 0.6168073415756226
0.49301210045814514 0.6244103908538818
0.5036007761955261 0.5889773368835449
0.4406791627407074 0.5783268213272095
0.4704802632331848 0.5315618515014648
0.558441162109375 0.627511739730835
0.496175080537796 0.5557994842529297
0.5021358132362366 0.5649697184562683
0.4251806139945984 0.5362200736999512
0.44006651639938354 0.5204827189445496
0.5087376832962036 0.5597161650657654
0.5614833235740662 0.5715981721878052
0.4394351840019226 0.5517604947090149
0.4242922365665436 0.5974074006080627
0.46279802918434143 0.576343834400177
0.40975162386894226 0.5906140804290771
0.41101139783859253 0.5994484424591064
0.5312308669090271 0.5751602649688721
0.5444319248199463 0.6011018753051758
0.48304471373558044 0.6195096969604492
0.5175666213035583 0.5319870114326477
0.5627594590187073 0.589715301990509
0.4951099753379822 0.6212399005889893
0.4780672788619995 0.637715756893158
0.5468463897705078 0.6339736580848694
0.5628742575645447 0.5826128721237183
0.412717342376709 0.6039784550666809
0.5180084705352783 0.5670896172523499
0.4529523253440857 0.5513025522232056
0.4738333225250244 0.6089367270469666
0.401754230260849 0.5661396980285645
0.5186889171600342 0.6648464202880859
0.5327860713005066 0.5594007968902588
0.48882946372032166 0.6660961508750916
0.48030930757522583 0.5470066070556641
0.47209060192108154 0.6615431904792786
0.5133312940597534 0.5186527371406555
0.41905808448791504 0.5567350387573242
0.4955035150051117 0.597969651222229
0.42627307772636414 0.5257188081741333
0.40697893500328064 0.6226646900177002
0.4229695200920105 0.5283092260360718
0.4460653066635132 0.5816461443901062
0.47854551672935486 0.66078120470047
0.5485003590583801 0.6102110147476196
0.5340247750282288 0.5178559422492981
0.5093495845794678 0.635143518447876
0.43420174717903137 0.5588671565055847
0.4652404487133026 0.5826689004898071
0.4073638319969177 0.5593184232711792
0.5479953289031982 0.6124351024627686
0.5276401042938232 0.586029589176178
0.5024213790893555 0.5801540017127991
0.4788200855255127 0.666630744934082
0.436819851398468 0.5480077862739563
0.5097320675849915 0.6006104350090027
0.516027569770813 0.5170989632606506
0.5256577134132385 0.5820288062095642
0.548011302947998 0.5859072208404541
0.41790705919265747 0.6247267723083496
0.5439906120300293 0.5959730744361877
0.41133439540863037 0.5517598390579224
0.4858166575431824 0.6212210655212402
0.49800434708595276 0.5799617767333984
0.4940583407878876 0.5244869589805603
0.4327605962753296 0.6091604828834534
0.480948269367218 0.5806174874305725
0.5413820147514343 0.5267744064331055
0.5321565270423889 0.5212012529373169
0.5348159670829773 0.5310357809066772
0.41436588764190674 0.6059789657592773
0.4171600341796875 0.5668597221374512
0.45566919445991516 0.5787747502326965
0.5157900452613831 0.6396936178207397
0.5248099565505981 0.6001892685890198
0.4446098208427429 0.5691884756088257
0.5337666869163513 0.6547955274581909
0.4146135747432709 0.6073781847953796
0.4689454734325409 0.5789752006530762
0.48994114995002747 0.5142421722412109
0.43199965357780457 0.5808444619178772
0.40443116426467896 0.5875939130783081
0.4488823115825653 0.544530987739563
0.40180137753486633 0.5789362192153931
0.5225351452827454 0.6045516133308411
0.4896806478500366 0.6072868704795837
0.43821510672569275 0.5993724465370178
0.4660395085811615 0.6639697551727295
0.5219034552574158 0.6602845191955566
0.43283510208129883 0.6237897872924805
0.5661342144012451 0.5580809116363525
0.4211813807487488 0.6118833422660828
0.4732486605644226 0.5586972236633301
0.5158017873764038 0.5554750561714172
0.5507342219352722 0.6030917167663574
0.41732290387153625 0.585063099861145
0.4827158749103546 0.5607226490974426
0.5310580730438232 0.5336142778396606
0.5544328689575195 0.6104001402854919
0.5270792245864868 0.6396669745445251
0.5137819647789001 0.6239308714866638
0.42361173033714294 0.56394362449646
0.5362293124198914 0.5986626148223877
0.5128544569015503 0.6215994358062744
0.498605877161026 0.567794680595398
0.39773258566856384 0.5835486054420471
0.4250473082065582 0.6298444271087646
0.4154512882232666 0.5869643688201904
0.42382240295410156 0.6042962670326233
0.40405505895614624 0.5744237303733826
0.5714192986488342 0.5765018463134766
0.4006311595439911 0.5986732244491577
0.47468146681785583 0.5845306515693665
0.45345550775527954 0.5879376530647278
0.5328683257102966 0.5481559634208679
0.49793189764022827 0.6201165318489075
0.4488910734653473 0.6093857884407043
0.40727698802948 0.575607180595398
0.5689964294433594 0.5945878624916077
0.5049402713775635 0.5935226082801819
0.5508918166160583 0.5705400705337524
0.4037427008152008 0.564185619354248
0.40718767046928406 0.5748831629753113
0.5656707286834717 0.5885430574417114
0.4477963149547577 0.516216516494751
0.47140219807624817 0.5241078734397888
0.43052953481674194 0.6348583102226257
0.4835754334926605 0.5621103644371033
0.5617625713348389 0.585311770439148
0.5179080367088318 0.543152928352356
0.535425066947937 0.6431092619895935
0.4409917891025543 0.6039945483207703
0.4933779835700989 0.5769627094268799
0.5277794003486633 0.5781531929969788
0.47230711579322815 0.5522725582122803
0.4911198019981384 0.5058946013450623
0.4248813986778259 0.584926426410675
0.4909000098705292 0.5049547553062439
0.4246460795402527 0.5402323007583618
0.4926374852657318 0.6237249970436096
0.49664923548698425 0.636758029460907
0.4968346953392029 0.6247680187225342
0.4713212847709656 0.6612006425857544
0.4236513078212738 0.5765600800514221
0.4323793947696686 0.5338538885116577
0.5686414837837219 0.5993461012840271
0.5583107471466064 0.5869721174240112
0.4824342131614685 0.57842618227005
0.5628747940063477 0.5996243953704834
0.5054986476898193 0.6414135694503784
0.47901469469070435 0.5665311217308044
0.44018083810806274 0.6531388759613037
0.4821602702140808 0.6439406871795654
0.4263857901096344 0.5354494452476501
0.4038553237915039 0.6169005632400513
0.4610331356525421 0.6553226113319397
0.4258815050125122 0.5771397948265076
0.45060068368911743 0.645408034324646
0.4104825556278229 0.62516188621521
0.488498330116272 0.5559579730033875
0.43343454599380493 0.5745500922203064
0.43852701783180237 0.5627463459968567
0.3977317810058594 0.5824108719825745
0.5626801252365112 0.5995409488677979
0.4580414891242981 0.5492116212844849
0.5336031317710876 0.6465470194816589
0.43818628787994385 0.6310141086578369
0.4069235622882843 0.6218779683113098
0.5066746473312378 0.607194721698761
0.543911337852478 0.5670164227485657
0.4433634877204895 0.6128719449043274
0.46648022532463074 0.5745893716812134
0.48548826575279236 0.581956148147583
0.4326353073120117 0.6131542325019836
0.5222407579421997 0.6513396501541138
0.4909871518611908 0.5120632648468018
0.41744887828826904 0.5573678612709045
0.4499717056751251 0.5987540483474731
0.4307388365268707 0.6419827342033386
0.4896763563156128 0.513931393623352
0.40922415256500244 0.6089621782302856
0.5135287642478943 0.6430826783180237
0.5591310858726501 0.5746975541114807
0.4345279932022095 0.5461384654045105
0.4705313444137573 0.6176223158836365
0.40732496976852417 0.579477071762085
0.5028030872344971 0.6648074984550476
0.5271432995796204 0.5277249813079834
0.4219582676887512 0.6334897875785828
0.5226718187332153 0.5351957678794861
0.4966336488723755 0.6009827852249146
0.50883549451828 0.5567976832389832
0.47606146335601807 0.5971546769142151
0.537746250629425 0.6067095994949341
0.5353503227233887 0.5488592982292175
0.559725284576416 0.6238812208175659
0.4077121317386627 0.5808145403862
0.4225458800792694 0.5508511066436768
0.45261773467063904 0.5773054361343384
0.5132136940956116 0.6404700875282288
0.5506948232650757 0.5408961772918701
0.4054374396800995 0.6210039258003235
0.47910067439079285 0.5358237028121948
0.40130916237831116 0.5824907422065735
0.4318297207355499 0.6317610144615173
0.4487730860710144 0.5619882941246033
0.4622358977794647 0.663172721862793
0.5010547637939453 0.6010029911994934
0.42523080110549927 0.564015805721283
0.5711974501609802 0.5708944797515869
0.567083477973938 0.5580107569694519
0.5541040897369385 0.555392861366272
0.4533798098564148 0.6065824031829834
0.518807590007782 0.5947035551071167
0.4033289849758148 0.5586137175559998
0.4011313319206238 0.6075991988182068
0.5535008907318115 0.6341773867607117
0.4850390553474426 0.6374238729476929
0.5741332769393921 0.5784169435501099
0.4506237804889679 0.5586763620376587
0.4182303845882416 0.6124593019485474
0.46085304021835327 0.5392271280288696
0.5673560500144958 0.555296003818512
0.5206397771835327 0.5145183801651001
0.5426992177963257 0.6290889978408813
0.40270450711250305 0.600250780582428
0.5328847169876099 0.5711828470230103
0.4153859615325928 0.5752905011177063
0.5434975028038025 0.6267110705375671
0.5027936100959778 0.6496904492378235
0.4860515296459198 0.6469715237617493
0.4435042440891266 0.5236845016479492
0.4737933874130249 0.6334332227706909
0.404643714427948 0.5570625066757202
0.42206624150276184 0.6078595519065857
0.4286508560180664 0.5543341040611267
0.4169600009918213 0.5779014825820923
0.405559778213501 0.5800601243972778
0.440278023481369 0.6040481925010681
0.46321719884872437 0.5636229515075684
0.42094406485557556 0.5409179329872131
0.4684654474258423 0.5979691743850708
0.41053736209869385 0.5808034539222717
0.46492087841033936 0.6364911198616028
0.5349658131599426 0.6081199645996094
0.5004453063011169 0.652345597743988
0.4232848584651947 0.5323601961135864
0.4041514992713928 0.5833320617675781
0.5038353800773621 0.5852515697479248
0.47886693477630615 0.5065250992774963
0.5273475050926208 0.6505764126777649
0.47819122672080994 0.5884634256362915
0.44142791628837585 0.6237912178039551
0.524417519569397 0.6561776399612427
0.5148547291755676 0.5418249368667603
0.5312456488609314 0.6376397609710693
0.43383172154426575 0.5930232405662537
0.5383148789405823 0.5280030369758606
0.4030763506889343 0.6136159896850586
0.5276891589164734 0.528491199016571
0.5441856384277344 0.6367675065994263
0.5532947182655334 0.5587375164031982
0.4318906366825104 0.550797700881958
0.4765763282775879 0.6080127358436584
0.435555636882782 0.5968040823936462
0.4709966778755188 0.5595693588256836
0.49645718932151794 0.6457544565200806
0.5289736986160278 0.5510911345481873
0.5399414896965027 0.556052565574646
0.41977593302726746 0.6380321979522705
0.5422595143318176 0.5686761140823364
0.573523998260498 0.5848996043205261
0.5702478289604187 0.5737804770469666
0.4165247678756714 0.586158037185669
0.4085569977760315 0.6198449730873108
0.4980275332927704 0.5234202742576599
0.5287632346153259 0.5723662972450256
0.4944474399089813 0.5265780687332153
0.507472038269043 0.6661320328712463
0.5145888924598694 0.6258790493011475
0.569561779499054 0.5748554468154907
0.41026073694229126 0.5507072806358337
0.5336462259292603 0.5601137280464172
0.47209593653678894 0.555794894695282
0.5645734071731567 0.5599788427352905
0.5568544864654541 0.5938376188278198
0.44382965564727783 0.6173104643821716
0.4352445602416992 0.55217045545578
0.4007706642150879 0.5823092460632324
0.5353352427482605 0.5909423232078552
0.41450226306915283 0.5750274658203125
0.5435118079185486 0.5476968288421631
0.4709566533565521 0.6634220480918884
0.4247788190841675 0.6274741888046265
0.4721478521823883 0.6052067279815674
0.5697162747383118 0.5915396213531494
0.5515857338905334 0.5934034585952759
0.46481162309646606 0.5587460994720459
0.5517074465751648 0.5977968573570251
0.5072326064109802 0.5300769209861755
0.5306799411773682 0.5266019105911255
0.4722071588039398 0.5502346158027649
0.44156911969184875 0.5830429196357727
0.5012339949607849 0.5382910966873169
0.5181513428688049 0.6324881911277771
0.4190513789653778 0.5795820951461792
0.5103321671485901 0.5856775045394897
0.5233011245727539 0.5253577828407288
0.428594708442688 0.5257292985916138
0.530945360660553 0.65229332447052
0.4062100946903229 0.589117705821991
0.5444552898406982 0.606270968914032
0.39865076541900635 0.5784950852394104
0.5582396984100342 0.6008411049842834
0.5274724364280701 0.5276941657066345
0.4080345332622528 0.5928375720977783
0.5085439085960388 0.537333071231842
0.5650250911712646 0.5706315636634827
0.43480202555656433 0.5219549536705017
0.4448941648006439 0.6488129496574402
0.48660680651664734 0.6179829239845276
0.5428503155708313 0.5446143746376038
0.4246654510498047 0.5730336904525757
0.4522911012172699 0.5166230797767639
0.5257628560066223 0.6312808990478516
0.43741679191589355 0.5933501720428467
0.47442343831062317 0.5505881905555725
0.4409940540790558 0.559842586517334
0.5017736554145813 0.6490843296051025
0.570431113243103 0.5759556293487549
0.5227342844009399 0.5819268822669983
0.5365317463874817 0.5959184169769287
0.4487479031085968 0.5185155868530273
0.4604344666004181 0.5221075415611267
0.5528626441955566 0.5423303246498108
0.4327097237110138 0.6057833433151245
0.4800451099872589 0.5975978374481201
0.5012510418891907 0.6520043611526489
0.5084877610206604 0.6196084022521973
0.5210380554199219 0.5280347466468811
0.4424159824848175 0.6303677558898926
0.5331480503082275 0.5463120341300964
0.4307372570037842 0.5200812220573425
0.5729771852493286 0.5736204385757446
0.5633273720741272 0.5801867246627808
0.5707962512969971 0.5797566175460815
0.472258061170578 0.6255207657814026
0.5719525218009949 0.5724259614944458
0.5072452425956726 0.5965682864189148
0.5321164131164551 0.5161871910095215
0.43366870284080505 0.6117879748344421
0.49441951513290405 0.5861790776252747
0.4277181029319763 0.5610736012458801
0.451748251914978 0.6328812837600708
0.4228614270687103 0.5656595826148987
0.4626738429069519 0.6108635067939758
0.40714898705482483 0.5691391229629517
0.440847247838974 0.5384272336959839
0.5589602589607239 0.5671764016151428
0.428382009267807 0.5909649729728699
0.44527432322502136 0.5720567107200623
0.5398185849189758 0.6485258340835571
0.44172537326812744 0.6493598818778992
0.4062296450138092 0.5638813376426697
0.5175879597663879 0.6220371127128601
0.5299515128135681 0.5494759678840637
0.47339850664138794 0.6321008801460266
0.4124149978160858 0.5544303059577942
0.4580177962779999 0.5436213612556458
0.48076292872428894 0.6667895913124084
0.4951336979866028 0.6424153447151184
0.433742880821228 0.5188736319541931
0.5077090263366699 0.5136290192604065
0.40121179819107056 0.6103227734565735
0.5730431079864502 0.5863214731216431
0.525138795375824 0.6065104603767395
0.5737131834030151 0.5846778750419617
0.42050933837890625 0.6332365870475769
0.5055125951766968 0.5252076387405396
0.5134404301643372 0.5717183947563171
0.4433775544166565 0.572604775428772
0.5464963912963867 0.6318362951278687
0.44025519490242004 0.5185759663581848
0.49190273880958557 0.6659811735153198
0.4455273449420929 0.5740460753440857
0.5534583330154419 0.5693361759185791
0.5376610159873962 0.6177331209182739
0.4091928005218506 0.6025601029396057
0.46645474433898926 0.6168588399887085
0.44823896884918213 0.6071699261665344
0.49761199951171875 0.592704176902771
0.5459872484207153 0.5425788760185242
0.5293550491333008 0.5508770942687988
0.4037201702594757 0.5747116208076477
0.4027654230594635 0.5888558030128479
0.45777785778045654 0.5396193861961365
0.4723524749279022 0.630743145942688
0.5606125593185425 0.5538541674613953
0.5385907888412476 0.55971759557724
0.4633221924304962 0.5105594992637634
0.5534086227416992 0.611696183681488
0.4258023798465729 0.5480069518089294
0.5043960809707642 0.5595589280128479
0.5080975890159607 0.6388476490974426
0.40019115805625916 0.5932433605194092
0.5116168260574341 0.5467219948768616
0.3990637958049774 0.5770524144172668
0.4967029094696045 0.5655204653739929
0.4398307204246521 0.5454567074775696
0.43857842683792114 0.5733323693275452
0.40442711114883423 0.5659557580947876
0.4957926869392395 0.6346457600593567
0.5169782042503357 0.6328234076499939
0.4917081296443939 0.6242325901985168
0.46358317136764526 0.5573921799659729
0.4417273998260498 0.6537118554115295
0.4971461296081543 0.6587127447128296
0.49618765711784363 0.6311902403831482
0.4974760413169861 0.5334329605102539
0.44698745012283325 0.5938158631324768
0.5721251964569092 0.5916184186935425
0.5049924254417419 0.5414475202560425
0.4993496537208557 0.5180630087852478
0.46389156579971313 0.5778628587722778
0.427462100982666 0.5482268929481506
0.4896460175514221 0.6405723690986633
0.42051398754119873 0.5488811135292053
0.44047486782073975 0.5471445322036743
0.4280488193035126 0.5615440011024475
0.5553545951843262 0.618092954158783
0.4667714834213257 0.5314316153526306
0.5562509298324585 0.5602179169654846
0.41180652379989624 0.6186262965202332
0.4574960470199585 0.5181563496589661
0.48452720046043396 0.53346848487854
0.5455471277236938 0.534699022769928
0.40928030014038086 0.5741820931434631
0.4634450078010559 0.5560458302497864
0.42786693572998047 0.5907698273658752
0.5117296576499939 0.5490922331809998
0.5256737470626831 0.5858059525489807
0.5325322151184082 0.5939339995384216
0.5542848706245422 0.5688789486885071
0.4104081690311432 0.5791521668434143
0.4982823431491852 0.5158100724220276
0.48410359025001526 0.6473443508148193
0.43307310342788696 0.5453299283981323
0.4550238251686096 0.5348597168922424
0.4147629141807556 0.6187705397605896
0.5485925674438477 0.6214555501937866
0.4422840178012848 0.5606513023376465
0.47956016659736633 0.6228756904602051
0.4678221046924591 0.5997147560119629
0.43901515007019043 0.571480929851532
0.4820558428764343 0.5138518810272217
0.4490868151187897 0.5926772952079773
0.4868207573890686 0.522086501121521
0.5391637086868286 0.617358386516571
0.49698692560195923 0.5226861834526062
0.5736290216445923 0.5887179374694824
0.5454038381576538 0.5475499033927917
0.5460785031318665 0.5886626243591309
0.42243123054504395 0.5487743020057678
0.47427934408187866 0.5566432476043701
0.43097180128097534 0.5863801836967468
0.41053012013435364 0.5923733711242676
0.4218393564224243 0.6042884588241577
0.48441988229751587 0.5322293639183044
0.5676608681678772 0.5779082775115967
0.5291717052459717 0.5467008352279663
0.5397438406944275 0.6479241251945496
0.4011741280555725 0.5820499658584595
0.5663601160049438 0.5697651505470276
0.4464886486530304 0.5715758800506592
0.5419992804527283 0.5602203011512756
0.5703386068344116 0.5993128418922424
0.4541076123714447 0.5728997588157654
0.4350902736186981 0.5886732339859009
0.5442086458206177 0.5935901403427124
0.5167806148529053 0.6424934267997742
0.3983634412288666 0.5802319645881653
0.4758407473564148 0.6159038543701172
0.5689638257026672 0.5782848596572876
0.53208988904953 0.5972228646278381
0.5343989729881287 0.6266399621963501
0.4540979862213135 0.546476423740387
0.438405841588974 0.5342662930488586
0.45036789774894714 0.5886239409446716
0.4689514935016632 0.5623244047164917
0.4030117094516754 0.6112837791442871
0.4518030285835266 0.5205428600311279
0.39917996525764465 0.5740033984184265
0.4815802574157715 0.589284360408783
0.5660215020179749 0.5792418718338013
0.5036744475364685 0.6614859700202942
0.5149223208427429 0.6187662482261658
0.4367140829563141 0.6427189707756042
0.49999043345451355 0.6083455681800842
0.43957245349884033 0.5796467661857605
0.4555424451828003 0.6014549136161804
0.49997618794441223 0.517484724521637
0.5576682090759277 0.6086860299110413
0.48029133677482605 0.6582532525062561
0.5680827498435974 0.5898861289024353
0.5294617414474487 0.6259140372276306
0.5381723642349243 0.5844621062278748
0.5153524279594421 0.5919395685195923
0.519612729549408 0.6367661952972412
0.46539488434791565 0.6280103325843811
0.43993982672691345 0.6220219731330872
0.400836318731308 0.6082277894020081
0.5311399102210999 0.5713503956794739
0.5690736174583435 0.5974206924438477
0.5664982199668884 0.5541335940361023
0.5115112662315369 0.5832935571670532
0.48885324597358704 0.6451472043991089
0.5645248293876648 0.5854421257972717
0.49687251448631287 0.5442651510238647
0.5300790667533875 0.6578574776649475
0.40264883637428284 0.560530960559845
0.5026822686195374 0.6239668130874634
0.563194751739502 0.6134939193725586
0.49310579895973206 0.5208835005760193
0.47991952300071716 0.5045875310897827
0.4083869159221649 0.6264707446098328
0.461773544549942 0.6295797824859619
0.425764262676239 0.6026937365531921
0.5533571839332581 0.6191238760948181
0.4410778880119324 0.6030164361000061
0.5445837378501892 0.5512670278549194
0.5594552755355835 0.5961087942123413
0.5009230375289917 0.5170192122459412
0.49138766527175903 0.5457320809364319
0.4886396527290344 0.5968378782272339
0.47574251890182495 0.5707798600196838
0.44183096289634705 0.6077406406402588
0.5209081768989563 0.6301622986793518
0.5264953970909119 0.5860328078269958
0.5001640915870667 0.6003490686416626
0.5567080974578857 0.6050934791564941
0.5369934439659119 0.5897148251533508
0.4809977114200592 0.5211306810379028
0.5388203859329224 0.5387764573097229
0.4319804310798645 0.5976153612136841
0.5537962913513184 0.5833355784416199
0.5606262683868408 0.5971872806549072
0.40828782320022583 0.6150827407836914
0.5630472302436829 0.5831505656242371
0.4217519462108612 0.5377606153488159
0.4376542568206787 0.5753200650215149
0.5550650358200073 0.6090887188911438
0.5589631199836731 0.588892936706543
0.4566037058830261 0.6438579559326172
0.4778345823287964 0.5320404767990112
0.41121459007263184 0.5568004846572876
0.4517056941986084 0.5840533375740051
0.4169427454471588 0.5361933708190918
0.5642068982124329 0.5639405846595764
0.49938178062438965 0.5657263398170471
0.4715617299079895 0.6499156951904297
0.5474987626075745 0.5884621739387512
0.4628165364265442 0.5606733560562134
0.4567391276359558 0.5322473645210266
0.46829548478126526 0.6524275541305542
0.5519047379493713 0.5962677001953125
0.5000834465026855 0.560136616230011
0.4972692131996155 0.6574774384498596
0.47142624855041504 0.5266925692558289
0.42399850487709045 0.6239963173866272
0.4873741567134857 0.5598508715629578
0.5157647132873535 0.5992696285247803
0.514693558216095 0.5678420662879944
0.4148668348789215 0.6193230748176575
0.5284667015075684 0.6465513706207275
0.4802500605583191 0.5335305333137512
0.5325573682785034 0.6176431179046631
0.4919045567512512 0.5637930631637573
0.4083675742149353 0.6108766794204712
0.46665850281715393 0.5660333633422852
0.42735254764556885 0.5961988568305969
0.4205242693424225 0.5477634072303772
0.43493735790252686 0.6444017887115479
0.5587206482887268 0.5662627220153809
0.5503861904144287 0.6087926626205444
0.43177369236946106 0.5994740724563599
0.5707695484161377 0.59100341796875
0.4788326025009155 0.5041775703430176
0.47096365690231323 0.662476658821106
0.567736029624939 0.5769973993301392
0.40882548689842224 0.566681444644928
0.46676623821258545 0.5101379156112671
0.5528386831283569 0.621730625629425
0.4260009527206421 0.5471349358558655
0.43951845169067383 0.6146705746650696
0.4649164378643036 0.5608741641044617
0.4828925132751465 0.6298063397407532
0.4966260492801666 0.6435275673866272
0.5063909888267517 0.652326226234436
0.4220576286315918 0.5490158200263977
0.45188355445861816 0.5925520658493042
0.42024707794189453 0.5863119959831238
0.4687019884586334 0.5268355011940002
0.5384543538093567 0.5355823040008545
0.5247679948806763 0.5890390872955322
0.5248411893844604 0.6474289894104004
0.42565441131591797 0.5935535430908203
0.4760253131389618 0.5186361074447632
0.435219943523407 0.540638267993927
0.5438965559005737 0.5741294622421265
0.4515109658241272 0.6329436898231506
0.4143478274345398 0.590466320514679
0.5210723280906677 0.5258014798164368
0.43923747539520264 0.5707379579544067
0.5094749927520752 0.5665300488471985
0.4821138083934784 0.5774650573730469
0.5377504825592041 0.5341012477874756
0.5526325106620789 0.5789840817451477
0.544659435749054 0.5977503657341003
0.4990162253379822 0.6340352892875671
0.41471701860427856 0.6002337336540222
0.5300865173339844 0.5989078283309937
0.5128533244132996 0.6557993292808533
0.5137748122215271 0.5131815075874329
0.4955507218837738 0.5565067529678345
0.5467768311500549 0.5452836155891418
0.4908476769924164 0.5656521320343018
0.5711511373519897 0.5915816426277161
0.41137298941612244 0.6139149069786072
0.5673379898071289 0.5953418612480164
0.4969470500946045 0.553043007850647
0.5369377136230469 0.6097580194473267
0.42894867062568665 0.5915504097938538
0.5662551522254944 0.5819104909896851
0.48915809392929077 0.6155599355697632
0.4362538754940033 0.585048258304596
0.5583412051200867 0.5821244120597839
0.4510098397731781 0.650723397731781
0.44471079111099243 0.5558515191078186
0.40203824639320374 0.5926476716995239
0.4309285581111908 0.6373167037963867
0.5026276707649231 0.5468751192092896
0.5255208611488342 0.5245165228843689
0.4627035856246948 0.580128014087677
0.5467559099197388 0.5450030565261841
0.5338729619979858 0.5642579197883606
0.43495818972587585 0.5326208472251892
0.4825015664100647 0.5260832905769348
0.41441792249679565 0.5582437515258789
0.4596835672855377 0.6472437381744385
0.4350733757019043 0.6174491047859192
0.5445002913475037 0.5677668452262878
0.5640891194343567 0.6019124984741211
0.5001400709152222 0.5943475365638733
0.43304863572120667 0.5876479744911194
0.5083616375923157 0.6193546652793884
0.5127906799316406 0.6209169626235962
0.5510991811752319 0.5511374473571777
0.44910264015197754 0.5741339921951294
0.5465142130851746 0.627080500125885
0.5531461834907532 0.6254847645759583
0.4854785203933716 0.5857135057449341
0.5622265338897705 0.5574516654014587
0.534432053565979 0.5215780138969421
0.5380793213844299 0.6300222277641296
0.5472498536109924 0.6359326243400574
0.5585057139396667 0.6184666752815247
0.4521549344062805 0.6250001788139343
0.5210091471672058 0.5199766755104065
0.5725938081741333 0.5776446461677551
0.5606735348701477 0.5743259191513062
0.4321853816509247 0.637200653553009
0.5544338226318359 0.6298838257789612
0.45608192682266235 0.5921114683151245
0.4808979332447052 0.6014599204063416
0.4519098103046417 0.6608741879463196
0.5696479082107544 0.5635958313941956
0.5221590995788574 0.52772456407547
0.4355279803276062 0.5743309259414673
0.5000061392784119 0.612307608127594
0.4532044231891632 0.6375311613082886
0.41013145446777344 0.6291743516921997
0.42431744933128357 0.5807196497917175
0.49919143319129944 0.5502024292945862
0.4923015832901001 0.5996456146240234
0.43300968408584595 0.5736681222915649
0.4845326244831085 0.6006379127502441
0.5037598013877869 0.5593235492706299
0.43764108419418335 0.583428680896759
0.5360895395278931 0.5718044638633728
0.5459915399551392 0.582467794418335
0.3981926441192627 0.5785253643989563
0.42327383160591125 0.5894611477851868
0.4586081802845001 0.5665513873100281
0.4248836040496826 0.641185462474823
0.5378004908561707 0.6399798393249512
0.503724992275238 0.589196503162384
0.5003975629806519 0.5886372923851013
0.568976104259491 0.5646520853042603
0.4982837438583374 0.5922760963439941
0.45745545625686646 0.5115468502044678
0.5473272800445557 0.5983179807662964
0.43335962295532227 0.6014653444290161
0.5606851577758789 0.5430318713188171
0.5231053829193115 0.5923182368278503
0.46630042791366577 0.5840497612953186
0.44721266627311707 0.6332486867904663
0.5465030074119568 0.59577876329422
0.41136234998703003 0.5967687368392944
0.4391270577907562 0.6113458275794983
0.5135209560394287 0.5378694534301758
0.4191150367259979 0.5676307678222656
0.480120450258255 0.6507511734962463
0.48264074325561523 0.6546888947486877
0.4812301993370056 0.5285172462463379
0.4198581278324127 0.6011607646942139
0.4632382392883301 0.598429799079895
0.400598406791687 0.5716252326965332
0.4124124348163605 0.5863075852394104
0.5215186476707458 0.5671467185020447
0.4794867932796478 0.583331823348999
0.5226575136184692 0.5756975412368774
0.4446276128292084 0.608132541179657
0.40129953622817993 0.5675599575042725
0.435640424489975 0.6175589561462402
0.5644710659980774 0.5623441934585571
0.5112863183021545 0.5182629227638245
0.4668732285499573 0.5969870686531067
0.5632675290107727 0.602367103099823
0.4633050560951233 0.6212250590324402
0.5601584315299988 0.5488674640655518
0.45443984866142273 0.5191352963447571
0.5577816367149353 0.58658367395401
0.48456278443336487 0.6040663123130798
0.48998939990997314 0.6129136681556702
0.43353185057640076 0.5602684617042542
0.5106430649757385 0.5868426561355591
0.4164322018623352 0.5712783336639404
0.5678560733795166 0.6050450205802917
0.4673649072647095 0.5777509212493896
0.475759357213974 0.5417120456695557
0.4168504774570465 0.5611745715141296
0.4134266972541809 0.5742010474205017
0.47208917140960693 0.5879665017127991
0.49496960639953613 0.508762538433075
0.5106225609779358 0.6470272541046143
0.4285973310470581 0.5355432629585266
0.401630699634552 0.6044635772705078
0.5280749201774597 0.6261219382286072
0.39959320425987244 0.5878733992576599
0.4620802104473114 0.5592092275619507
0.49267908930778503 0.5519087314605713
0.488828182220459 0.6642126441001892
0.42928895354270935 0.642365574836731
0.5175150632858276 0.567370593547821
0.48758599162101746 0.5346189737319946
0.5687758326530457 0.5905754566192627
0.4926913380622864 0.5116068124771118
0.4064246416091919 0.5950170159339905
0.4394485056400299 0.6401786208152771
0.458562970161438 0.5525203943252563
0.4211067855358124 0.6125491857528687
0.553878664970398 0.6011149287223816
0.4405791461467743 0.6084359884262085
0.4586101174354553 0.5794457793235779
0.4156317412853241 0.6095057129859924
0.5239021182060242 0.5627233386039734
0.5317399501800537 0.5633034110069275
0.4849083423614502 0.6559048295021057
0.510154664516449 0.5185017585754395
0.5680620670318604 0.5757747888565063
0.5658738017082214 0.6001536250114441
0.43952804803848267 0.5446994304656982
0.42828893661499023 0.6111266016960144
0.40293341875076294 0.5670630931854248
0.5160333514213562 0.5300565361976624
0.5682266354560852 0.5872990489006042
0.4332955479621887 0.6085183024406433
0.4418002963066101 0.614469587802887
0.40957194566726685 0.586363673210144
0.5573371648788452 0.5492804646492004
0.4650590121746063 0.5150500535964966
0.554911196231842 0.6329149007797241
0.4025419354438782 0.5614683628082275
0.45058226585388184 0.5841236710548401
0.43349751830101013 0.566105306148529
0.573069155216217 0.5830074548721313
0.5491811037063599 0.5490241050720215
0.5293700098991394 0.6430264115333557
0.5578463673591614 0.550099790096283
0.5034132599830627 0.6315226554870605
0.4921533167362213 0.6250423789024353
0.5521653294563293 0.5990184545516968
0.5615905523300171 0.5503356456756592
0.4669528305530548 0.639444887638092
0.5324823260307312 0.5763019323348999
0.45723214745521545 0.6267947554588318
0.4416961371898651 0.5565804839134216
0.4336322546005249 0.6100715398788452
0.4942644238471985 0.6411253213882446
0.4019104242324829 0.6088338494300842
0.47015926241874695 0.6583350300788879
0.46790021657943726 0.5564009547233582
0.4305388927459717 0.5502070784568787
0.5194037556648254 0.6499546766281128
0.4141685366630554 0.6150521039962769
0.5629588961601257 0.5877331495285034
0.47964057326316833 0.5788215398788452
0.49758613109588623 0.6104013323783875
0.4413931965827942 0.6063293218612671
0.47992566227912903 0.660431981086731
0.5378283858299255 0.5792479515075684
0.43456533551216125 0.5327106714248657
0.5196753144264221 0.5273968577384949
0.4712027311325073 0.5337875485420227
0.4979560673236847 0.6471673846244812
0.4901747703552246 0.6181187033653259
0.44808337092399597 0.6337721347808838
0.5510884523391724 0.5904781222343445
0.5691481232643127 0.5756940841674805
0.4975452423095703 0.5954585671424866
0.4026907980442047 0.5667539238929749
0.5639915466308594 0.594955563545227
0.48030325770378113 0.5952978730201721
0.4308840036392212 0.5813363194465637
0.5469321608543396 0.536079466342926
0.5431504845619202 0.6363012194633484
0.42327043414115906 0.5468514561653137
0.4612186551094055 0.5271931886672974
0.5696347951889038 0.5885951519012451
0.47981059551239014 0.6341763138771057
0.44156399369239807 0.6336174607276917
0.40621820092201233 0.5989723205566406
0.5123714804649353 0.6086528301239014
0.48839300870895386 0.5499908924102783
0.46218082308769226 0.5482083559036255
0.5038940906524658 0.6583523750305176
0.42662426829338074 0.5403580665588379
0.5415081977844238 0.5846489071846008
0.48123911023139954 0.6579569578170776
0.4455159902572632 0.5159257054328918
0.4271679222583771 0.6228042244911194
0.5204466581344604 0.551615834236145
0.40367844700813293 0.6034613847732544
0.49564328789711 0.6177306175231934
0.42716312408447266 0.6133279800415039
0.40608787536621094 0.5738645792007446
0.46346315741539 0.5993232727050781
0.4924534559249878 0.6182814836502075
0.5014534592628479 0.6441932320594788
0.49514418840408325 0.525734007358551
0.536483883857727 0.5959944128990173
0.42187413573265076 0.5753054618835449
0.44144004583358765 0.6098701357841492
0.5145658254623413 0.5312574505805969
0.45418617129325867 0.5316477417945862
0.45634695887565613 0.5954049229621887
0.47629812359809875 0.5710948705673218
0.48524418473243713 0.6327486634254456
0.5137159824371338 0.6441903710365295
0.4394947290420532 0.5267419219017029
0.49496206641197205 0.5210235714912415
0.5162861943244934 0.6636390089988708
0.476993203163147 0.6290580630302429
0.5603407025337219 0.5588262677192688
0.48333171010017395 0.5827715992927551
0.40370312333106995 0.5678482055664062
0.4293823540210724 0.5592638850212097
0.552219033241272 0.5513306856155396
0.40103641152381897 0.5644347667694092
0.549551784992218 0.5730040669441223
0.4062631130218506 0.6102550029754639
0.4959695041179657 0.5424177646636963
0.5076216459274292 0.5542694330215454
0.4281540513038635 0.591938853263855
0.4502827823162079 0.6463229656219482
0.46185529232025146 0.5498614311218262
0.42601537704467773 0.6343726515769958
0.4392463266849518 0.5946041941642761
0.505148708820343 0.6497510671615601
0.4267648756504059 0.6140632629394531
0.5722557306289673 0.5926154255867004
0.43719443678855896 0.5969979763031006
0.5688336491584778 0.5645828247070312
0.5114938020706177 0.5964347720146179
0.5176842212677002 0.601375937461853
0.5151891708374023 0.6214002966880798
0.5697769522666931 0.5978756546974182
0.5623555779457092 0.5761098861694336
0.481905996799469 0.6274692416191101
0.5416902899742126 0.539984405040741
0.44460514187812805 0.526007890701294
0.4722041189670563 0.5059065222740173
0.5568422675132751 0.5853064656257629
0.4027148485183716 0.5757017135620117
0.44441625475883484 0.6275752782821655
0.5284795761108398 0.5318408012390137
0.5603858828544617 0.5724042654037476
0.5286003947257996 0.6460719108581543
0.5530015826225281 0.6103435158729553
0.4799225330352783 0.6224339604377747
0.5304383039474487 0.6204399466514587
0.5031639337539673 0.5914308428764343
0.5120484828948975 0.5383782386779785
0.48699286580085754 0.6044126152992249
0.4395448863506317 0.5633062124252319
0.48702165484428406 0.5501920580863953
0.49725863337516785 0.5572283267974854
0.5129008293151855 0.6384575963020325
0.40731412172317505 0.6173617243766785
0.4183487892150879 0.6091441512107849
0.49926817417144775 0.6210035681724548
0.5389686226844788 0.6241440176963806
0.4835032522678375 0.5149114727973938
0.48287639021873474 0.5966624617576599
0.506737232208252 0.5651447176933289
0.4324743449687958 0.6270843148231506
0.41126832365989685 0.5714261531829834
0.5560641884803772 0.5474876761436462
0.5222517251968384 0.6315869688987732
0.42116019129753113 0.5636955499649048
0.5024617910385132 0.5723118185997009
0.44150403141975403 0.6463481187820435
0.43991050124168396 0.5712496638298035
0.5399267077445984 0.6421626806259155
0.40785446763038635 0.5603325963020325
0.4453803300857544 0.5536667108535767
0.4692380726337433 0.546899139881134
0.5342031121253967 0.6462281942367554
0.5150856375694275 0.6614490747451782
0.5041579008102417 0.5521523356437683
0.5033063888549805 0.526442289352417
0.4955328106880188 0.5840734839439392
0.44568949937820435 0.5718951225280762
0.4370461404323578 0.6079890727996826
0.5060760378837585 0.5093232989311218
0.54344642162323 0.6388882398605347
0.443060040473938 0.6295077204704285
0.4261614978313446 0.6356828808784485
0.39859896898269653 0.5760131478309631
0.573076605796814 0.5894465446472168
0.4404418468475342 0.587142288684845
0.4661908447742462 0.6046890020370483
0.44848543405532837 0.5603705644607544
0.5370555520057678 0.5515528917312622
0.5462398529052734 0.5440623760223389
0.5157431960105896 0.6151023507118225
0.45107516646385193 0.5631817579269409
0.4084871709346771 0.5623345375061035
0.48267751932144165 0.6467954516410828
0.48504912853240967 0.6112156510353088
0.5673221945762634 0.6051292419433594
0.45259085297584534 0.5085054636001587
0.4456690847873688 0.5163695216178894
0.544241726398468 0.5396061539649963
0.5062153339385986 0.5263689160346985
0.4825817048549652 0.5578850507736206
0.4178071618080139 0.5763852596282959
0.3993752896785736 0.5829370617866516
0.47563764452934265 0.646357536315918
0.5325281023979187 0.5201779007911682
0.4942173957824707 0.6673260927200317
0.48113518953323364 0.5396274328231812
0.4061950743198395 0.5846794843673706
0.5184957981109619 0.6378337144851685
0.5358845591545105 0.6491723656654358
0.5621236562728882 0.5556772947311401
0.5364186763763428 0.571242094039917
0.5651924014091492 0.6114307045936584
0.490934282541275 0.6670228242874146
0.5727313756942749 0.5828845500946045
0.5490598082542419 0.6295822262763977
0.44362524151802063 0.5745448470115662
0.5354627966880798 0.6152003407478333
0.5680145025253296 0.5994895100593567
0.4889063239097595 0.6656591892242432
0.5365166664123535 0.5713958144187927
0.47728419303894043 0.5141271948814392
0.4966537058353424 0.5306085348129272
0.5204402208328247 0.5823898315429688
0.46969619393348694 0.5915106534957886
0.5203054547309875 0.6388379335403442
0.5590771436691284 0.5782338380813599
0.40777528285980225 0.5488632917404175
0.4420502483844757 0.535115659236908
0.41575464606285095 0.563818097114563
0.42359164357185364 0.6328473091125488
0.5251131653785706 0.5858927369117737
0.4622591435909271 0.5360935926437378
0.48876529932022095 0.6541106700897217
0.4789263606071472 0.5165326595306396
0.4529038667678833 0.6189459562301636
0.46193256974220276 0.6522822380065918
0.4619287848472595 0.596307098865509
0.4063350558280945 0.59360671043396
0.4482536017894745 0.618126392364502
0.4849242568016052 0.5890902280807495
0.4697187542915344 0.5644872784614563
0.5623154640197754 0.5710806250572205
0.5671646595001221 0.5887889862060547
0.5078164935112 0.5670856237411499
0.44068819284439087 0.642585039138794
0.5226355791091919 0.5925006866455078
0.47994595766067505 0.5726193189620972
0.5174601674079895 0.6177464127540588
0.4469596743583679 0.5888211727142334
0.41833925247192383 0.5321657061576843
0.4066041111946106 0.6123486757278442
0.5275316834449768 0.6195446252822876
0.4055587649345398 0.6079778671264648
0.4756220281124115 0.5617728233337402
0.5492066740989685 0.6314355731010437
0.4252888262271881 0.600554347038269
0.42511144280433655 0.605636715888977
0.43028926849365234 0.572178304195404
0.5062883496284485 0.6546993255615234
0.454333633184433 0.6346610188484192
0.5485173463821411 0.6104771494865417
0.4240424335002899 0.6413834095001221
0.5395165085792542 0.6083718538284302
0.539425253868103 0.5380429625511169
0.4368686079978943 0.5887300968170166
0.5356103181838989 0.6151614189147949
0.41590967774391174 0.5807772874832153
0.4813873767852783 0.6394699215888977
0.459913432598114 0.6264584064483643
0.4507562816143036 0.5279959440231323
0.4349666237831116 0.612122654914856
0.41636690497398376 0.5762888193130493
0.48349183797836304 0.565607488155365
0.4415209889411926 0.5938000082969666
0.5564358234405518 0.586584210395813
0.5121932625770569 0.5380624532699585
0.4762061536312103 0.5241938829421997
0.43944087624549866 0.5152236819267273
0.45907899737358093 0.6597586274147034
0.5140586495399475 0.5172837376594543
0.5654119253158569 0.5922022461891174
0.5384173393249512 0.6004411578178406
0.4187591075897217 0.6199042797088623
0.5536988377571106 0.624109148979187
0.4914324879646301 0.59749436378479
0.4788292646408081 0.5331593155860901
0.5661711692810059 0.5676583647727966
0.456216037273407 0.560428261756897
0.5407090783119202 0.5982308983802795
0.43941783905029297 0.6345978379249573
0.47230207920074463 0.5790918469429016
0.4061920940876007 0.5580959320068359
0.42453068494796753 0.5580691695213318
0.47950783371925354 0.6544600129127502
0.44607165455818176 0.5313355922698975
0.523581862449646 0.513558030128479
0.43148088455200195 0.5424647927284241
0.5273863673210144 0.6231464147567749
0.5059928297996521 0.5979768633842468
0.39865225553512573 0.5967257618904114
0.4838011860847473 0.5615750551223755
0.5107115507125854 0.5441080331802368
0.5349311828613281 0.6335375905036926
0.532200276851654 0.563755989074707
0.42926812171936035 0.5611339211463928
0.5735103487968445 0.5874990224838257
0.42268773913383484 0.5623364448547363
0.4799652397632599 0.5495871901512146
0.5447373390197754 0.5635984539985657
0.5417982339859009 0.6222195029258728
0.5252414345741272 0.5362298488616943
0.4499819874763489 0.5395417809486389
0.40798696875572205 0.5859742760658264
0.4976404011249542 0.5595643520355225
0.5177261829376221 0.5334498286247253
0.49347859621047974 0.6399670839309692
0.5031112432479858 0.5464575290679932
0.45437008142471313 0.5731255412101746
0.48331451416015625 0.5505483150482178
0.5276055335998535 0.6268903017044067
0.49266159534454346 0.5691386461257935
0.5216299891471863 0.5483990907669067
0.5536199808120728 0.5834059715270996
0.49469897150993347 0.5788388848304749
0.46024569869041443 0.6269233226776123
0.46466749906539917 0.6327393651008606
0.5545033812522888 0.5606899857521057
0.44697117805480957 0.559276282787323
0.4234097898006439 0.6065647006034851
0.45371297001838684 0.6607618927955627
0.4007599353790283 0.5841091871261597
0.4681861400604248 0.5967350602149963
0.5566454529762268 0.5793474912643433
0.44078880548477173 0.6480745077133179
0.49080416560173035 0.5506880879402161
0.46474167704582214 0.6381967663764954
0.4105152189731598 0.5601075291633606
0.5653361082077026 0.5633529424667358
0.4023267328739166 0.6080169081687927
0.5443562269210815 0.6324737071990967
0.5458871126174927 0.6318351030349731
0.5689656138420105 0.592288076877594
0.5376138091087341 0.5629215836524963
0.4222640097141266 0.592414140701294
0.44250404834747314 0.6415421366691589
0.5746052861213684 0.5822640657424927
0.5068615674972534 0.6269509792327881
0.5468320250511169 0.5337676405906677
0.5158772468566895 0.6272218823432922
0.553092360496521 0.6158521771430969
0.5237604975700378 0.6166334748268127
0.5689637064933777 0.5630306005477905
0.44464629888534546 0.63221275806427
0.4400871694087982 0.5238615870475769
0.4702250063419342 0.6602078676223755
0.4238113760948181 0.573502779006958
0.4690632224082947 0.62985759973526
0.5118194222450256 0.6430041193962097
0.5209763646125793 0.6418966054916382
0.4709630608558655 0.6360333561897278
0.5359468460083008 0.5564080476760864
0.448117733001709 0.5572026371955872
0.4816189408302307 0.5298471450805664
0.48737311363220215 0.6406673192977905
0.4726100564002991 0.5803806185722351
0.47955429553985596 0.5333096981048584
0.4843291640281677 0.6220213174819946
0.49223944544792175 0.641276478767395
0.49621766805648804 0.5069316625595093
0.45350366830825806 0.5274415016174316
0.5268158316612244 0.5782632827758789
0.567139208316803 0.5965121984481812
0.46857669949531555 0.5075736045837402
0.410564124584198 0.603281557559967
0.522965669631958 0.5864997506141663
0.45733997225761414 0.6033318638801575
0.5061236023902893 0.5865926146507263
0.42660319805145264 0.5782442688941956
0.5166441202163696 0.5287773013114929
0.4497595429420471 0.584111213684082
0.5015150904655457 0.5774630904197693
0.4234285354614258 0.615250289440155
0.4582366943359375 0.6474519371986389
0.5422409176826477 0.5780293941497803
0.4089809060096741 0.6029950380325317
0.5690541863441467 0.5762370824813843
0.5376313328742981 0.5279355049133301
0.5702091455459595 0.5906380414962769
0.495557963848114 0.6411293148994446
0.4961605966091156 0.5587133169174194
0.523658037185669 0.6158133745193481
0.4042518734931946 0.6101322174072266
0.5016078352928162 0.5843464136123657
0.49821749329566956 0.604339063167572
0.44725391268730164 0.6510350704193115
0.5149904489517212 0.509742021560669
0.501352071762085 0.5786990523338318
0.574073314666748 0.581621527671814
0.5454437136650085 0.6190024018287659
0.42951521277427673 0.5263979434967041
0.45839083194732666 0.522620677947998
0.4700601100921631 0.5859548449516296
0.5460031032562256 0.6156045198440552
0.43841099739074707 0.560131847858429
0.402863472700119 0.5783416032791138
0.5456475615501404 0.5883440971374512
0.4715028703212738 0.5819950103759766
0.44073858857154846 0.5884762406349182
0.5034139752388 0.6551733613014221
0.5169618129730225 0.538933515548706
0.4918721318244934 0.511360764503479
0.43907418847084045 0.532238245010376
0.5496478080749512 0.6199710965156555
0.5211042761802673 0.5645017027854919
0.44737011194229126 0.6296665668487549
0.4889884293079376 0.6408919095993042
0.5584907531738281 0.5779365301132202
0.4432334005832672 0.6041048169136047
0.46406668424606323 0.6125514507293701
0.40033158659935 0.6074397563934326
0.5192681550979614 0.6480198502540588
0.5340525507926941 0.5327111482620239
0.47574785351753235 0.5383227467536926
0.4879786968231201 0.5797016024589539
0.5017447471618652 0.6061846613883972
0.5535521507263184 0.5812427997589111
0.5272757411003113 0.6080768704414368
0.46206849813461304 0.6267232894897461
0.513441264629364 0.6189860105514526
0.5063111782073975 0.5950691103935242
0.5177178978919983 0.5919774770736694
0.4043879806995392 0.6005058884620667
0.5515166521072388 0.581118106842041
0.5393995642662048 0.6158115863800049
0.528165340423584 0.5972707867622375
0.43190547823905945 0.5828633308410645
0.4488966166973114 0.5576200485229492
0.5370740294456482 0.5942461490631104
0.4811761677265167 0.6080493330955505
0.5419338345527649 0.6479849219322205
0.5615366697311401 0.609158456325531
0.5029436349868774 0.5991964340209961
0.5073580741882324 0.6564502716064453
0.4361411929130554 0.5534297227859497
0.5281766653060913 0.610348641872406
0.513070285320282 0.5680299401283264
0.43727344274520874 0.5994451642036438
0.4211459457874298 0.6000092625617981
0.5506305694580078 0.6338157057762146
0.4992278516292572 0.5664826035499573
0.4443928599357605 0.6027834415435791
0.448485404253006 0.5771216154098511
0.5209830403327942 0.6366848349571228
0.4138377010822296 0.6132185459136963
0.5306007266044617 0.5411328673362732
0.47038859128952026 0.5447068810462952
0.5533871054649353 0.5545783638954163
0.5068137645721436 0.5817919373512268
0.5550740957260132 0.6199907660484314
0.564723789691925 0.5956310033798218
0.4523409307003021 0.5228103995323181
0.5505577325820923 0.5852791666984558
0.5318503379821777 0.5392281413078308
0.4937112331390381 0.6236297488212585
0.4725640118122101 0.6316849589347839
0.5336286425590515 0.5198946595191956
0.4767378866672516 0.5243703126907349
0.4275461733341217 0.6108197569847107
0.40315327048301697 0.5647197961807251
0.563643753528595 0.5644084811210632
0.43547323346138 0.5948647856712341
0.421359658241272 0.6336472630500793
0.48980677127838135 0.5386373996734619
0.4693417549133301 0.5984897017478943
0.4935695230960846 0.6149746775627136
0.5548890829086304 0.5927050709724426
0.5268023014068604 0.5522721409797668
0.44647806882858276 0.567923367023468
0.43755531311035156 0.595244288444519
0.5551164746284485 0.5418270826339722
0.40811774134635925 0.5636040568351746
0.5116875767707825 0.5634312033653259
0.4433872103691101 0.5597572326660156
0.5738173723220825 0.5873221755027771
0.5480464100837708 0.5351220369338989
0.5695687532424927 0.5816754698753357
0.495510071516037 0.6539801955223083
0.5417813658714294 0.5939895510673523
0.47550588846206665 0.5762194395065308
0.4180891513824463 0.6185373067855835
0.5455083847045898 0.6027911901473999
0.4573485851287842 0.5783559679985046
0.43562278151512146 0.517302393913269
0.4858664870262146 0.5337749719619751
0.5737738013267517 0.5829517245292664
0.4156396985054016 0.5624845623970032
0.3990410566329956 0.5930783748626709
0.5649251937866211 0.5819353461265564
0.561030387878418 0.6042484045028687
0.41761869192123413 0.6167165637016296
0.5575793385505676 0.5949070453643799
0.4000997245311737 0.5738118290901184
0.4155981242656708 0.6073393821716309
0.52264004945755 0.6554390788078308
0.5154101848602295 0.6320297122001648
0.5378484129905701 0.6033416986465454
0.5451769828796387 0.6184917092323303
0.49374106526374817 0.5054768323898315
0.4217516779899597 0.5887566804885864
0.41753149032592773 0.5749655365943909
0.531255841255188 0.648074209690094
0.5240867137908936 0.6216146349906921
0.4027019143104553 0.5745866298675537
0.5657109618186951 0.5781479477882385
0.49041828513145447 0.5181541442871094
0.557937502861023 0.5633411407470703
0.4840390682220459 0.6153469085693359
0.4018622934818268 0.6115910410881042
0.4735772907733917 0.5757774710655212
0.4990253448486328 0.5102696418762207
0.5612548589706421 0.5800819993019104
0.458802193403244 0.5310812592506409
0.5563559532165527 0.5837669372558594
0.4309426546096802 0.6234534978866577
0.4459453821182251 0.5373785495758057
0.48146456480026245 0.5756046175956726
0.5092901587486267 0.5115900039672852
0.5731209516525269 0.58470219373703
0.5071831941604614 0.5647839903831482
0.39841192960739136 0.5819839835166931
0.53818678855896 0.6409317255020142
0.4408499300479889 0.557787299156189
0.5448831915855408 0.597525417804718
0.5132846832275391 0.5535702109336853
0.5279197096824646 0.5745752453804016
0.498369425535202 0.5884703993797302
0.40977704524993896 0.5683978199958801
0.5413781404495239 0.6158799529075623
0.5185618996620178 0.5231825709342957
0.41483569145202637 0.6325870156288147
0.477689653635025 0.5208044648170471
0.4453432559967041 0.5177264213562012
0.5055496096611023 0.5079019665718079
0.4543108642101288 0.6090865731239319
0.40001335740089417 0.5959073901176453
0.42749103903770447 0.5460610389709473
0.5365568995475769 0.6345378160476685
0.4334624707698822 0.6163020730018616
0.4796510934829712 0.55181485414505
0.48961248993873596 0.5805866718292236
0.5709672570228577 0.5912880301475525
0.4063941538333893 0.5512409210205078
0.5651745796203613 0.6021067500114441
0.5597098469734192 0.5881860852241516
0.5136704444885254 0.6360664963722229
0.4771186411380768 0.5886869430541992
0.5005760192871094 0.5541460514068604
0.43873560428619385 0.595493733882904
0.511751115322113 0.5079243779182434
0.5635600686073303 0.5852602124214172
0.5227090120315552 0.5287349224090576
0.5512351393699646 0.5477422475814819
0.44318532943725586 0.5358973741531372
0.40221717953681946 0.6070261597633362
0.5448608994483948 0.5810431838035583
0.4271988570690155 0.6092764735221863
0.46015438437461853 0.5524767637252808
0.47347158193588257 0.6495153903961182
0.5517873764038086 0.6383638978004456
0.4313998818397522 0.5302607417106628
0.39844462275505066 0.5817343592643738
0.5129749178886414 0.6408416628837585
0.44434377551078796 0.6434465050697327
0.5568112134933472 0.543309211730957
0.4061070382595062 0.5781259536743164
0.5187883973121643 0.6261148452758789
0.41730743646621704 0.6277197003364563
0.42439067363739014 0.6050552129745483
0.5429081916809082 0.6029344797134399
0.5191632509231567 0.5357699394226074
0.43172013759613037 0.6340187191963196
0.5333858728408813 0.5533505082130432
0.5488477349281311 0.6239631175994873
0.4145034849643707 0.6225776672363281
0.40039482712745667 0.5679007768630981
0.4613246023654938 0.5283698439598083
0.40479719638824463 0.5881101489067078
0.4607502222061157 0.5242437124252319
0.4996807873249054 0.5675678849220276
0.4751395881175995 0.6404389142990112
0.5560851097106934 0.5479655861854553
0.40859144926071167 0.5984401702880859
0.5401565432548523 0.585995614528656
0.47578102350234985 0.5102525353431702
0.5738617181777954 0.5762073993682861
0.5554397106170654 0.5479631423950195
0.5338935256004333 0.5422577857971191
0.5264021158218384 0.6099916100502014
0.5657491683959961 0.5459280610084534
0.4748590886592865 0.6456925272941589
0.43822938203811646 0.6102585196495056
0.4116438031196594 0.6125161051750183
0.5140915513038635 0.6008447408676147
0.4892253279685974 0.5986778140068054
0.47803381085395813 0.6256968975067139
0.561318576335907 0.5802872180938721
0.42924556136131287 0.56207275390625
0.40669068694114685 0.6202325224876404
0.4902152121067047 0.6260291934013367
0.5309872627258301 0.5922289490699768
0.4903489649295807 0.5959439277648926
0.522783637046814 0.5988030433654785
0.47537973523139954 0.631231963634491
0.5437376499176025 0.606041669845581
0.5623405575752258 0.6148542761802673
0.40059196949005127 0.575299859046936
0.560786247253418 0.545298159122467
0.43342098593711853 0.5648161172866821
0.46762964129447937 0.6498569846153259
0.43293192982673645 0.6288594007492065
0.5043625831604004 0.5438278317451477
0.43649399280548096 0.5368175506591797
0.5432895421981812 0.5599883794784546
0.43190082907676697 0.5793734192848206
0.5626013278961182 0.5461684465408325
0.42789050936698914 0.5827407240867615
0.5217966437339783 0.5644481778144836
0.4569356441497803 0.5930623412132263
0.4577123820781708 0.53001469373703
0.526677131652832 0.5502603650093079
0.4349997937679291 0.5326711535453796
0.43798118829727173 0.5982615351676941
0.5653500556945801 0.5963962078094482
0.5507712960243225 0.5804647207260132
0.44194772839546204 0.5295212268829346
0.48012444376945496 0.6286687254905701
0.4074830114841461 0.5498563647270203
0.5553637146949768 0.6133717894554138
0.4825965464115143 0.6160765886306763
0.4759707450866699 0.5358027815818787
0.5215978622436523 0.5555282235145569
0.4653243124485016 0.5525437593460083
0.3983425498008728 0.5784578323364258
0.5102769732475281 0.5250993967056274
0.4805681109428406 0.5719084739685059
0.40452060103416443 0.5714249610900879
0.42360037565231323 0.6117244958877563
0.4886956512928009 0.5886337161064148
0.49360597133636475 0.5024640560150146
0.4072107970714569 0.6135032773017883
0.42812496423721313 0.5377703309059143
0.4184412956237793 0.5613052248954773
0.5729074478149414 0.5878847241401672
0.4253850281238556 0.6099007725715637
0.46280303597450256 0.5305968523025513
0.41694676876068115 0.5855863094329834
0.40544557571411133 0.554719865322113
0.5713058114051819 0.5906055569648743
0.41890111565589905 0.6329540014266968
0.42594122886657715 0.638335645198822
0.49216070771217346 0.656258225440979
0.4922756850719452 0.5668973922729492
0.5527787208557129 0.5406009554862976
0.494309663772583 0.5959938168525696
0.4451044797897339 0.5229158401489258
0.5666440725326538 0.5682175755500793
0.41462740302085876 0.539299488067627
0.5421256422996521 0.590042233467102
0.4980352222919464 0.6182467341423035
0.47949299216270447 0.5588010549545288
0.5689574480056763 0.5748793482780457
0.46637892723083496 0.5797650814056396
0.49053582549095154 0.6035548448562622
0.41466692090034485 0.5640122890472412
0.5113154649734497 0.5405397415161133
0.4850892126560211 0.5991132259368896
0.45550814270973206 0.6564618945121765
0.4906606674194336 0.6210696697235107
0.4304773807525635 0.6055262684822083
0.5485513806343079 0.6059166193008423
0.4116419553756714 0.5873163938522339
0.5640312433242798 0.5604430437088013
0.5494599938392639 0.6414242386817932
0.4842410385608673 0.5899194478988647
0.5123614072799683 0.6078835129737854
0.4664101302623749 0.5244404673576355
0.43836864829063416 0.618302047252655
0.561570405960083 0.5815109014511108
0.5201994180679321 0.5332253575325012
0.426191121339798 0.5457117557525635
0.5250142216682434 0.5343146920204163
0.43147265911102295 0.5416699051856995
0.3986842930316925 0.5810713768005371
0.42150071263313293 0.5823015570640564
0.5375898480415344 0.6103781461715698
0.5035868287086487 0.5568400025367737
0.4249700605869293 0.5884197950363159
0.42641088366508484 0.5333552360534668
0.568382978439331 0.5555667877197266
0.41045546531677246 0.566788911819458
0.4395480453968048 0.5341297388076782
0.48557722568511963 0.6377874612808228
0.46944090723991394 0.5258234739303589
0.46743956208229065 0.6529489755630493
0.5561241507530212 0.6103390455245972
0.5674304366111755 0.6036679148674011
0.4552931785583496 0.5110693573951721
0.41437071561813354 0.6085397601127625
0.5581614375114441 0.613114595413208
0.42557892203330994 0.6098378300666809
0.4978655278682709 0.553913414478302
0.5220171213150024 0.5503084659576416
0.4089578092098236 0.613885760307312
0.4065105617046356 0.5684961080551147
0.5686203837394714 0.5606217384338379
0.5195285677909851 0.5936850309371948
0.44869494438171387 0.6364057064056396
0.40067505836486816 0.5734202265739441
0.463556706905365 0.5470151305198669
0.4591050148010254 0.6573193073272705
0.5461174845695496 0.6362473964691162
0.43630534410476685 0.568134605884552
0.45126721262931824 0.6048484444618225
0.4677160084247589 0.5553951859474182
0.5418586730957031 0.6264294981956482
0.5163682103157043 0.6295722126960754
0.4627770185470581 0.6627726554870605
0.5374043583869934 0.5911208987236023
0.4424315094947815 0.5910552740097046
0.5221802592277527 0.5537788271903992
0.5328439474105835 0.5573758482933044
0.50327467918396 0.559311032295227
0.4891734719276428 0.5778740644454956
0.5036419034004211 0.6124991178512573
0.43421679735183716 0.6213080883026123
0.4470474123954773 0.5751556158065796
0.46506834030151367 0.5770903825759888
0.48253950476646423 0.5833282470703125
0.5580261945724487 0.5462888479232788
0.5501383543014526 0.5500912070274353
0.5233484506607056 0.5740994811058044
0.4378542900085449 0.5932661294937134
0.5465158820152283 0.6106361746788025
0.5369817018508911 0.5596387386322021
0.4179456830024719 0.6148096919059753
0.5170893669128418 0.6333353519439697
0.4994416832923889 0.5738699436187744
0.5154189467430115 0.5129557251930237
0.5635069608688354 0.5846713781356812
0.4301703870296478 0.5203914642333984
0.4988991916179657 0.5602226257324219
0.39795318245887756 0.5944012999534607
0.5371140241622925 0.6401905417442322
0.5119367837905884 0.5961486101150513
0.49055391550064087 0.5594567656517029
0.4336234927177429 0.5404507517814636
0.4125920534133911 0.5460996627807617
0.48569196462631226 0.5264471173286438
0.5250483155250549 0.5510298013687134
0.4891349673271179 0.6125734448432922
0.5707278251647949 0.5840361714363098
0.5339488983154297 0.5945556163787842
0.45372703671455383 0.5836089253425598
0.5598307251930237 0.6207889318466187
0.5406973958015442 0.5366048216819763
0.5676693916320801 0.5816457867622375
0.503014862537384 0.5281770825386047
0.49167439341545105 0.5291292667388916
0.5292322039604187 0.6141571998596191
0.44881293177604675 0.6583570241928101
0.5578671097755432 0.6253955960273743
0.5570399165153503 0.6295994520187378
0.4690530300140381 0.6239377856254578
0.543537437915802 0.5627769827842712
0.5508278608322144 0.5869186520576477
0.47048065066337585 0.5578845739364624
0.4492350220680237 0.5738800764083862
0.5387453436851501 0.5581156015396118
0.4060822129249573 0.5854619741439819
0.4012880325317383 0.5841302871704102
0.48583537340164185 0.6071410179138184
0.5053861737251282 0.583761990070343
0.4058481454849243 0.581528902053833
0.42303454875946045 0.6392136812210083
0.5038906931877136 0.5350077152252197
0.39788687229156494 0.5800001621246338
0.5408219695091248 0.5449275374412537
0.5539942383766174 0.5376033782958984
0.4678478240966797 0.6636470556259155
0.4667058289051056 0.6503337621688843
0.40698397159576416 0.6187414526939392
0.540553092956543 0.5347524285316467
0.39931344985961914 0.5927450060844421
0.5523902177810669 0.6205171346664429
0.5460700392723083 0.5422396659851074
0.5198484063148499 0.618066132068634
0.48793914914131165 0.5893866419792175
0.45670756697654724 0.539474606513977
0.5055510997772217 0.6205142736434937
0.5574485063552856 0.6012363433837891
0.49779900908470154 0.6113784909248352
0.40342530608177185 0.6047936081886292
0.43667927384376526 0.6353170275688171
0.5738298892974854 0.5817395448684692
0.44623318314552307 0.5596868395805359
0.4577196538448334 0.6440480947494507
0.4522150754928589 0.6153244972229004
0.5178998708724976 0.575751006603241
0.5319547057151794 0.5828049182891846
0.469357967376709 0.522512674331665
0.4504204988479614 0.6292716860771179
0.41821223497390747 0.6227150559425354
0.5145784020423889 0.5922667384147644
0.570401132106781 0.5871971249580383
0.41051816940307617 0.6148893237113953
0.49217960238456726 0.6592088341712952
0.5597076416015625 0.6247947812080383
0.5291357636451721 0.5755617022514343
0.5549229979515076 0.5933932065963745
0.5258368849754333 0.5268516540527344
0.48361051082611084 0.587517261505127
0.5038445591926575 0.6659250259399414
0.46856948733329773 0.5321072340011597
0.4591241180896759 0.5242730379104614
0.5148424506187439 0.5104199647903442
0.5437087416648865 0.5777361989021301
0.4550033211708069 0.6255390048027039
0.5622137784957886 0.5418212413787842
0.452612966299057 0.5863035917282104
0.456758588552475 0.6160929203033447
0.5547722578048706 0.5796566605567932
0.5269171595573425 0.6423794627189636
0.417767733335495 0.5785254240036011
0.48469021916389465 0.5181559920310974
0.41257619857788086 0.561876118183136
0.532342791557312 0.557174563407898
0.5174435377120972 0.6006859540939331
0.41202834248542786 0.6267653703689575
0.5227054357528687 0.5694301724433899
0.45388728380203247 0.5378063321113586
0.557427704334259 0.5981524586677551
0.4706267714500427 0.6483596563339233
0.5093010663986206 0.6611061096191406
0.40770983695983887 0.6255466341972351
0.5539647340774536 0.5506784915924072
0.5720972418785095 0.5843226313591003
0.44929298758506775 0.5826609134674072
0.40330085158348083 0.5747901797294617
0.542427659034729 0.5455313920974731
0.4381173849105835 0.5338367223739624
0.5305390357971191 0.5876715183258057
0.5713661909103394 0.5814086198806763
0.42117518186569214 0.63673335313797
0.5402319431304932 0.6164817214012146
0.40623584389686584 0.5956416726112366
0.41890716552734375 0.6073616147041321
0.4878930151462555 0.5875996351242065
0.5422306656837463 0.5514962673187256
0.44895675778388977 0.6135300397872925
0.4758851230144501 0.6433460712432861
0.39756375551223755 0.5835167169570923
0.4130498766899109 0.5681453347206116
0.5092802047729492 0.6369274258613586
0.539768636226654 0.6057088375091553
0.43860653042793274 0.6182276606559753
0.4354366958141327 0.6332915425300598
0.4298597276210785 0.5769206881523132
0.4864412248134613 0.5635308623313904
0.5390329957008362 0.6448125839233398
0.4956289231777191 0.5437037348747253
0.5439937710762024 0.614937424659729
0.5640730261802673 0.606808066368103
0.5307949781417847 0.5810942649841309
0.41752898693084717 0.637773334980011
0.4380754828453064 0.6004353761672974
0.5553357005119324 0.6043846011161804
0.4093545377254486 0.565640926361084
0.4725041687488556 0.6558486223220825
0.5454782247543335 0.5800798535346985
0.48404839634895325 0.5347434878349304
0.5438548922538757 0.590791642665863
0.4110966920852661 0.6146110892295837
0.5160686373710632 0.5395063161849976
0.4480825960636139 0.6301779747009277
0.4913020133972168 0.6029120683670044
0.41777554154396057 0.5924971699714661
0.48586148023605347 0.5965702533721924
0.5097770094871521 0.6222740411758423
0.4922466278076172 0.5847012996673584
0.5701936483383179 0.5774786472320557
0.5221164226531982 0.6293545365333557
0.4500880837440491 0.5906066298484802
0.5425604581832886 0.6211180686950684
0.5604021549224854 0.5625726580619812
0.43113017082214355 0.5980596542358398
0.4476203918457031 0.6243199706077576
0.5365003347396851 0.5878103971481323
0.5243478417396545 0.5411711931228638
0.46012768149375916 0.5413269996643066
0.5668360590934753 0.5610297918319702
0.4958874583244324 0.6246072053909302
0.4732975959777832 0.521889328956604
0.4569951891899109 0.546586811542511
0.5430136919021606 0.6399224400520325
0.5103365182876587 0.58449786901474
0.46733397245407104 0.6166722774505615
0.45767223834991455 0.6549817323684692
0.49541664123535156 0.6474823355674744
0.46025940775871277 0.5759239792823792
0.43264326453208923 0.5801224112510681
0.40531232953071594 0.59768146276474
0.5607872605323792 0.566705048084259
0.5507599115371704 0.5822950601577759
0.4978429675102234 0.6599721908569336
0.5074604153633118 0.5740395188331604
0.47573843598365784 0.5857636332511902
0.40283721685409546 0.6146187782287598
0.40135976672172546 0.5758981108665466
0.4677914083003998 0.5788783431053162
0.45992979407310486 0.5685330033302307
0.5285917520523071 0.5205074548721313
0.4304509162902832 0.6029728651046753
0.4354322850704193 0.5395893454551697
0.4407782554626465 0.6526904702186584
0.42307090759277344 0.6267488598823547
0.41640353202819824 0.5792708396911621
0.48952868580818176 0.5569035410881042
0.5259935259819031 0.5540045499801636
0.4056466817855835 0.5852836966514587
0.5203787088394165 0.5951486229896545
0.4061466455459595 0.5898043513298035
0.5004748106002808 0.5880945920944214
0.4306603968143463 0.6365407109260559
0.4614856243133545 0.6198844909667969
0.5557886362075806 0.5696678757667542
0.5052751898765564 0.6361094117164612
0.47791582345962524 0.5586022138595581
0.4748323857784271 0.5127934217453003
0.48071518540382385 0.5254116654396057
0.5314642190933228 0.6551429629325867
0.5034297704696655 0.6053338646888733
0.4755696654319763 0.5158000588417053
0.5549806356430054 0.5438308715820312
0.4947350323200226 0.6542459726333618
0.450825035572052 0.5437360405921936
0.4988510012626648 0.5830556154251099
0.5161592960357666 0.6378421783447266
0.4488423466682434 0.5310810208320618
0.5619253516197205 0.5671651363372803
0.5469087958335876 0.628515362739563
0.5692278742790222 0.5616633296012878
0.41629403829574585 0.5817241072654724
0.486613005399704 0.524183988571167
0.5256909132003784 0.5927231311798096
0.5530236959457397 0.5739436149597168
0.46046316623687744 0.5907738208770752
0.42848989367485046 0.539702296257019
0.5276191234588623 0.5737329721450806
0.48111751675605774 0.6281251311302185
0.41356268525123596 0.6029675602912903
0.43447229266166687 0.5865618586540222
0.46124494075775146 0.5254697799682617
0.45972564816474915 0.522226095199585
0.4624985456466675 0.5865830183029175
0.5039384961128235 0.5166929960250854
0.5167452096939087 0.6513652205467224
0.4233315885066986 0.6315697431564331
0.4548826813697815 0.5692290663719177
0.4370057284832001 0.6034607887268066
0.4568416178226471 0.6578787565231323
0.4743247628211975 0.5959049463272095
0.5523624420166016 0.6358602643013
0.5133443474769592 0.5733595490455627
0.4716130197048187 0.6451535820960999
0.5227140784263611 0.6207206845283508
0.5689863562583923 0.5973251461982727
0.45221027731895447 0.6562772989273071
0.41842636466026306 0.6035991311073303
0.5337866544723511 0.6414917707443237
0.4218286871910095 0.5854188799858093
0.5006405115127563 0.6115469932556152
0.5490396022796631 0.5749599933624268
0.4329558312892914 0.525764524936676
0.4416922926902771 0.5448178052902222
0.4268451929092407 0.6411755681037903
0.4582713544368744 0.6605088710784912
0.4778386652469635 0.5869016051292419
0.5118198394775391 0.5089439153671265
0.45632973313331604 0.6589063405990601
0.5738878846168518 0.5811938643455505
0.5258686542510986 0.56800776720047
0.5491285920143127 0.61737060546875
0.5137411952018738 0.5324938297271729
0.41826409101486206 0.5485381484031677
0.5584464073181152 0.6277933716773987
0.5160195827484131 0.6070938110351562
0.47726526856422424 0.5840391516685486
0.49973568320274353 0.5150280594825745
0.48822540044784546 0.6470804214477539
0.5265106558799744 0.561710000038147
0.5093101859092712 0.5984256267547607
0.5436035990715027 0.5693573951721191
0.4225325882434845 0.5993053317070007
0.5632867813110352 0.5474581122398376
0.5169079899787903 0.517735481262207
0.5243310332298279 0.6276320219039917
0.47988736629486084 0.6157601475715637
0.5310398936271667 0.5464584827423096
0.5215708017349243 0.5282794833183289
0.4578562378883362 0.5276889801025391
0.524263322353363 0.6400774717330933
0.516717791557312 0.596448540687561
0.5494993329048157 0.5637091398239136
0.5606488585472107 0.5630441308021545
0.48180413246154785 0.6488481163978577
0.5131362676620483 0.6501229405403137
0.43823662400245667 0.5223673582077026
0.41187360882759094 0.6056915521621704
0.5658456683158875 0.5773215293884277
0.48348352313041687 0.5974934101104736
0.5007181167602539 0.6032177209854126
0.536021888256073 0.6509751081466675
0.5296760201454163 0.573236882686615
0.47714221477508545 0.6146073341369629
0.4752873182296753 0.5607127547264099
0.5522894859313965 0.5553616881370544
0.4769875705242157 0.5864907503128052
0.5614626407623291 0.5897394418716431
0.5195412039756775 0.5163202285766602
0.4248771667480469 0.5506779551506042
0.5131628513336182 0.5982922911643982
0.5699877738952637 0.5829481482505798
0.407481849193573 0.5781148076057434
0.4099612832069397 0.5459374785423279
0.4540407955646515 0.5305563807487488
0.47800952196121216 0.5783811211585999
0.4203040897846222 0.5997468829154968
0.40635019540786743 0.5592942237854004
0.456392765045166 0.6258560419082642
0.5135214924812317 0.5411856174468994
0.4771232604980469 0.6111940145492554
0.5243479609489441 0.6258273124694824
0.5094506144523621 0.586542010307312
0.4696425795555115 0.5573252439498901
0.5080068111419678 0.6177664399147034
0.5317869782447815 0.5841060876846313
0.5113440752029419 0.5917695164680481
0.552385687828064 0.6082797050476074
0.40941640734672546 0.576560914516449
0.5399652719497681 0.5267823338508606
0.5050961971282959 0.5401490926742554
0.5067374110221863 0.5337672233581543
0.5360382199287415 0.5625772476196289
0.46861588954925537 0.5663524270057678
0.5712728500366211 0.5943920016288757
0.4711439311504364 0.6366070508956909
0.48481547832489014 0.6161118745803833
0.5136261582374573 0.5745530128479004
0.516828179359436 0.6243863701820374
0.4730566442012787 0.5133651494979858
0.4860245883464813 0.5080811381340027
0.5002294182777405 0.5743362903594971
0.5085965991020203 0.5060080289840698
0.4704832136631012 0.6178624033927917
0.4485148787498474 0.6148175001144409
0.5076569318771362 0.6343386769294739
0.4131467342376709 0.5541329979896545
0.4323344826698303 0.5551812648773193
0.5269543528556824 0.6558680534362793
0.5519666075706482 0.6285936236381531
0.486531525850296 0.5992937684059143
0.5460173487663269 0.5935295820236206
0.5170375108718872 0.5263710618019104
0.5160364508628845 0.6437281966209412
0.5448861718177795 0.5325406789779663
0.4963579475879669 0.6285069584846497
0.5062040090560913 0.6345866918563843
0.41264933347702026 0.6320441961288452
0.5368476510047913 0.5582677125930786
0.42213237285614014 0.5851545929908752
0.47753193974494934 0.6622107028961182
0.5720178484916687 0.5759208798408508
0.5737412571907043 0.5884901285171509
0.46586084365844727 0.6016907691955566
0.4810381829738617 0.5517175197601318
0.5489875674247742 0.5368137955665588
0.5715453624725342 0.5809859037399292
0.3994729518890381 0.5974248051643372
0.564660906791687 0.6100033521652222
0.5541216731071472 0.5797971487045288
0.5155191421508789 0.562994122505188
0.39788463711738586 0.5839411020278931
0.40124157071113586 0.5873994827270508
0.44616764783859253 0.5516167879104614
0.5210668444633484 0.6164351105690002
0.4345124661922455 0.5722715854644775
0.4457738399505615 0.6210893392562866
0.47647905349731445 0.5720831155776978
0.5143144130706787 0.6062393188476562
0.4553454518318176 0.6362993717193604
0.47641658782958984 0.5403856635093689
0.5128912329673767 0.574932873249054
0.4008053243160248 0.5847817063331604
0.4680328667163849 0.5808737277984619
0.4532812237739563 0.5599227547645569
0.47272324562072754 0.60850989818573
0.5236203670501709 0.5736878514289856
0.39945411682128906 0.5984460711479187
0.5427323579788208 0.614646315574646
0.538923442363739 0.5905792117118835
0.5587777495384216 0.5549309849739075
0.4917682707309723 0.6374038457870483
0.5176486968994141 0.6146199107170105
0.48211348056793213 0.5823575258255005
0.5354107618331909 0.6345142722129822
0.5356962084770203 0.6490397453308105
0.5633725523948669 0.5781282782554626
0.45126333832740784 0.5821563005447388
0.5135273337364197 0.5331181287765503
0.449563205242157 0.5759380459785461
0.4140309989452362 0.6298857927322388
0.4817160367965698 0.645775318145752
0.5677810907363892 0.5530754923820496
0.4043521285057068 0.5747240781784058
0.458911657333374 0.6360931992530823
0.42777687311172485 0.6232645511627197
0.49951115250587463 0.5595777630805969
0.403720885515213 0.5933835506439209
0.4110040068626404 0.6101052761077881
0.526438295841217 0.6162330508232117
0.44422411918640137 0.5911104679107666
0.40032172203063965 0.5816964507102966
0.5081849694252014 0.5265083909034729
0.42921727895736694 0.5983334183692932
0.567299485206604 0.5620542764663696
0.4491457939147949 0.6140729188919067
0.4486861824989319 0.6243069767951965
0.4107597768306732 0.5972967743873596
0.5054041743278503 0.6104472279548645
0.4510808289051056 0.5357018113136292
0.5283334255218506 0.5493934154510498
0.5246931314468384 0.6013551950454712
0.5533227324485779 0.5755211710929871
0.43553048372268677 0.5413535237312317
0.4376954436302185 0.6275138258934021
0.4829055666923523 0.5201565027236938
0.44050565361976624 0.5620800852775574
0.5074456334114075 0.5758907794952393
0.464911550283432 0.5162875056266785
0.5489387512207031 0.6270654201507568
0.5118175745010376 0.6308010220527649
0.5218547582626343 0.545109212398529
0.4837384819984436 0.5650718808174133
0.5487918853759766 0.6386536955833435
0.5326989889144897 0.5619072914123535
0.5496046543121338 0.6148248314857483
0.4517352879047394 0.520810604095459
0.5234928727149963 0.6375147104263306
0.43503114581108093 0.6059645414352417
0.4761489927768707 0.5652287602424622
0.556891679763794 0.6296179294586182
0.4680483043193817 0.6056726574897766
0.5619946718215942 0.5640819668769836
0.5705828070640564 0.585607647895813
0.4815954566001892 0.5267162322998047
0.5040163993835449 0.6027278900146484
0.4398459792137146 0.6098397970199585
0.407639741897583 0.5632650256156921
0.515107274055481 0.6387627720832825
0.4461004137992859 0.6375292539596558
0.5226383209228516 0.5699986219406128
0.43535298109054565 0.6320171356201172
0.569405734539032 0.5791891813278198
0.48686009645462036 0.5790071487426758
0.44801974296569824 0.5918242335319519
0.49135905504226685 0.5502987504005432
0.4454186260700226 0.5799262523651123
0.40702563524246216 0.6047228574752808
0.551974356174469 0.6375735402107239
0.4818991422653198 0.664574146270752
0.4992387294769287 0.5276108384132385
0.4536609649658203 0.6237753033638
0.5238487720489502 0.5902574062347412
0.5584593415260315 0.6069687008857727
0.4068310260772705 0.5626009106636047
0.555994987487793 0.582466185092926
0.537014901638031 0.5668148994445801
0.4415605366230011 0.5383576154708862
0.5518723130226135 0.5812618136405945
0.4385749101638794 0.5190255641937256
0.4179884195327759 0.5695065259933472
0.5216711759567261 0.6348820924758911
0.4434196352958679 0.5564471483230591
0.48424485325813293 0.5726079344749451
0.47802719473838806 0.540535569190979
0.536245584487915 0.6185979843139648
0.46569979190826416 0.6410729885101318
0.5167478322982788 0.5309775471687317
0.4309341013431549 0.5812782049179077
0.5547707080841064 0.6309534907341003
0.5724602937698364 0.5812231302261353
0.4376523792743683 0.5541061162948608
0.4563509225845337 0.650238573551178
0.557074785232544 0.587309718132019
0.4184511601924896 0.5438089370727539
0.4397957921028137 0.5809860229492188
0.4697028398513794 0.5566823482513428
0.41216161847114563 0.5929995179176331
0.42299768328666687 0.5373441576957703
0.5184415578842163 0.6213297247886658
0.4770631790161133 0.6291806101799011
0.5474910140037537 0.5860956311225891
0.4419071078300476 0.555932879447937
0.42705124616622925 0.6230801939964294
0.48726949095726013 0.667615532875061
0.5097582936286926 0.5715473294258118
0.46086034178733826 0.5468272566795349
0.431447833776474 0.5933056473731995
0.553952157497406 0.6105366349220276
0.4163578450679779 0.5679838061332703
0.4587816894054413 0.6048982739448547
0.42041969299316406 0.5886151790618896
0.47770407795906067 0.6558945775032043
0.46579551696777344 0.5910260081291199
0.5018343925476074 0.5738599896430969
0.46902745962142944 0.6628730297088623
0.5361591577529907 0.5611645579338074
0.5576251745223999 0.6261498928070068
0.49026334285736084 0.5994911789894104
0.5621445178985596 0.5681124925613403
0.5598164200782776 0.6121304035186768
0.5495115518569946 0.6062012314796448
0.4813905358314514 0.5922563672065735
0.39803779125213623 0.5827493667602539
0.4242744445800781 0.537768542766571
0.5368440747261047 0.5298193097114563
0.5249602794647217 0.6315125226974487
0.5579630136489868 0.6270249485969543
0.5351952910423279 0.6246399283409119
0.46366339921951294 0.5821517109870911
0.5318519473075867 0.6466874480247498
0.49481895565986633 0.6188881993293762
0.4833609461784363 0.656979501247406
0.49056750535964966 0.6282458901405334
0.48511072993278503 0.5711709260940552
0.4526802599430084 0.6223636865615845
0.5384900569915771 0.532322347164154
0.44507795572280884 0.5220162272453308
0.4093499481678009 0.606045126914978
0.5115688443183899 0.5895285606384277
0.5130859613418579 0.6450727581977844
0.4772316813468933 0.6076018214225769
0.5190190672874451 0.6168755292892456
0.43658730387687683 0.5872645378112793
0.3985138237476349 0.6006519794464111
0.40069642663002014 0.6041514873504639
0.4842282831668854 0.5154072046279907
0.41390013694763184 0.5641869902610779
0.5244036912918091 0.6416678428649902
0.41297945380210876 0.5981882810592651
0.4121687710285187 0.5565615296363831
0.5286316275596619 0.6271777749061584
0.42776453495025635 0.6111360192298889
0.4552319645881653 0.5548071265220642
0.5108511447906494 0.6421023011207581
0.5691667795181274 0.5771992206573486
0.5192699432373047 0.5987628698348999
0.4833584129810333 0.5670917630195618
0.4367535412311554 0.6483820080757141
0.4612236022949219 0.601661741733551
0.3993057608604431 0.6006660461425781
0.508126437664032 0.6270937919616699
0.4631827473640442 0.6636165380477905
0.508845865726471 0.5234668254852295
0.4825786352157593 0.6090971231460571
0.49485617876052856 0.6373459100723267
0.4670376777648926 0.5189605951309204
0.41275614500045776 0.5885326266288757
0.4633882939815521 0.5335283875465393
0.41726312041282654 0.543570876121521
0.5188102722167969 0.6169493198394775
0.40368348360061646 0.5768803358078003
0.444418728351593 0.5998929142951965
0.4628045856952667 0.6357212066650391
0.4235090911388397 0.5319027304649353
0.48954257369041443 0.5119029879570007
0.5693663358688354 0.5985364317893982
0.5394222736358643 0.6496187448501587
0.4705549478530884 0.6283852458000183
0.5416471362113953 0.6472474932670593
0.5735903382301331 0.583688497543335
0.5263079404830933 0.605822741985321
0.4869786202907562 0.5549291968345642
0.47175344824790955 0.623071551322937
0.43676573038101196 0.563966691493988
0.4592410922050476 0.6319381594657898
0.5028208494186401 0.58283531665802
0.5521484017372131 0.5501811504364014
0.5671766996383667 0.5989912748336792
0.5294597744941711 0.5745614767074585
0.5574645400047302 0.6101791858673096
0.5534086227416992 0.591009259223938
0.4402885437011719 0.5201408863067627
0.565047562122345 0.5695016980171204
0.43546757102012634 0.6287652850151062
0.5144220590591431 0.6036883592605591
0.5365148782730103 0.5941373109817505
0.5724538564682007 0.5923134684562683
0.47468945384025574 0.6573902368545532
0.5504416227340698 0.5546789765357971
0.5229255557060242 0.5356362462043762
0.4754849076271057 0.6585606336593628
0.4725457429885864 0.5677605271339417
0.510863184928894 0.6027509570121765
0.4168221354484558 0.6358386874198914
0.560390293598175 0.5852971076965332
0.5083341598510742 0.5490127205848694
0.47598719596862793 0.5903858542442322
0.4523715376853943 0.6411795020103455
0.42740485072135925 0.6046897172927856
0.42718273401260376 0.595781683921814
0.46058133244514465 0.6549230217933655
0.5142350196838379 0.603784441947937
0.5287713408470154 0.6310880780220032
0.4330345392227173 0.6150652170181274
0.4119020700454712 0.5921874046325684
0.5314881801605225 0.5805307626724243
0.567024290561676 0.5842575430870056
0.48234936594963074 0.6115514039993286
0.5383251309394836 0.6074526906013489
0.4181962311267853 0.5683159232139587
0.42638155817985535 0.5781646966934204
0.48299938440322876 0.6432870626449585
0.526732325553894 0.5998042225837708
0.44051989912986755 0.5337939858436584
0.4119656980037689 0.5486785769462585
0.42633798718452454 0.5949258208274841
0.515182614326477 0.6171174049377441
0.41885071992874146 0.5384607315063477
0.5485069155693054 0.567696213722229
0.41341909766197205 0.6073333024978638
0.411943644285202 0.5470142960548401
0.4592646062374115 0.5504776835441589
0.4074552655220032 0.5566053986549377
0.4813854694366455 0.5450658798217773
0.487324059009552 0.6587600111961365
0.5642129182815552 0.5863592624664307
0.5297533869743347 0.5569489598274231
0.47396641969680786 0.6508142948150635
0.4602121412754059 0.6507721543312073
0.44365158677101135 0.5590718984603882
0.5246903300285339 0.6156074404716492
0.5475655198097229 0.539495587348938
0.5448105335235596 0.630617082118988
0.5314128994941711 0.6575049161911011
0.5358313322067261 0.5545758008956909
0.5482029914855957 0.6422795653343201
0.43368014693260193 0.6081820726394653
0.5727775692939758 0.5879398584365845
0.5479490756988525 0.5457515120506287
0.46416693925857544 0.5826568603515625
0.4578127861022949 0.5534502267837524
0.5430201888084412 0.5970951914787292
0.4721781611442566 0.6207752823829651
0.46431031823158264 0.5091820955276489
0.5021036863327026 0.6675134301185608
0.49505549669265747 0.5087883472442627
0.4176819920539856 0.609679639339447
0.47852665185928345 0.5244442820549011
0.5640793442726135 0.5535373091697693
0.5506294965744019 0.5801756381988525
0.44372522830963135 0.5159540772438049
0.551417350769043 0.5352814793586731
0.563215434551239 0.570168137550354
0.4931516945362091 0.5612958669662476
0.49555331468582153 0.5782962441444397
0.5526819825172424 0.6205707788467407
0.48577848076820374 0.5936035513877869
0.540278971195221 0.5717169642448425
0.570340096950531 0.5669562220573425
0.4358792006969452 0.5585258603096008
0.432335764169693 0.5461925268173218
0.571302592754364 0.5745794773101807
0.4653153121471405 0.583501935005188
0.5234633684158325 0.5839416980743408
0.4945788085460663 0.6554444432258606
0.4229317307472229 0.5477361083030701
0.46506595611572266 0.5137408375740051
0.4390100836753845 0.6522037982940674
0.4784049987792969 0.5160502791404724
0.4354064166545868 0.5347338318824768
0.5515010952949524 0.5490185022354126
0.40239036083221436 0.5949746966362
0.49579355120658875 0.6374067068099976
0.547419011592865 0.6393761038780212
0.4473622441291809 0.6010995507240295
0.558410108089447 0.5972820520401001
0.5736362338066101 0.5843791961669922
0.5149641633033752 0.603521466255188
0.41356104612350464 0.5465166568756104
0.3984474241733551 0.5868955254554749
0.5113574266433716 0.5612499117851257
0.5575697422027588 0.6069284081459045
0.46241864562034607 0.5769591331481934
0.5564613342285156 0.6303296685218811
0.40172645449638367 0.5661969780921936
0.4614751636981964 0.6116066575050354
0.45872458815574646 0.5406474471092224
0.5400072932243347 0.5930442214012146
0.4383392632007599 0.6043609976768494
0.4899267256259918 0.5939632654190063
0.46174776554107666 0.552466869354248
0.5687373280525208 0.5615931153297424
0.5515198111534119 0.5534051060676575
0.4456569254398346 0.6151741147041321
0.5637546181678772 0.6000773906707764
0.42515501379966736 0.5525961518287659
0.5429314970970154 0.595750629901886
0.4526454210281372 0.531481146812439
0.4046969711780548 0.5718912482261658
0.4938603639602661 0.638065755367279
0.514019250869751 0.65875643491745
0.4524938464164734 0.6296427845954895
0.47184717655181885 0.6195652484893799
0.5693451762199402 0.5957578420639038
0.43381714820861816 0.5766386389732361
0.536201000213623 0.5923472046852112
0.5505409240722656 0.5494939088821411
0.3974771499633789 0.5866221785545349
0.4642621874809265 0.6075021624565125
0.4553311765193939 0.5461231470108032
0.5733534097671509 0.5887907147407532
0.46534836292266846 0.5608973503112793
0.5680165886878967 0.5689578056335449
0.5279905796051025 0.5580123662948608
0.4760608971118927 0.5861441493034363
0.48750224709510803 0.6240727305412292
0.48471325635910034 0.5865291953086853
0.5699945092201233 0.5936561822891235
0.5538120865821838 0.5743687152862549
0.4827779233455658 0.6244704723358154
0.4784262180328369 0.6571967005729675
0.5230759978294373 0.6093842387199402
0.4666890501976013 0.5843431949615479
0.5580907464027405 0.6090807914733887
0.39747875928878784 0.5864848494529724
0.4749865233898163 0.6200135946273804
0.5039212107658386 0.6279981136322021
0.4698314964771271 0.6545060873031616
0.42035144567489624 0.5303467512130737
0.5456745624542236 0.5957443118095398
0.47547733783721924 0.6104432940483093
0.5267427563667297 0.6605175733566284
0.5736055970191956 0.5835866332054138
0.42949166893959045 0.6140758991241455
0.5305428504943848 0.6035724878311157
0.5306335687637329 0.5992404818534851
0.5520399212837219 0.5709625482559204
0.524720311164856 0.5759903788566589
0.411162406206131 0.6015290021896362
0.571473240852356 0.5834539532661438
0.4498690068721771 0.592765748500824
0.4066448509693146 0.5745790004730225
0.480441689491272 0.5963946580886841
0.477090448141098 0.6410669088363647
0.4348439872264862 0.6352131962776184
0.5314822196960449 0.539478600025177
0.4561019539833069 0.6461294889450073
0.4654111862182617 0.5693551898002625
0.5551735162734985 0.6304692625999451
0.3974764049053192 0.5868198871612549
0.4915512800216675 0.578240156173706
0.5488225817680359 0.6236881017684937
0.5329003930091858 0.5201707482337952
0.4184817671775818 0.5933300852775574
0.5333660840988159 0.5584067702293396
0.5304208397865295 0.5151797533035278
0.4162428379058838 0.5647691488265991
0.5677599906921387 0.5990534424781799
0.4776289761066437 0.6381568908691406
0.5440908074378967 0.6304497718811035
0.48138120770454407 0.6516987681388855
0.46795520186424255 0.5647146701812744
0.49566468596458435 0.5208379626274109
0.42076849937438965 0.5412589907646179
0.42265626788139343 0.6368566751480103
0.39790260791778564 0.5805804133415222
0.5726289749145508 0.5867437124252319
0.5108872652053833 0.5625662207603455
0.5584527850151062 0.5569029450416565
0.46355682611465454 0.537958025932312
0.45149922370910645 0.6232274174690247
0.5739803910255432 0.5850149989128113
0.5563598275184631 0.5648613572120667
0.40301620960235596 0.5896025896072388
0.4845224916934967 0.5154385566711426
0.43762966990470886 0.5965518355369568
0.5171242952346802 0.5122213363647461
0.5318842530250549 0.6506233811378479
0.5691753029823303 0.5720954537391663
0.4522660970687866 0.6375219225883484
0.5600358247756958 0.5851181745529175
0.4142366945743561 0.5897049307823181
0.4812094271183014 0.5524019598960876
0.5337682366371155 0.6194597482681274
0.5181867480278015 0.6426976919174194
0.5646169185638428 0.5820642709732056
0.5624737739562988 0.5889382362365723
0.4803867042064667 0.5757224559783936
0.430798202753067 0.6451569199562073
0.5047918558120728 0.6550000905990601
0.48418357968330383 0.6619437336921692
0.4601859152317047 0.5179462432861328
0.4230968654155731 0.5702733993530273
0.4429931938648224 0.5493229031562805
0.42587968707084656 0.5981613397598267
0.42684000730514526 0.5736328959465027
0.42712920904159546 0.5579059720039368
0.4021381437778473 0.6139325499534607
0.5289096832275391 0.5628528594970703
0.48135611414909363 0.5200273394584656
0.5252673625946045 0.5191102027893066
0.565349817276001 0.6043353080749512
0.49464040994644165 0.6631854176521301
0.5536502003669739 0.5599994659423828
0.5019264221191406 0.6215779781341553
0.40127018094062805 0.6044209599494934
0.44549843668937683 0.6394171714782715
0.5654247403144836 0.6107237339019775
0.503940999507904 0.588572084903717
0.49591365456581116 0.6272354125976562
0.502769410610199 0.5706726312637329
0.5349667072296143 0.6410898566246033
0.5163074135780334 0.5743764042854309
0.5302751660346985 0.5288411378860474
0.46041983366012573 0.5071076154708862
0.4389730989933014 0.6497249603271484
0.5014258623123169 0.6209625601768494
0.5630548000335693 0.6086066365242004
0.46536141633987427 0.6033329367637634
0.545651376247406 0.6274576187133789
0.5515862107276917 0.6338173151016235
0.43822139501571655 0.6328339576721191
0.48008254170417786 0.639480471611023
0.5741421580314636 0.5856388211250305
0.4909047484397888 0.6586641073226929
0.45942193269729614 0.5221761465072632
0.49226754903793335 0.5485225319862366
0.554926335811615 0.5912253260612488
0.567068874835968 0.5810562968254089
0.5632741451263428 0.5995955467224121
0.5288140773773193 0.5848737955093384
0.5272132754325867 0.5230846405029297
0.48250675201416016 0.6393271684646606
0.39822259545326233 0.5924248695373535
0.41773146390914917 0.5678324103355408
0.5094965696334839 0.65313720703125
0.43206295371055603 0.5464180707931519
0.4331832230091095 0.5336560010910034
0.4465655982494354 0.5250678062438965
0.4855722188949585 0.5920159220695496
0.43833860754966736 0.5847451090812683
0.4212065041065216 0.5881936550140381
0.481118381023407 0.5320294499397278
0.417733371257782 0.5343046188354492
0.45404553413391113 0.5773032307624817
0.532383382320404 0.6126406788825989
0.4737492799758911 0.5389606356620789
0.5235812067985535 0.5820252895355225
0.40309664607048035 0.5904639959335327
0.460485577583313 0.5625525116920471
0.4134935438632965 0.5652329325675964
0.5034239888191223 0.6515381932258606
0.4104156196117401 0.5492942333221436
0.40104949474334717 0.576088011264801
0.4789406657218933 0.6609320640563965
0.5017752051353455 0.5138840675354004
0.5601332187652588 0.6008481383323669
0.45139452815055847 0.6215744614601135
0.4821223318576813 0.6402146816253662
0.5133068561553955 0.5692223310470581
0.5356226563453674 0.5449342131614685
0.45909711718559265 0.5255656242370605
0.4284279942512512 0.624159574508667
0.5134164690971375 0.579948365688324
0.48311078548431396 0.5115960836410522
0.5564780235290527 0.5524210333824158
0.42716076970100403 0.6409268379211426
0.4331092834472656 0.6055801510810852
0.5511898398399353 0.6049306392669678
0.5681047439575195 0.5829764008522034
0.5321604013442993 0.5367999076843262
0.5322896242141724 0.553450882434845
0.5044184327125549 0.6425880193710327
0.4814102351665497 0.531485915184021
0.5668033361434937 0.60626620054245
0.41091078519821167 0.5678619742393494
0.4685152769088745 0.533769428730011
0.547953724861145 0.5459598898887634
0.42505040764808655 0.6336638927459717
0.43998971581459045 0.6401504278182983
0.415164977312088 0.5430524945259094
0.451694130897522 0.5832592844963074
0.4402250051498413 0.640312671661377
0.4969552457332611 0.6459831595420837
0.47629258036613464 0.6652557849884033
0.45036810636520386 0.5160400867462158
0.5359354615211487 0.5567082166671753
0.5174388289451599 0.5956968069076538
0.42644402384757996 0.5863268971443176
0.46516045928001404 0.536750853061676
0.4862634241580963 0.6451842784881592
0.4578089416027069 0.5379758477210999
0.48076412081718445 0.5421900749206543
0.5407270193099976 0.6446927785873413
0.5582281351089478 0.5497085452079773
0.4030301868915558 0.5699687004089355
0.5098223686218262 0.5393982529640198
0.4121089577674866 0.5473878383636475
0.4774646759033203 0.5837486386299133
0.501621663570404 0.5629379749298096
0.4353623390197754 0.6081622242927551
0.552262008190155 0.6034284234046936
0.475917786359787 0.6117470264434814
0.5181838870048523 0.5579779744148254
0.5074572563171387 0.5988982319831848
0.4299224019050598 0.580664873123169
0.4706430435180664 0.5595131516456604
0.5505080223083496 0.6354671120643616
0.446420818567276 0.606866180896759
0.5289899110794067 0.658045768737793
0.5280768871307373 0.5881983041763306
0.42860302329063416 0.5678536891937256
0.46208956837654114 0.6410661339759827
0.4859694838523865 0.622505784034729
0.4112207591533661 0.620317280292511
0.40480127930641174 0.5741384029388428
0.4880756139755249 0.598611056804657
0.5641695261001587 0.5912773609161377
0.5612765550613403 0.5746029019355774
0.43021151423454285 0.565597414970398
0.4574025571346283 0.5588517785072327
0.401300311088562 0.5669452548027039
0.5205501914024353 0.6418346762657166
0.5307433009147644 0.5450270771980286
0.5410675406455994 0.5934019684791565
0.4435994029045105 0.5279034376144409
0.5078939199447632 0.6569622159004211
0.5534241795539856 0.6338797807693481
0.454315721988678 0.5972351431846619
0.49424731731414795 0.5974334478378296
0.5535004734992981 0.6334242224693298
0.4188610911369324 0.5871107578277588
0.5499656796455383 0.6333169937133789
0.41516557335853577 0.5794116258621216
0.4317454993724823 0.5346657037734985
0.4546538293361664 0.6404498219490051
0.5615990161895752 0.5955418944358826
0.49510106444358826 0.6318968534469604
0.40794381499290466 0.6137940883636475
0.5093213319778442 0.6581788063049316
0.48043543100357056 0.6583390831947327
0.4332421123981476 0.5434848070144653
0.5046749114990234 0.6196495294570923
0.5669611692428589 0.5624271631240845
0.533499002456665 0.5517866015434265
0.4622661769390106 0.5959941744804382
0.5365649461746216 0.5755296349525452
0.56395024061203 0.6096621155738831
0.5317050814628601 0.5880671143531799
0.41193723678588867 0.5579115152359009
0.5695825815200806 0.5976917743682861
0.5066750645637512 0.640573263168335
0.4857187867164612 0.5790745615959167
0.5155889391899109 0.6463185548782349
0.4203795790672302 0.5443565845489502
0.4543384313583374 0.5860244631767273
0.5576633810997009 0.596368670463562
0.5514824986457825 0.6013601422309875
0.5142414569854736 0.6482815742492676
0.515285313129425 0.5618520379066467
0.5373259782791138 0.6421731114387512
0.4326174259185791 0.5644401907920837
0.4097064137458801 0.6189683079719543
0.5323777794837952 0.62617427110672
0.5571916103363037 0.6265356540679932
0.5367273092269897 0.6468039155006409
0.4475507140159607 0.5167163014411926
0.45618578791618347 0.6348631978034973
0.48415717482566833 0.5906810164451599
0.4278418719768524 0.6168538928031921
0.42221537232398987 0.568727433681488
0.5723656415939331 0.5903084874153137
0.4349322021007538 0.6213761568069458
0.5251803398132324 0.560249924659729
0.4646816849708557 0.6362860202789307
0.4575885236263275 0.5669587850570679
0.5020909309387207 0.5505453944206238
0.5447139739990234 0.6112731099128723
0.5447787642478943 0.6429592967033386
0.41214531660079956 0.5858380794525146
0.4411541223526001 0.5536062121391296
0.5386999845504761 0.6410778760910034
0.4413410425186157 0.5297221541404724
0.49433326721191406 0.6620025634765625
0.44095301628112793 0.5147184133529663
0.43781986832618713 0.5951139330863953
0.5027866363525391 0.6070597171783447
0.47186514735221863 0.5323382019996643
0.5603154897689819 0.5478911399841309
0.41785717010498047 0.5629057884216309
0.5339280366897583 0.5600845813751221
0.4932258129119873 0.5829117298126221
0.42654696106910706 0.5625102519989014
0.47610464692115784 0.581885576248169
0.5028285384178162 0.643096387386322
0.442920058965683 0.6273469924926758
0.5603803992271423 0.6165879368782043
0.4979724884033203 0.598578691482544
0.45417171716690063 0.5890597105026245
0.5182713866233826 0.5564923882484436
0.5624672174453735 0.557531476020813
0.4925341308116913 0.5287318825721741
0.5560125112533569 0.6203990578651428
0.5438186526298523 0.6375761032104492
0.41839146614074707 0.573933482170105
0.5629991292953491 0.5932624936103821
0.435183048248291 0.5172438025474548
0.4879051744937897 0.5547292232513428
0.5284489989280701 0.6351559162139893
0.42658403515815735 0.6172024011611938
0.490243524312973 0.6341934204101562
0.45286697149276733 0.5287908315658569
0.48229166865348816 0.5190128087997437
0.5686083436012268 0.5913110971450806
0.5487316250801086 0.5426203608512878
0.40604597330093384 0.5987574458122253
0.5138174295425415 0.5332295298576355
0.4291037619113922 0.5903237462043762
0.4064631164073944 0.5932157635688782
0.45559683442115784 0.6447237133979797
0.4430268406867981 0.5910702347755432
0.4001881778240204 0.5907711386680603
0.5126522779464722 0.5367590188980103
0.5572001338005066 0.5764087438583374
0.4616001546382904 0.5616922974586487
0.5703011155128479 0.592956006526947
0.5544586777687073 0.6230533123016357
0.4492461681365967 0.5359017848968506
0.506975531578064 0.5912565588951111
0.5626257061958313 0.5778251886367798
0.4360671043395996 0.6394269466400146
0.5521333813667297 0.5638763904571533
0.40747132897377014 0.5874053835868835
0.5643922090530396 0.6103230714797974
0.4124259352684021 0.5443063974380493
0.4271790683269501 0.6221421957015991
0.4683093726634979 0.5446922779083252
0.41812771558761597 0.5415322780609131
0.5667382478713989 0.5913810133934021
0.5199286937713623 0.5621796250343323
0.5156176686286926 0.6203109622001648
0.41473299264907837 0.5687302350997925
0.44752010703086853 0.6220707893371582
0.5381708741188049 0.6407859325408936
0.5070740580558777 0.5503293871879578
0.5476129055023193 0.6126554012298584
0.5434997081756592 0.6365816593170166
0.5114980936050415 0.6342099905014038
0.409270703792572 0.5639580488204956
0.4460579454898834 0.5341437458992004
0.52320796251297 0.5969996452331543
0.3978274464607239 0.5903797745704651
0.5679507255554199 0.6021128296852112
0.45152848958969116 0.5086721181869507
0.4887436330318451 0.5254155993461609
0.5293510556221008 0.6442399621009827
0.4372897148132324 0.5996468663215637
0.44297337532043457 0.6242421865463257
0.40709802508354187 0.5990524888038635
0.5693515539169312 0.5563400983810425
0.47528815269470215 0.619452953338623
0.5568104386329651 0.6218359470367432
0.5441160202026367 0.5512368679046631
0.5670942068099976 0.5465361475944519
0.5630539655685425 0.6095089912414551
0.5302980542182922 0.593595027923584
0.4588051736354828 0.5947617888450623
0.49242833256721497 0.6241149306297302
0.491777241230011 0.5970591306686401
0.5565019249916077 0.6045137047767639
0.48975858092308044 0.6096489429473877
0.41497790813446045 0.5933367013931274
0.5480681657791138 0.5984951257705688
0.4523879587650299 0.6273835897445679
0.5439481139183044 0.5849357843399048
0.4804472029209137 0.6565372943878174
0.4996907413005829 0.554480254650116
0.4892788231372833 0.6662953495979309
0.46645814180374146 0.6179885268211365
0.43705984950065613 0.5454442501068115
0.42148664593696594 0.5294131636619568
0.5724424719810486 0.5770174264907837
0.4983215928077698 0.527801513671875
0.46920228004455566 0.5146557688713074
0.4953829050064087 0.516194760799408
0.42941492795944214 0.5738641023635864
0.43266773223876953 0.5853960514068604
0.5518515110015869 0.5443279147148132
0.4431397318840027 0.6160933971405029
0.5050791501998901 0.578451931476593
0.4423317313194275 0.6030676364898682
0.4587845504283905 0.5832996368408203
0.4975995421409607 0.5999264121055603
0.5059650540351868 0.6254498362541199
0.5098220109939575 0.5953102707862854
0.5716426968574524 0.5850889682769775
0.48675233125686646 0.5427572131156921
0.44097498059272766 0.6203573346138
0.4762313961982727 0.6345858573913574
0.5635697841644287 0.6084173321723938
0.4859032928943634 0.5971564054489136
0.4240513741970062 0.5490618348121643
0.46374955773353577 0.6036981344223022
0.5477306842803955 0.5676015615463257
0.5463029742240906 0.6230072379112244
0.5686823129653931 0.591772198677063
0.42697152495384216 0.5272022485733032
0.5007554292678833 0.5243948698043823
0.5544237494468689 0.5960960984230042
0.4180988371372223 0.5931727290153503
0.5418579578399658 0.6412624716758728
0.5669373273849487 0.5498643517494202
0.5249671936035156 0.6398217082023621
0.5229719281196594 0.6226751804351807
0.5550413727760315 0.5433006286621094
0.4524994194507599 0.6155686378479004
0.4187759757041931 0.5846184492111206
0.562115490436554 0.5775004625320435
0.4070575535297394 0.5523776412010193
0.466991126537323 0.6330341100692749
0.4157724976539612 0.5774587988853455
0.4694804251194 0.5594161152839661
0.44455185532569885 0.5816243290901184
0.4538288414478302 0.6610526442527771
0.39824071526527405 0.5824951529502869
0.5476341843605042 0.5626444816589355
0.42291152477264404 0.6391735076904297
0.5577129125595093 0.5435390472412109
0.45728418231010437 0.646355390548706
0.5555276274681091 0.5395050644874573
0.5151038765907288 0.5858662724494934
0.4252558946609497 0.6331207752227783
0.5103685259819031 0.6289131045341492
0.449222207069397 0.5124417543411255
0.55112624168396 0.6270235776901245
0.44728291034698486 0.637398362159729
0.46952149271965027 0.6140496730804443
0.469229131937027 0.6413417458534241
0.4162747859954834 0.5791527032852173
0.4108385145664215 0.5774676203727722
0.5547165870666504 0.6097249984741211
0.4353209435939789 0.5206605195999146
0.5088446140289307 0.5718492269515991
0.42332980036735535 0.6118209362030029
0.415571004152298 0.5918013453483582
0.4085225462913513 0.5559098720550537
0.48551639914512634 0.6123213768005371
0.5708321928977966 0.5844080448150635
0.5174638032913208 0.5649278163909912
0.42510196566581726 0.5937523245811462
0.5509132742881775 0.6037155985832214
0.4686093032360077 0.6438660025596619
0.521933913230896 0.5908073782920837
0.5506894588470459 0.5435696840286255
0.4545443058013916 0.5369609594345093
0.39896154403686523 0.5965705513954163
0.5134819746017456 0.5683128237724304
0.553269624710083 0.6236690282821655
0.40663477778434753 0.5657614469528198
0.43606409430503845 0.5193502306938171
0.5727440714836121 0.5846909284591675
0.43136709928512573 0.5604196786880493
0.43524396419525146 0.591782808303833
0.569552481174469 0.5784160494804382
0.46084365248680115 0.5362886190414429
0.5744735598564148 0.5817359089851379
0.4952581524848938 0.5883430242538452
0.5015867352485657 0.6026152968406677
0.5507060289382935 0.5992524027824402
0.478217214345932 0.6395400762557983
0.4272121787071228 0.6100882887840271
0.4378218948841095 0.5577816367149353
0.5430442094802856 0.5969717502593994
0.515677809715271 0.6335354447364807
0.4231770932674408 0.5503077507019043
0.44585326313972473 0.5358633995056152
0.43818792700767517 0.6219267845153809
0.4625224471092224 0.5964418053627014
0.4127803444862366 0.6060479283332825
0.4429253339767456 0.5523059368133545
0.5543303489685059 0.5838492512702942
0.4107074737548828 0.5537591576576233
0.5190407037734985 0.5395479798316956
0.5421262979507446 0.5353777408599854
0.4259496033191681 0.5304709076881409
0.5049291253089905 0.53397136926651
0.4773362874984741 0.5678630471229553
0.5267922878265381 0.6532682180404663
0.42052656412124634 0.624164879322052
0.4666612148284912 0.5804494023323059
0.5403507351875305 0.5299612283706665
0.5327842235565186 0.5624745488166809
0.47188952565193176 0.566957414150238
0.4523733854293823 0.6406314969062805
0.4640001356601715 0.6145596504211426
0.46813639998435974 0.619552731513977
0.5494185090065002 0.6226173043251038
0.44986066222190857 0.5444623231887817
0.5604938268661499 0.5506563782691956
0.47910764813423157 0.6072769165039062
0.5148003101348877 0.5405222773551941
0.5407024621963501 0.6043927669525146
0.49338820576667786 0.5487557053565979
0.5026966333389282 0.5276889204978943
0.4282311499118805 0.5592144131660461
0.4784986078739166 0.5648325085639954
0.4525705575942993 0.5256378054618835
0.5256567001342773 0.646767258644104
0.5092310309410095 0.545673131942749
0.48176446557044983 0.5730743408203125
0.40320733189582825 0.6036016345024109
0.42351454496383667 0.5319111347198486
0.4094582796096802 0.5637937784194946
0.4499531686306 0.5398887991905212
0.4308106005191803 0.604382336139679
0.548079788684845 0.6237009763717651
0.48819851875305176 0.5618049502372742
0.45352599024772644 0.6530510783195496
0.5510376691818237 0.5988255739212036
0.5094622373580933 0.5284056067466736
0.550789475440979 0.6282913088798523
0.5670080184936523 0.5999128222465515
0.48175153136253357 0.6016731262207031
0.4805677831172943 0.6277198195457458
0.4874797761440277 0.6075275540351868
0.5728201866149902 0.591720700263977
0.40233513712882996 0.5614272356033325
0.4476720690727234 0.5801437497138977
0.5180138349533081 0.5542909502983093
0.46710869669914246 0.6401868462562561
0.4662863314151764 0.6280622482299805
0.43464693427085876 0.5603423714637756
0.5321795344352722 0.5224497318267822
0.532677412033081 0.561526358127594
0.526850163936615 0.5643826127052307
0.5163373947143555 0.6634923219680786
0.4759857952594757 0.6132560968399048
0.5528868436813354 0.6199971437454224
0.44482073187828064 0.623803436756134
0.5258225798606873 0.5555395483970642
0.5460692644119263 0.5802182555198669
0.47051069140434265 0.6245754361152649
0.401885062456131 0.6121882796287537
0.4450302720069885 0.5581806898117065
0.41128888726234436 0.555894672870636
0.5742084980010986 0.5807223916053772
0.4149278700351715 0.5876335501670837
0.542763352394104 0.532033383846283
0.44988271594047546 0.6601510643959045
0.4845283329486847 0.5151143074035645
0.5305843353271484 0.5755068063735962
0.5261490941047668 0.6600292325019836
0.5623971819877625 0.6116316914558411
0.5106076002120972 0.5973207354545593
0.5561625361442566 0.6041043996810913
0.4327956736087799 0.5244193077087402
0.45860129594802856 0.6519709229469299
0.4348214864730835 0.5728943943977356
0.5133830904960632 0.5585259199142456
0.5696647763252258 0.5923804044723511
0.45394366979599 0.5906641483306885
0.5527803897857666 0.5434876084327698
0.4355617165565491 0.5878244042396545
0.43064984679222107 0.6155885457992554
0.5114660859107971 0.5759812593460083
0.48584091663360596 0.6153968572616577
0.49015575647354126 0.5271660685539246
0.41145944595336914 0.599816083908081
0.49764707684516907 0.665934681892395
0.5156910419464111 0.5813092589378357
0.4755343198776245 0.6486453413963318
0.46256545186042786 0.6391352415084839
0.5528466701507568 0.5630512833595276
0.5125442743301392 0.5247543454170227
0.5714111328125 0.5908705592155457
0.5276899337768555 0.5198287963867188
0.4121464788913727 0.5517737865447998
0.5371884107589722 0.5441714525222778
0.5333735942840576 0.5537909865379333
0.5122528672218323 0.6069972515106201
0.560112714767456 0.6191046833992004
0.4715842306613922 0.5917632579803467
0.4424760937690735 0.6095526814460754
0.5422443747520447 0.5855580568313599
0.454794704914093 0.5324574708938599
0.4343949258327484 0.5809746980667114
0.5279123783111572 0.5674166083335876
0.4689795970916748 0.644260585308075
0.43543434143066406 0.5503593683242798
0.42102503776550293 0.6337894797325134
0.46559515595436096 0.6456756591796875
0.42926254868507385 0.5380309820175171
0.43046948313713074 0.6299333572387695
0.5290449857711792 0.5709781050682068
0.5049187541007996 0.6663778424263
0.5079327821731567 0.5936421751976013
0.5296505093574524 0.5990820527076721
0.4624035954475403 0.5342764258384705
0.5502575039863586 0.6036423444747925
0.5668729543685913 0.6056923270225525
0.5325913429260254 0.6265342831611633
0.5201472640037537 0.597783088684082
0.5147646069526672 0.6110565066337585
0.5165449380874634 0.6429138779640198
0.560350239276886 0.6025785207748413
0.46359783411026 0.6254080533981323
0.49970489740371704 0.5119731426239014
0.5490831136703491 0.536938488483429
0.4408315420150757 0.5144534111022949
0.5535744428634644 0.6272287964820862
0.4796079993247986 0.5637933611869812
0.5246462225914001 0.5210557579994202
0.527579128742218 0.577232837677002
0.4422237277030945 0.5899338126182556
0.545735776424408 0.5687643885612488
0.4505879282951355 0.5543919801712036
0.5516243577003479 0.5553185343742371
0.4727190136909485 0.5346916317939758
0.4341233968734741 0.5428769588470459
0.5166661143302917 0.5825335383415222
0.5671290159225464 0.6005814075469971
0.4553087651729584 0.5545443892478943
0.4348229169845581 0.5306110382080078
0.5122179388999939 0.6222440004348755
0.5491860508918762 0.6158033609390259
0.4814881980419159 0.5344071388244629
0.5024714469909668 0.5479994416236877
0.41156095266342163 0.6054496765136719
0.5087129473686218 0.6037459373474121
0.507310688495636 0.6658815145492554
0.5451867580413818 0.5769618153572083
0.42100754380226135 0.6373906135559082
0.5558490753173828 0.6163541674613953
0.5024046301841736 0.6191052198410034
0.5083613991737366 0.6633947491645813
0.5421766042709351 0.61191326379776
0.46617594361305237 0.5968393683433533
0.5536777973175049 0.541837751865387
0.5181347727775574 0.654111385345459
0.5337569713592529 0.6336402893066406
0.4545370042324066 0.5443998575210571
0.4367206394672394 0.5218653082847595
0.4998551905155182 0.5634382367134094
0.4546072781085968 0.6356744170188904
0.5398821234703064 0.5797274112701416
0.423294335603714 0.5401091575622559
0.4581831097602844 0.6243978142738342
0.4967855215072632 0.5196473598480225
0.48217180371284485 0.5644961595535278
0.49270638823509216 0.631269097328186
0.4007161259651184 0.5658458471298218
0.4851508140563965 0.6599633693695068
0.5067960619926453 0.5315309762954712
0.49726635217666626 0.6433666348457336
0.47651708126068115 0.5301794409751892
0.4008042514324188 0.5889540910720825
0.4605266749858856 0.5661493539810181
0.5611194968223572 0.5823469161987305
0.4712284803390503 0.5905760526657104
0.5140359401702881 0.639668345451355
0.42875048518180847 0.5271307826042175
0.5183478593826294 0.514448881149292
0.45168524980545044 0.6476412415504456
0.5595161318778992 0.5916388034820557
0.4818752110004425 0.6463871598243713
0.5252704620361328 0.5489643812179565
0.5436479449272156 0.5703104138374329
0.46668922901153564 0.5713996291160583
0.5146618485450745 0.653667151927948
0.46672356128692627 0.6338261365890503
0.42999953031539917 0.5806010365486145
0.513035774230957 0.5363868474960327
0.5164331793785095 0.5141032338142395
0.40313705801963806 0.6103524565696716
0.4256962537765503 0.5357396006584167
0.5511730313301086 0.5672916173934937
0.5663464665412903 0.5803794860839844
0.46441641449928284 0.656381368637085
0.5641674995422363 0.6093294024467468
0.4428848922252655 0.5578612685203552
0.49316468834877014 0.6093486547470093
0.42778733372688293 0.5343064665794373
0.42056047916412354 0.6081790328025818
0.47864511609077454 0.5430797934532166
0.566526472568512 0.5880345106124878
0.484804630279541 0.6206457018852234
0.537469208240509 0.5488253235816956
0.5280997157096863 0.5648411512374878
0.5496118068695068 0.6111733913421631
0.47347667813301086 0.5639509558677673
0.402345210313797 0.5690318942070007
0.5425023436546326 0.5760999917984009
0.5344833135604858 0.5288978219032288
0.4471226930618286 0.6204771399497986
0.5409265756607056 0.5470995903015137
0.5060704350471497 0.5972208380699158
0.4780486226081848 0.6199281811714172
0.4494177997112274 0.6483692526817322
0.4131576418876648 0.5836096405982971
0.4667644202709198 0.5218324661254883
0.4339424967765808 0.6070287823677063
0.4174799919128418 0.5494977235794067
0.45567601919174194 0.5100487470626831
0.4207842946052551 0.540168046951294
0.5185006856918335 0.5595141649246216
0.5636353492736816 0.6009054183959961
0.5054746270179749 0.6439831256866455
0.4859030246734619 0.5349057912826538
0.5430282950401306 0.5428006649017334
0.41843947768211365 0.6348146200180054
0.5282838940620422 0.626530110836029
0.4312993288040161 0.5306295156478882
0.46456238627433777 0.5469419956207275
0.49620383977890015 0.5673590302467346
0.41900885105133057 0.5484018921852112
0.48469337821006775 0.6636748909950256
0.48744097352027893 0.6318872570991516
0.4427579641342163 0.5984705686569214
0.5450328588485718 0.5469670295715332
0.47128793597221375 0.5863707661628723
0.44705110788345337 0.5374566912651062
0.492492139339447 0.5843075513839722
0.4607042372226715 0.6294848918914795
0.45727667212486267 0.6187552213668823
0.5030551552772522 0.5064709186553955
0.5694003105163574 0.5953784584999084
0.4350110590457916 0.587064266204834
0.5573021769523621 0.6294981241226196
0.5361974239349365 0.5587218403816223
0.4141305983066559 0.6047004461288452
0.4360339045524597 0.568152666091919
0.4975874125957489 0.5541622638702393
0.5102086663246155 0.5977552533149719
0.42397090792655945 0.6265747547149658
0.4421658515930176 0.5735302567481995
0.41661685705184937 0.6321203112602234
0.5500600337982178 0.5509454011917114
0.5006412267684937 0.6174517869949341
0.4444417953491211 0.5335474610328674
0.5545076727867126 0.5433506369590759
0.5672566294670105 0.5666483044624329
0.4565630555152893 0.5253947377204895
0.5564930438995361 0.6151502728462219
0.46631574630737305 0.6053285002708435
0.48753002285957336 0.5140072703361511
0.41696643829345703 0.6316611170768738
0.5368807315826416 0.6194247007369995
0.5254687070846558 0.5814096331596375
0.5545645952224731 0.566542387008667
0.4601881504058838 0.5893793106079102
0.5712941288948059 0.5967292189598083
0.4618918001651764 0.5495128035545349
0.5248295068740845 0.6329162120819092
0.4815109670162201 0.5723525881767273
0.40888112783432007 0.5592377781867981
0.5502327084541321 0.6232695579528809
0.5347979068756104 0.5990315675735474
0.5011088848114014 0.6277573108673096
0.5152814388275146 0.6059515476226807
0.4597678482532501 0.5274566411972046
0.5553668737411499 0.5876221060752869
0.43804556131362915 0.6177836656570435
0.42903900146484375 0.595677375793457
0.5659509301185608 0.6036367416381836
0.5045688152313232 0.5969713926315308
0.5124822854995728 0.6221171021461487
0.4259164333343506 0.6357164978981018
0.4779224395751953 0.627481997013092
0.540224552154541 0.6060252785682678
0.430244505405426 0.6170580387115479
0.5363219380378723 0.5869084000587463
0.5219097137451172 0.5277442932128906
0.4368864893913269 0.651592493057251
0.531335711479187 0.546122133731842
0.45234301686286926 0.5496670007705688
0.41120627522468567 0.6014920473098755
0.4504639208316803 0.6238697171211243
0.4223577678203583 0.543289065361023
0.5676440596580505 0.6038075685501099
0.46848589181900024 0.5290834307670593
0.5694846510887146 0.5619814395904541
0.5404284596443176 0.5722351670265198
0.5346292853355408 0.6556912064552307
0.49787232279777527 0.5518199801445007
0.5661246180534363 0.5488765835762024
0.5368343591690063 0.5318960547447205
0.45056259632110596 0.5278259515762329
0.507035493850708 0.5413066744804382
0.5188566446304321 0.5240911841392517
0.5615041851997375 0.5952288508415222
0.5354825258255005 0.5579178929328918
0.4947255849838257 0.5120944976806641
0.5573844313621521 0.5986523628234863
0.5320026278495789 0.5511516332626343
0.42615798115730286 0.5906554460525513
0.517388105392456 0.5204587578773499
0.4398113489151001 0.6417464017868042
0.5344299077987671 0.6440162658691406
0.558521032333374 0.574734091758728
0.4782771170139313 0.6031646728515625
0.5530341863632202 0.6237561702728271
0.4140113294124603 0.6137636303901672
0.4155959486961365 0.6322214603424072
0.4643533527851105 0.6385823488235474
0.44083842635154724 0.5879053473472595
0.5319251418113708 0.5684371590614319
0.45495352149009705 0.6504978537559509
0.4665464162826538 0.5357205271720886
0.5450308918952942 0.6095266342163086
0.428897887468338 0.5334155559539795
0.5694620609283447 0.582198441028595
0.504655122756958 0.6324744820594788
0.46396729350090027 0.5944284200668335
0.4037005305290222 0.5699747800827026
0.44378185272216797 0.6376075148582458
0.47001010179519653 0.5839748978614807
0.5387843251228333 0.5441304445266724
0.5111334919929504 0.5627160668373108
0.5498053431510925 0.5563197731971741
0.47239530086517334 0.6170474886894226
0.5484262108802795 0.5785444974899292
0.5379331111907959 0.5207948684692383
0.4720798432826996 0.5190310478210449
0.49032291769981384 0.6395383477210999
0.4029465913772583 0.6050472855567932
0.5249814987182617 0.5542879700660706
0.5002893805503845 0.6609370708465576
0.39930108189582825 0.6026467084884644
0.45561254024505615 0.5994138121604919
0.47211796045303345 0.5551092028617859
0.42269718647003174 0.5789757370948792
0.4960213303565979 0.6210472583770752
0.4601273238658905 0.6295408606529236
0.5036163926124573 0.5614296793937683
0.45718255639076233 0.5095569491386414
0.4669162929058075 0.5893740057945251
0.44439780712127686 0.5664381384849548
0.42420050501823425 0.5565723776817322
0.5598294138908386 0.5617483258247375
0.4178088903427124 0.5350127220153809
0.4973824918270111 0.6311239004135132
0.44149526953697205 0.6249115467071533
0.41668272018432617 0.6306101083755493
0.4452918767929077 0.6348925232887268
0.508809506893158 0.5674741864204407
0.40507686138153076 0.5973338484764099
0.4250844120979309 0.5724877119064331
0.5244285464286804 0.5937776565551758
0.40649327635765076 0.5614036321640015
0.4345362186431885 0.5565547347068787
0.48203909397125244 0.5521930456161499
0.5651777386665344 0.5555276870727539
0.5427687168121338 0.568142831325531
0.5034353137016296 0.6228125691413879
0.44207844138145447 0.648702085018158
0.5487209558486938 0.6220412254333496
0.49870094656944275 0.6157649755477905
0.47965502738952637 0.6583590507507324
0.5605406761169434 0.6097415685653687
0.4892549514770508 0.5848639607429504
0.4913986027240753 0.5219404697418213
0.48518624901771545 0.6480745673179626
0.564378023147583 0.6135463714599609
0.43087947368621826 0.5438393354415894
0.541637122631073 0.5678138136863708
0.5384820103645325 0.605059802532196
0.5317387580871582 0.6173492074012756
0.5336570143699646 0.6549167037010193
0.4421163499355316 0.6024135947227478
0.5503239631652832 0.596446692943573
0.4731200933456421 0.582600474357605
0.4035990834236145 0.583960771560669
0.46695879101753235 0.5233180522918701
0.5532271862030029 0.6267555952072144
0.541204035282135 0.5675000548362732
0.5727806091308594 0.5832515358924866
0.42979687452316284 0.5936570763587952
0.5042476654052734 0.5628218054771423
0.44214776158332825 0.5669464468955994
0.41520267724990845 0.6219944953918457
0.439948707818985 0.5590153336524963
0.5718733072280884 0.5889008641242981
0.4565933048725128 0.5999429225921631
0.5410683751106262 0.5478189587593079
0.5241766571998596 0.6026661396026611
0.4656926393508911 0.5566771030426025
0.5672422647476196 0.5818122625350952
0.5175212621688843 0.6279591917991638
0.5139365792274475 0.6228150129318237
0.5043465495109558 0.5420171022415161
0.4305153489112854 0.6022359728813171
0.4097222089767456 0.5662499666213989
0.5598089694976807 0.5927228331565857
0.5720791220664978 0.5710004568099976
0.506534218788147 0.5723913908004761
0.4682593047618866 0.5517897009849548
0.5065675973892212 0.5909971594810486
0.5649440288543701 0.6119866371154785
0.4196626543998718 0.5393621325492859
0.42275169491767883 0.5446598529815674
0.5299458503723145 0.6184018850326538
0.42123928666114807 0.6169360280036926
0.5316094756126404 0.6363466382026672
0.5419027805328369 0.6217067837715149
0.5321751832962036 0.5746217370033264
0.4812733829021454 0.6523640155792236
0.4693516492843628 0.6619560718536377
0.4873822331428528 0.6224825978279114
0.53338223695755 0.6035885810852051
0.4347247779369354 0.5902706384658813
0.5249425768852234 0.5547599196434021
0.5242071747779846 0.5519527196884155
0.5018019080162048 0.5398389101028442
0.5113540291786194 0.6627426147460938
0.43834102153778076 0.5190206170082092
0.5314517021179199 0.5227578282356262
0.5024420022964478 0.635362982749939
0.5037148594856262 0.5466974973678589
0.4097186028957367 0.5816425085067749
0.5577035546302795 0.5521623492240906
0.5377381443977356 0.5458275079727173
0.4015658497810364 0.6058869361877441
0.46404147148132324 0.5125418305397034
0.47324925661087036 0.6027581691741943
0.5166734457015991 0.6495357155799866
0.4940183758735657 0.6573082208633423
0.4256524443626404 0.5819130539894104
0.5284618735313416 0.6303555369377136
0.5274036526679993 0.5964759588241577
0.5274935364723206 0.5279796123504639
0.5524247884750366 0.5886209011077881
0.5111671090126038 0.6547637581825256
0.4766503572463989 0.5072667002677917
0.47727277874946594 0.552007257938385
0.5229044556617737 0.5167214274406433
0.4679971933364868 0.6133020520210266
0.5696583986282349 0.5809683203697205
0.5262166261672974 0.5200331211090088
0.5273792743682861 0.5487228631973267
0.42248791456222534 0.5843327045440674
0.526012659072876 0.5953044891357422
0.425301730632782 0.5722588896751404
0.4857812821865082 0.6643642783164978
0.5156147480010986 0.6192507147789001
0.5455995798110962 0.6049697399139404
0.4069378972053528 0.5592756867408752
0.568307101726532 0.57896488904953
0.5029822587966919 0.6576710343360901
0.532211184501648 0.6005815267562866
0.509087085723877 0.6583580374717712
0.5397143959999084 0.6106641292572021
0.4755096435546875 0.5272851586341858
0.4199180006980896 0.5429892539978027
0.48680147528648376 0.5155675411224365
0.4310280382633209 0.5886507034301758
0.5082842111587524 0.6179946064949036
0.5474191904067993 0.6100229620933533
0.5384013652801514 0.5903251767158508
0.5123689770698547 0.6452174782752991
0.4394029378890991 0.5720117688179016
0.40193504095077515 0.5889352560043335
0.46821358799934387 0.6158236861228943
0.40382900834083557 0.581037700176239
0.47412535548210144 0.6072085499763489
0.423930287361145 0.565707266330719
0.5383965969085693 0.547404408454895
0.5280469655990601 0.581645131111145
0.43534016609191895 0.6157795786857605
0.5364946722984314 0.6082911491394043
0.47684040665626526 0.5298131704330444
0.4510951638221741 0.5874425172805786
0.39935004711151123 0.5799263119697571
0.41255179047584534 0.568095862865448
0.4372255504131317 0.615445613861084
0.46854764223098755 0.6199556589126587
0.5514650940895081 0.5897795557975769
0.47847864031791687 0.59336918592453
0.5518607497215271 0.5854207277297974
0.49307548999786377 0.5417613387107849
0.4494277536869049 0.5695660710334778
0.4991284906864166 0.6277168989181519
0.5580570101737976 0.6286207437515259
0.5006526112556458 0.6080405116081238
0.4666549563407898 0.5506244897842407
0.41698387265205383 0.5619451403617859
0.5234586000442505 0.5453065037727356
0.5661967396736145 0.5867144465446472
0.40677228569984436 0.5771798491477966
0.4153570532798767 0.6002580523490906
0.42708444595336914 0.6320977807044983
0.4496590197086334 0.5810579657554626
0.4792923033237457 0.5304951071739197
0.41563811898231506 0.579361081123352
0.5639922618865967 0.5838662385940552
0.5664764046669006 0.5803899168968201
0.5158306360244751 0.6280363202095032
0.4537273943424225 0.6429252624511719
0.5289037823677063 0.6162512302398682
0.46983444690704346 0.5973955988883972
0.44179490208625793 0.5713804960250854
0.4214823842048645 0.6100463271141052
0.5693415403366089 0.5907926559448242
0.5724337100982666 0.5772320628166199
0.45106691122055054 0.652900755405426
0.4345817565917969 0.6178568601608276
0.5274375677108765 0.6197552680969238
0.519555926322937 0.5607103705406189
0.5281060338020325 0.5772234797477722
0.4020915925502777 0.6038528680801392
0.5302033424377441 0.5906950831413269
0.41121354699134827 0.6171534657478333
0.40776196122169495 0.6028498411178589
0.4517306685447693 0.5795927047729492
0.5509761571884155 0.5759333372116089
0.48887234926223755 0.5932266712188721
0.5168127417564392 0.651053249835968
0.5510834455490112 0.6060959100723267
0.4232332408428192 0.5509422421455383
0.5182495713233948 0.6070823669433594
0.4599568247795105 0.5466242432594299
0.45140793919563293 0.631565272808075
0.44605758786201477 0.5937291383743286
0.5591314435005188 0.6002888679504395
0.43054935336112976 0.5648699402809143
0.4771616756916046 0.542975664138794
0.4159058630466461 0.6330286264419556
0.5423571467399597 0.5546842217445374
0.4148313105106354 0.5734314322471619
0.4000965654850006 0.5864219665527344
0.42498618364334106 0.6244025230407715
0.4470379650592804 0.5934898257255554
0.4530360996723175 0.5799689292907715
0.524876594543457 0.6037464737892151
0.4213331937789917 0.5767295360565186
0.40625470876693726 0.5917850732803345
0.541263222694397 0.5935099124908447
0.5383136868476868 0.5941884517669678
0.4954456090927124 0.5834391713142395
0.41809481382369995 0.6221721172332764
0.5130428075790405 0.6326341032981873
0.5350625514984131 0.5452253818511963
0.41675084829330444 0.5948158502578735
0.4575499892234802 0.6549555063247681
0.49750885367393494 0.5535308718681335
0.4497728645801544 0.6591315269470215
0.5704460144042969 0.5990920066833496
0.48430415987968445 0.6162959933280945
0.4032233655452728 0.6054309606552124
0.5599610209465027 0.589059591293335
0.5136889219284058 0.6154801845550537
0.5163681507110596 0.5196259021759033
0.41883766651153564 0.6320196986198425
0.48554933071136475 0.5846419930458069
0.5216391086578369 0.6163606643676758
0.5365179777145386 0.5408588647842407
0.5499732494354248 0.5516418814659119
0.5392597913742065 0.5349760055541992
0.5262331962585449 0.6362137794494629
0.49274730682373047 0.6518826484680176
0.41606199741363525 0.5756438374519348
0.4895004332065582 0.5404543876647949
0.45268309116363525 0.6561044454574585
0.41310495138168335 0.5568130612373352
0.4051963984966278 0.5708138942718506
0.4317212700843811 0.6004797220230103
0.5550362467765808 0.6065295338630676
0.5387248992919922 0.5323770642280579
0.46425068378448486 0.5906293988227844
0.5278463363647461 0.6144693493843079
0.491515189409256 0.5402293801307678
0.49052220582962036 0.51930171251297
0.40868672728538513 0.5471736192703247
0.48906421661376953 0.5263448357582092
0.4073966145515442 0.5603270530700684
0.5583630204200745 0.590529203414917
0.5094126462936401 0.6635062098503113
0.5653145909309387 0.5547828674316406
0.44833603501319885 0.6249441504478455
0.46194031834602356 0.5193803310394287
0.48367011547088623 0.5403961539268494
0.5385303497314453 0.5261520743370056
0.5358086824417114 0.6375158429145813
0.449999064207077 0.6552233695983887
0.5333756804466248 0.5224093198776245
0.4825364947319031 0.6624117493629456
0.5110683441162109 0.6014333367347717
0.49730026721954346 0.6450377106666565
0.4369753301143646 0.6426317095756531
0.4056870639324188 0.577747106552124
0.5580013394355774 0.5986636281013489
0.42557859420776367 0.5327035188674927
0.41438576579093933 0.5909466743469238
0.4054628312587738 0.5578821897506714
0.4589175283908844 0.5233195424079895
0.5148262977600098 0.5745865702629089
0.4766681492328644 0.6263341307640076
0.5369619727134705 0.5769425630569458
0.5075901746749878 0.5833672881126404
0.530507504940033 0.6218865513801575
0.5492633581161499 0.552480936050415
0.5054234266281128 0.5100100636482239
0.5031092166900635 0.5680123567581177
0.49140241742134094 0.5768941044807434
0.4315076470375061 0.6404730677604675
0.5239874124526978 0.5184616446495056
0.5204834938049316 0.5607043504714966
0.400560587644577 0.5845131278038025
0.49578920006752014 0.6048455834388733
0.45370522141456604 0.5358467698097229
0.5204636454582214 0.6370037794113159
0.4632267355918884 0.5368981957435608
0.4620175361633301 0.573815643787384
0.5063183903694153 0.5289291143417358
0.483329176902771 0.6340400576591492
0.43062737584114075 0.5829313397407532
0.5048739314079285 0.5587075352668762
0.5261304378509521 0.609657347202301
0.49087822437286377 0.6386166214942932
0.44918182492256165 0.5855976939201355
0.42426344752311707 0.5650888085365295
0.40395113825798035 0.5607069134712219
0.4733278751373291 0.5995326638221741
0.4547802805900574 0.5902969837188721
0.5134390592575073 0.654191792011261
0.4150756597518921 0.5477599501609802
0.41718539595603943 0.623337984085083
0.5491658449172974 0.5494688153266907
0.465175062417984 0.5193236470222473
0.484015554189682 0.5749876499176025
0.5676736831665039 0.5907617807388306
0.5342539548873901 0.6371853351593018
0.46728625893592834 0.5374777317047119
0.48927685618400574 0.66632080078125
0.5724977850914001 0.5880200862884521
0.41596198081970215 0.5396268963813782
0.5298216938972473 0.5156452059745789
0.42709964513778687 0.637726366519928
0.461012601852417 0.5599609017372131
0.5321667194366455 0.6230770945549011
0.561683177947998 0.6123257875442505
0.5489234328269958 0.5429385900497437
0.48117196559906006 0.5250543355941772
0.49797382950782776 0.5701651573181152
0.4121897518634796 0.5976366996765137
0.5238803029060364 0.5414903163909912
0.44478553533554077 0.5925436019897461
0.435094952583313 0.5997546315193176
0.503025472164154 0.5509786009788513
0.47376492619514465 0.6515052914619446
0.5230134725570679 0.5194985270500183
0.425945907831192 0.6360989212989807
0.5503777861595154 0.6316715478897095
0.5143448710441589 0.6511833071708679
0.5382139086723328 0.5748879313468933
0.5140482187271118 0.6625320911407471
0.4932827651500702 0.5963574051856995
0.5407377481460571 0.6016712188720703
0.4503929316997528 0.5929132103919983
0.49551036953926086 0.5335807800292969
0.48695889115333557 0.6248944401741028
0.41075989603996277 0.6188743114471436
0.4840086102485657 0.5478985905647278
0.46558883786201477 0.5824573636054993
0.5255610346794128 0.523512601852417
0.5457635521888733 0.6287794709205627
0.4367181062698364 0.5735087990760803
0.467097669839859 0.5432447195053101
0.5018280148506165 0.5330599546432495
0.42439383268356323 0.6285613179206848
0.4407954514026642 0.6455899477005005
0.4742110073566437 0.6415857076644897
0.4930332899093628 0.5850830674171448
0.40214622020721436 0.5739355087280273
0.4069480299949646 0.6168807148933411
0.5512672066688538 0.596458911895752
0.5282207727432251 0.5802868604660034
0.5163353085517883 0.6255456805229187
0.47876158356666565 0.625603437423706
0.4732407331466675 0.6295661926269531
0.4785851240158081 0.6123060584068298
0.5611851811408997 0.5563090443611145
0.47292277216911316 0.6272839903831482
0.5473690629005432 0.5542935132980347
0.5232306122779846 0.5968313217163086
0.5306232571601868 0.5196588039398193
0.47207111120224 0.5278781652450562
0.48079928755760193 0.5628084540367126
0.4888675808906555 0.5752819180488586
0.47723808884620667 0.547163188457489
0.4907256066799164 0.5642773509025574
0.4977308511734009 0.5209689140319824
0.5162041187286377 0.6198253631591797
0.49637529253959656 0.5427893400192261
0.5187031030654907 0.5645102262496948
0.5199539065361023 0.5507138967514038
0.5453782081604004 0.6278389096260071
0.5524601340293884 0.5673204660415649
0.5239058136940002 0.6325221657752991
0.4486403167247772 0.552650511264801
0.48044702410697937 0.5402683019638062
0.4944961667060852 0.5530245304107666
0.4577922821044922 0.5788537859916687
0.4408823251724243 0.6393983960151672
0.5682729482650757 0.602211594581604
0.547365665435791 0.5904448628425598
0.5615963935852051 0.6168895959854126
0.47391077876091003 0.6026831269264221
0.4616745710372925 0.6284748315811157
0.398174524307251 0.5908021330833435
0.5339032411575317 0.5479276180267334
0.4079526662826538 0.5669676661491394
0.4553278982639313 0.5694085359573364
0.4449833035469055 0.534341037273407
0.5746305584907532 0.5814357399940491
0.4376269578933716 0.636053740978241
0.4774126708507538 0.6105706095695496
0.5530238151550293 0.569874107837677
0.4319562315940857 0.5699897408485413
0.4470904469490051 0.5802157521247864
0.4825608432292938 0.5988604426383972
0.4932142496109009 0.5547674894332886
0.4490228593349457 0.5521493554115295
0.529558002948761 0.5526230335235596
0.4062398374080658 0.5892204642295837
0.43277594447135925 0.5760260224342346
0.4213283360004425 0.5452089905738831
0.5075196623802185 0.6171478629112244
0.5267366766929626 0.5763571858406067
0.4974525272846222 0.5598121881484985
0.5724405646324158 0.5927826762199402
0.4258198142051697 0.5636401176452637
0.5494446754455566 0.6289417147636414
0.43641629815101624 0.577399492263794
0.4607483446598053 0.5935494303703308
0.49568432569503784 0.6528316140174866
0.4714561402797699 0.6534041166305542
0.4916713833808899 0.5374597907066345
0.4184723198413849 0.6337822675704956
0.43265214562416077 0.5791347026824951
0.4953576624393463 0.6659165620803833
0.4253525137901306 0.5427975654602051
0.4581514596939087 0.5205764174461365
0.5512437224388123 0.6238183975219727
0.41794779896736145 0.5681512355804443
0.4284011125564575 0.6288271546363831
0.5602075457572937 0.6130720973014832
0.4593693017959595 0.5688297748565674
0.40633323788642883 0.5867848992347717
0.4700075387954712 0.5465784668922424
0.44388648867607117 0.6070229411125183
0.44840529561042786 0.5114889740943909
0.5567048788070679 0.6193339824676514
0.5485861897468567 0.5891825556755066
0.4342885911464691 0.5901385545730591
0.512626588344574 0.6644759774208069
0.530186653137207 0.5978206396102905
0.462854266166687 0.6648175120353699
0.4083203673362732 0.5823805332183838
0.48376956582069397 0.5306351184844971
0.5472406148910522 0.5971884727478027
0.46527576446533203 0.5449461340904236
0.5400753021240234 0.5972837209701538
0.5417212843894958 0.6355418562889099
0.475443571805954 0.6015130877494812
0.5159533619880676 0.6117576360702515
0.42759835720062256 0.5690125226974487
0.5659087896347046 0.5728456377983093
0.4574086368083954 0.6290258765220642
0.5315689444541931 0.5686240792274475
0.46569252014160156 0.6141499876976013
0.4934499263763428 0.5072409510612488
0.4506312310695648 0.6559866666793823
0.45506197214126587 0.6338266134262085
0.464865505695343 0.6024715900421143
0.5624432563781738 0.6007611751556396
0.3975614309310913 0.5836136341094971
0.5250766277313232 0.6144066452980042
0.5467169880867004 0.643842875957489
0.5703720450401306 0.5659620761871338
0.536289632320404 0.5823923349380493
0.5267238020896912 0.6546394228935242
0.43668073415756226 0.5741312503814697
0.4203547537326813 0.5919404625892639
0.4400829076766968 0.5676460862159729
0.424392431974411 0.560906171798706
0.4501565992832184 0.568908154964447
0.456353098154068 0.6308687329292297
0.4473349452018738 0.5390677452087402
0.5535234212875366 0.6279014348983765
0.550835371017456 0.6028172969818115
0.4505491256713867 0.5781794190406799
0.5063498020172119 0.5167216062545776
0.5425068736076355 0.6449328660964966
0.46404343843460083 0.6149041056632996
0.5440121293067932 0.6074632406234741
0.5033103823661804 0.5516523718833923
0.40050208568573 0.5986433029174805
0.4547038674354553 0.5655357241630554
0.4714023768901825 0.5057922005653381
0.5357596278190613 0.5655478835105896
0.5313466787338257 0.5290480256080627
0.49919116497039795 0.5917967557907104
0.5426917672157288 0.5547598004341125
0.48135364055633545 0.6072646379470825
0.5469679236412048 0.6409359574317932
0.4688415825366974 0.6247828602790833
0.44664710760116577 0.5388219952583313
0.49107152223587036 0.6112953424453735
0.5551208257675171 0.5838531851768494
0.5022491216659546 0.645580530166626
0.517608106136322 0.5551389455795288
0.47574737668037415 0.6582950353622437
0.5416029095649719 0.6385526657104492
0.48283299803733826 0.6433644890785217
0.5504414439201355 0.5419674515724182
0.5670302510261536 0.554954469203949
0.4194430410861969 0.6337275505065918
0.40289396047592163 0.5744319558143616
0.5391563177108765 0.630645215511322
0.5494686365127563 0.5837039351463318
0.44429275393486023 0.5958583950996399
0.4644021987915039 0.5988165736198425
0.4727436304092407 0.6127219796180725
0.49308139085769653 0.6395286321640015
0.5435028076171875 0.5556186437606812
0.5521605610847473 0.5881435871124268
0.5327933430671692 0.6546726822853088
0.4637182652950287 0.6471335887908936
0.5590227842330933 0.5535984039306641
0.5180999040603638 0.6607125997543335
0.4310244619846344 0.5683143734931946
0.4540013074874878 0.6325806975364685
0.39906877279281616 0.5893523097038269
0.5416132807731628 0.5394760370254517
0.411226749420166 0.611950695514679
0.44170480966567993 0.6330242156982422
0.450102299451828 0.6499844193458557
0.5612199902534485 0.5680145621299744
0.43831852078437805 0.5492428541183472
0.5157351493835449 0.6165083050727844
0.4471402168273926 0.5213168859481812
0.5605443716049194 0.5701069235801697
0.5148532390594482 0.5366552472114563
0.44856998324394226 0.6411398649215698
0.40991806983947754 0.6280609369277954
0.5439392328262329 0.584839940071106
0.4569586515426636 0.5961058735847473
0.40115147829055786 0.5662617683410645
0.47888192534446716 0.5717799663543701
0.46701759099960327 0.656328022480011
0.4320617914199829 0.5868721604347229
0.5285933613777161 0.6461896896362305
0.4431436061859131 0.5840029120445251
0.4166053831577301 0.5665211081504822
0.43861183524131775 0.5241877436637878
0.4518336355686188 0.5547032356262207
0.5729295611381531 0.5789107084274292
0.526653528213501 0.597135066986084
0.5030020475387573 0.6221188902854919
0.47184258699417114 0.5729396939277649
0.4000890552997589 0.6006467342376709
0.5544978976249695 0.6085561513900757
0.4638628661632538 0.5995991230010986
0.40467196702957153 0.5574411749839783
0.43565788865089417 0.5982471704483032
0.4152047336101532 0.6357443928718567
0.4065767228603363 0.5994905829429626
0.552861213684082 0.6293280720710754
0.5378711819648743 0.5822708010673523
0.4410172402858734 0.632421612739563
0.47773873805999756 0.6345775127410889
0.45237722992897034 0.6464331150054932
0.5623781681060791 0.581792950630188
0.41979506611824036 0.5766057968139648
0.4719942808151245 0.6023700833320618
0.5551389455795288 0.6239189505577087
0.5268949270248413 0.5938704013824463
0.4851434528827667 0.5869187712669373
0.39808011054992676 0.5972621440887451
0.43270793557167053 0.634006679058075
0.5506591200828552 0.5407986640930176
0.4116654694080353 0.566871166229248
0.4471997916698456 0.5535300970077515
0.5157314538955688 0.5518491268157959
0.428497314453125 0.6289553642272949
0.4435894787311554 0.5925549864768982
0.555827260017395 0.6135579347610474
0.5640051364898682 0.579383373260498
0.5406361222267151 0.5890094637870789
0.4223288893699646 0.6299510598182678
0.5031874179840088 0.663730263710022
0.48562198877334595 0.58674556016922
0.5415478348731995 0.564487636089325
0.5628302097320557 0.5745662450790405
0.5610883235931396 0.5657979249954224
0.5028660893440247 0.6256994605064392
0.4676052927970886 0.640228271484375
0.4037357568740845 0.5860542058944702
0.4787152409553528 0.5546045303344727
0.4888449013233185 0.6283762454986572
0.4789905846118927 0.5820196866989136
0.46477556228637695 0.619776725769043
0.5619357824325562 0.6192308068275452
0.5588480234146118 0.5752155780792236
0.4908871054649353 0.5268105864524841
0.5659331679344177 0.5488397479057312
0.4125973880290985 0.5735039114952087
0.44466015696525574 0.5375416874885559
0.4729398488998413 0.620115339756012
0.5423414707183838 0.6231887340545654
0.40539130568504333 0.5776742100715637
0.5257667899131775 0.5884914994239807
0.4770583212375641 0.5557294487953186
0.5214557647705078 0.605011522769928
0.47868600487709045 0.6455473899841309
0.5100964903831482 0.6034494042396545
0.530829668045044 0.5336644053459167
0.4932166039943695 0.5079078078269958
0.47354331612586975 0.5255617499351501
0.49814939498901367 0.5554080009460449
0.5592663288116455 0.5949981808662415
0.4157160818576813 0.5595483183860779
0.5498852729797363 0.6405349969863892
0.4238753616809845 0.5516867637634277
0.50700443983078 0.5547600984573364
0.5718463659286499 0.5752636790275574
0.49437829852104187 0.612526535987854
0.49210187792778015 0.6646535992622375
0.5083532929420471 0.6072237491607666
0.5156179070472717 0.5536454319953918
0.5726041793823242 0.5880388617515564
0.5043022632598877 0.612347424030304
0.5501085519790649 0.6364012956619263
0.46483370661735535 0.5152839422225952
0.4730888605117798 0.550029456615448
0.43314456939697266 0.5666570067405701
0.5150867700576782 0.65374755859375
0.5706128478050232 0.5966838598251343
0.4407542943954468 0.6294706463813782
0.543896496295929 0.5780624747276306
0.40636757016181946 0.5876115560531616
0.47258260846138 0.5107780694961548
0.43268662691116333 0.6348626613616943
0.4137311577796936 0.5973389148712158
0.4376608431339264 0.6441780924797058
0.4782339036464691 0.566767692565918
0.5304785370826721 0.6225586533546448
0.42677924036979675 0.5842677354812622
0.5658402442932129 0.5743046998977661
0.527564525604248 0.615371823310852
0.43083229660987854 0.5740679502487183
0.5533309578895569 0.5424283146858215
0.4557265639305115 0.6369643807411194
0.5624063014984131 0.5817957520484924
0.5168929696083069 0.5134950876235962
0.4641574025154114 0.6504158973693848
0.5542113780975342 0.6096548438072205
0.5539546012878418 0.6136063933372498
0.4331498444080353 0.5995928645133972
0.51251220703125 0.544348955154419
0.4976547658443451 0.6192119121551514
0.4233051538467407 0.5690885782241821
0.5008190274238586 0.5230966806411743
0.4650840759277344 0.5786104202270508
0.5539661645889282 0.5719544291496277
0.5444818735122681 0.6011204719543457
0.5550195574760437 0.6081439852714539
0.5232366323471069 0.5524308085441589
0.5223224759101868 0.6106605529785156
0.490281343460083 0.5035461187362671
0.4267328679561615 0.5547198057174683
0.44806382060050964 0.6047918200492859
0.55423903465271 0.5422356128692627
0.5677869319915771 0.5823161005973816
0.4326946437358856 0.6393118500709534
0.5132684111595154 0.5149802565574646
0.4451795220375061 0.5258573889732361
0.41712918877601624 0.5898981094360352
0.40920111536979675 0.5627740025520325
0.482438325881958 0.5106983780860901
0.42130163311958313 0.5490769743919373
0.5584073066711426 0.5564237833023071
0.5699211359024048 0.5989192128181458
0.4737620949745178 0.6240549087524414
0.44732797145843506 0.5721501708030701
0.5341430306434631 0.5574647188186646
0.5028985142707825 0.5451598167419434
0.5340505242347717 0.5202537775039673
0.42661744356155396 0.5828481912612915
0.4486781656742096 0.5527372360229492
0.5068853497505188 0.6283329725265503
0.4665556252002716 0.52203369140625
0.40771836042404175 0.5579066872596741
0.4688401222229004 0.5402804017066956
0.44395723938941956 0.5352286100387573
0.5290071964263916 0.5418047904968262
0.4979553520679474 0.6524584293365479
0.4175204634666443 0.5381947755813599
0.43529602885246277 0.5980846285820007
0.40894651412963867 0.6174986362457275
0.42574596405029297 0.5768943428993225
0.49636760354042053 0.5967150926589966
0.513519287109375 0.5866628885269165
0.5650897026062012 0.5721636414527893
0.5721688270568848 0.5847541689872742
0.48496928811073303 0.5425647497177124
0.5700421333312988 0.599940836429596
0.48346665501594543 0.5144619345664978
0.5452561974525452 0.6194501519203186
0.4651000201702118 0.5087172389030457
0.45129597187042236 0.5159298777580261
0.5544157028198242 0.5932163000106812
0.4397296905517578 0.5212603211402893
0.44346392154693604 0.5517711639404297
0.488683819770813 0.5160284042358398
0.5464534163475037 0.6345759630203247
0.5345708727836609 0.6215641498565674
0.46134883165359497 0.6346316933631897
0.509072482585907 0.5208714008331299
0.41728007793426514 0.6347025632858276
0.4238106310367584 0.6055647134780884
0.43092674016952515 0.5236206650733948
0.5206139087677002 0.5941672325134277
0.4758197069168091 0.5895825028419495
0.5383591651916504 0.5443845987319946
0.4368571639060974 0.6480548977851868
0.46747151017189026 0.5923011302947998
0.47580698132514954 0.6377815008163452
0.4549790024757385 0.5582959651947021
0.4053228795528412 0.5752888321876526
0.4716087579727173 0.5946059226989746
0.5683112144470215 0.585038423538208
0.4654269218444824 0.6092742085456848
0.48392656445503235 0.5774852633476257
0.5064696073532104 0.5944385528564453
0.4343595504760742 0.6444572806358337
0.5540038347244263 0.610158383846283
0.5146752595901489 0.5548202991485596
0.5256555080413818 0.656808078289032
0.5688210725784302 0.5523573160171509
0.42184850573539734 0.5810646414756775
0.44603437185287476 0.5824097394943237
0.4180409014225006 0.5631986856460571
0.5003270506858826 0.5603260397911072
0.4484056234359741 0.5711413025856018
0.4944000244140625 0.5431732535362244
0.5507046580314636 0.5805494785308838
0.4294177293777466 0.5991511344909668
0.5330312848091125 0.5271418690681458
0.47490763664245605 0.6059459447860718
0.46964532136917114 0.554216206073761
0.5542239546775818 0.5581479072570801
0.4854256212711334 0.5044626593589783
0.49908971786499023 0.5107632875442505
0.47215160727500916 0.5747916102409363
0.4818342328071594 0.5311294794082642
0.4066163897514343 0.5827763080596924
0.4497184157371521 0.5965204238891602
0.48185259103775024 0.6142554879188538
0.4793795943260193 0.5729531645774841
0.41867730021476746 0.560854971408844
0.4171449542045593 0.5501949787139893
0.5371686220169067 0.6311517357826233
0.5166275501251221 0.5306655764579773
0.49111324548721313 0.5307599902153015
0.43850940465927124 0.6283777356147766
0.40499356389045715 0.5848379135131836
0.46134915947914124 0.5732409358024597
0.42165374755859375 0.58181232213974
0.4246476888656616 0.5796040296554565
0.5322501063346863 0.5161869525909424
0.4062369465827942 0.5686970949172974
0.5342756509780884 0.616946280002594
0.4073002338409424 0.569135844707489
0.5424997806549072 0.6415992379188538
0.4216923117637634 0.6291614174842834
0.44797375798225403 0.5469435453414917
0.4408269226551056 0.5457649827003479
0.5384286046028137 0.5307824015617371
0.4128958284854889 0.5688760280609131
0.48420464992523193 0.5103552341461182
0.477571576833725 0.5792320966720581
0.4140562117099762 0.6223078370094299
0.503503680229187 0.6001189351081848
0.4705623984336853 0.5718274116516113
0.5367512106895447 0.6508142352104187
0.5187218189239502 0.582624614238739
0.5350341200828552 0.5941075682640076
0.42687755823135376 0.6177191734313965
0.5345039963722229 0.6479872465133667
0.4611094892024994 0.6574110984802246
0.4407006502151489 0.6236454248428345
0.40773433446884155 0.619512140750885
0.5586277842521667 0.5464725494384766
0.5694646835327148 0.5829254388809204
0.4701211750507355 0.5716553926467896
0.5615622401237488 0.5979556441307068
0.5288479328155518 0.6091805696487427
0.5474193096160889 0.5836322903633118
0.43798935413360596 0.6178251504898071
0.5481275916099548 0.6178920865058899
0.5361436605453491 0.6120830774307251
0.4719609320163727 0.5752916932106018
0.508645236492157 0.5979720950126648
0.5372276902198792 0.5313864350318909
0.41222357749938965 0.5782105922698975
0.5316643118858337 0.6559271216392517
0.5703818202018738 0.5835139155387878
0.5212759971618652 0.5786550641059875
0.46663135290145874 0.5489576458930969
0.4854946732521057 0.561040997505188
0.5273855328559875 0.5281354188919067
0.45981165766716003 0.5337001085281372
0.554256796836853 0.5933327674865723
0.45786234736442566 0.6048324108123779
0.517577052116394 0.5552104711532593
0.49044114351272583 0.5754313468933105
0.5033867955207825 0.555787980556488
0.4630194306373596 0.5466352701187134
0.4129306972026825 0.610065221786499
0.4724837839603424 0.5334423184394836
0.43223902583122253 0.5875330567359924
0.5472093820571899 0.5334423780441284
0.4453556537628174 0.5294172167778015
0.5158412456512451 0.5145050287246704
0.4223000705242157 0.5993853807449341
0.4465460181236267 0.6160760521888733
0.4855387806892395 0.5042073726654053
0.48436370491981506 0.5523706674575806
0.406099408864975 0.5747347474098206
0.44236990809440613 0.610815703868866
0.5153599381446838 0.5115643739700317
0.46941545605659485 0.6450703144073486
0.4597267210483551 0.6314041018486023
0.4541357755661011 0.6083992123603821
0.4816843271255493 0.6624649167060852
0.5390705466270447 0.5867516994476318
0.5455156564712524 0.5936540365219116
0.4864260256290436 0.6471105217933655
0.4634096920490265 0.5641171932220459
0.5411937832832336 0.628023087978363
0.4469844102859497 0.6422724723815918
0.4483967125415802 0.5247160196304321
0.42149049043655396 0.6203447580337524
0.5529761910438538 0.6360181570053101
0.5334047675132751 0.6230490803718567
0.4077301323413849 0.6223198175430298
0.5613571405410767 0.6174512505531311
0.42002832889556885 0.6344932317733765
0.5068141222000122 0.5348036289215088
0.5208208560943604 0.5484590530395508
0.4902794063091278 0.5641971230506897
0.49288228154182434 0.6204642653465271
0.4016036093235016 0.6097311973571777
0.5571001172065735 0.5881611704826355
0.572557270526886 0.5913909077644348
0.5008005499839783 0.6332024931907654
0.41951245069503784 0.5699134469032288
0.4605352580547333 0.5485455989837646
0.5151990652084351 0.5722628831863403
0.40637558698654175 0.5714483261108398
0.40285396575927734 0.6003085374832153
0.49940481781959534 0.6301327347755432
0.5456342101097107 0.5597631335258484
0.4962412714958191 0.528752863407135
0.5154216289520264 0.5599925518035889
0.45948508381843567 0.5976884365081787
0.5368455648422241 0.6489113569259644
0.44099342823028564 0.5970926284790039
0.4788573086261749 0.5381379127502441
0.5731902122497559 0.5774930715560913
0.5651658773422241 0.610649585723877
0.4510434865951538 0.5755099058151245
0.5091397762298584 0.5738596320152283
0.5357440114021301 0.6321584582328796
0.48635798692703247 0.6390870213508606
0.4010476768016815 0.5696333050727844
0.5082849264144897 0.552173912525177
0.4083678722381592 0.6040859818458557
0.4613518714904785 0.615500807762146
0.5695499777793884 0.591067373752594
0.5643943548202515 0.5459709167480469
0.5418909788131714 0.570423424243927
0.44666120409965515 0.5883468389511108
0.49354633688926697 0.6177413463592529
0.5121961832046509 0.6241339445114136
0.5166486501693726 0.5963211059570312
0.404681921005249 0.6029728055000305
0.42729341983795166 0.6324758529663086
0.5669034719467163 0.5929023027420044
0.5465664863586426 0.5656191110610962
0.40757688879966736 0.5607478022575378
0.5623854398727417 0.5475496649742126
0.4331914782524109 0.6026043891906738
0.4611474871635437 0.512934684753418
0.5716056227684021 0.5706548094749451
0.4328806400299072 0.5884039402008057
0.4864502251148224 0.5653223991394043
0.5178174376487732 0.6096906065940857
0.4981845021247864 0.5975303053855896
0.4428122043609619 0.5785393118858337
0.5128114223480225 0.5094680786132812
0.5673061609268188 0.5570120215415955
0.5192746520042419 0.5345328450202942
0.5543057322502136 0.5930423736572266
0.46652644872665405 0.5486720204353333
0.42462044954299927 0.622431755065918
0.4197631776332855 0.562166690826416
0.5373036861419678 0.575232744216919
0.41813066601753235 0.6303225159645081
0.4776877462863922 0.6605496406555176
0.4882812798023224 0.5994361042976379
0.4077390730381012 0.6044834852218628
0.49967101216316223 0.6425151824951172
0.4360113739967346 0.6036342978477478
0.5434160232543945 0.619802713394165
0.45726078748703003 0.5558310151100159
0.4604852795600891 0.5890781283378601
0.4415178596973419 0.5414444208145142
0.5521917939186096 0.6288504600524902
0.4033437967300415 0.6026277542114258
0.525867760181427 0.5944374203681946
0.4049253463745117 0.562866747379303
0.5229119658470154 0.5943954586982727
0.4343876242637634 0.5264663696289062
0.5302503108978271 0.5282285213470459
0.42819640040397644 0.6016501784324646
0.4418504238128662 0.5387691259384155
0.4442828595638275 0.6186062693595886
0.4105302393436432 0.590324878692627
0.544014036655426 0.5694106221199036
0.5194540023803711 0.6458353996276855
0.5387318134307861 0.522031307220459
0.5584168434143066 0.6156899929046631
0.5432920455932617 0.6373050808906555
0.48536768555641174 0.6622434258460999
0.5049082636833191 0.5955439209938049
0.4480905532836914 0.6298165321350098
0.5037952065467834 0.5796769261360168
0.5182283520698547 0.6346524357795715
0.5490883588790894 0.5578476786613464
0.5469222068786621 0.6140491962432861
0.44475921988487244 0.6204763054847717
0.46714577078819275 0.5747770071029663
0.5699708461761475 0.5687050223350525
0.40282195806503296 0.5946700572967529
0.4013383984565735 0.5715201497077942
0.4136708676815033 0.5387717485427856
0.4966204762458801 0.5297058820724487
0.5040302872657776 0.6562870740890503
0.5582208037376404 0.5960243940353394
0.42563337087631226 0.6055598258972168
0.41271284222602844 0.555171549320221
0.4764055609703064 0.5141845345497131
0.44987061619758606 0.6401379704475403
0.45844510197639465 0.5524193644523621
0.4570791721343994 0.5539880990982056
0.5557485222816467 0.586631715297699
0.4899672865867615 0.5537261366844177
0.5605316758155823 0.6079263687133789
0.4838319718837738 0.5211648941040039
0.522953450679779 0.6634380221366882
0.525641679763794 0.6038287878036499
0.46340063214302063 0.5213219523429871
0.4324057698249817 0.5600965619087219
0.517731249332428 0.548114538192749
0.41470155119895935 0.5870031118392944
0.5395818948745728 0.6154912710189819
0.47463902831077576 0.5070659518241882
0.5427495241165161 0.5773451924324036
0.5040997862815857 0.5571966171264648
0.543131411075592 0.5992490649223328
0.46786415576934814 0.5908209085464478
0.4682929515838623 0.6656892895698547
0.492268830537796 0.567592203617096
0.5178267359733582 0.5631685256958008
0.5021117925643921 0.5635556578636169
0.529729962348938 0.5435230731964111
0.53106290102005 0.5341812372207642
0.5139530897140503 0.5757393836975098
0.4668155014514923 0.554999053478241
0.44727322459220886 0.5323415994644165
0.5088261961936951 0.6362179517745972
0.45471787452697754 0.5352327227592468
0.4097534120082855 0.620734691619873
0.5622286200523376 0.5738897919654846
0.43210896849632263 0.5988345146179199
0.5336810946464539 0.5982322096824646
0.5476307272911072 0.536845862865448
0.4653421938419342 0.6190200448036194
0.5347995758056641 0.6161447167396545
0.41332098841667175 0.5876513719558716
0.4676761031150818 0.5452793836593628
0.47254157066345215 0.65559983253479
0.40931740403175354 0.5982244610786438
0.44270220398902893 0.6408973932266235
0.4068950414657593 0.5976831912994385
0.5416877865791321 0.6441056728363037
0.4165763854980469 0.6360985636711121
0.5545325875282288 0.6302691102027893
0.5289637446403503 0.5442415475845337
0.5740135312080383 0.5869221687316895
0.43581992387771606 0.5735558867454529
0.5090137124061584 0.5275990962982178
0.4563772678375244 0.6079838275909424
0.5078491568565369 0.6278400421142578
0.4331970810890198 0.5220366716384888
0.47266194224357605 0.6634993553161621
0.41598236560821533 0.5635058283805847
0.5126788020133972 0.5959469079971313
0.4966195821762085 0.5231102705001831
0.5309835076332092 0.5338941812515259
0.521615743637085 0.6016322374343872
0.5343778133392334 0.5323353409767151
0.52950119972229 0.5337082147598267
0.4478731155395508 0.6421381235122681
0.5399582982063293 0.649395227432251
0.4391838610172272 0.6301553845405579
0.4532007575035095 0.6177284121513367
0.4866236448287964 0.5580401420593262
0.4712475538253784 0.5202871561050415
0.4405750334262848 0.6462924480438232
0.5127673149108887 0.5534098744392395
0.4402262270450592 0.6213081479072571
0.45836034417152405 0.5864143967628479
0.46706071496009827 0.6297309398651123
0.5164203643798828 0.5356402397155762
0.44872814416885376 0.5741795897483826
0.4752703309059143 0.5256513357162476
0.49368223547935486 0.5291178226470947
0.5242811441421509 0.5542203187942505
0.40804046392440796 0.5554415583610535
0.5116554498672485 0.5872997045516968
0.5124840140342712 0.535399317741394
0.5523194670677185 0.6226779818534851
0.5103349685668945 0.6059583425521851
0.5718075037002563 0.594123125076294
0.5378225445747375 0.5980523228645325
0.4300890564918518 0.6436471343040466
0.5484140515327454 0.5438530445098877
0.45439010858535767 0.5879577994346619
0.4343600571155548 0.5376645922660828
0.4056626260280609 0.5736885666847229
0.5577857494354248 0.5484482645988464
0.5053832530975342 0.5721756219863892
0.41388553380966187 0.6202731132507324
0.4046049118041992 0.59522545337677
0.3984288275241852 0.5803865194320679
0.4811728298664093 0.5873667001724243
0.47637462615966797 0.5171893239021301
0.542523205280304 0.5608826279640198
0.5509887337684631 0.5491924285888672
0.5348206162452698 0.6519477963447571
0.4425957500934601 0.5651583075523376
0.45226678252220154 0.6560447216033936
0.4799029529094696 0.6463212370872498
0.4554915130138397 0.6466253399848938
0.44052016735076904 0.6153260469436646
0.4072713255882263 0.5525959730148315
0.4021757245063782 0.6118512153625488
0.43974432349205017 0.6035090088844299
0.4120699465274811 0.5746323466300964
0.5159313678741455 0.6286337971687317
0.45542168617248535 0.5243819952011108
0.5194783210754395 0.5273849368095398
0.5155240893363953 0.5559758543968201
0.5290051102638245 0.6023675203323364
0.44548919796943665 0.6399351358413696
0.50003582239151 0.5461053848266602
0.43144357204437256 0.5519819259643555
0.4599970579147339 0.573691189289093
0.4794168472290039 0.6049625277519226
0.48498764634132385 0.6128116846084595
0.511232316493988 0.6269216537475586
0.4856582283973694 0.5493786334991455
0.49566274881362915 0.6350177526473999
0.43692219257354736 0.5710991621017456
0.4722573459148407 0.6506378054618835
0.4138888716697693 0.5402224063873291
0.43608516454696655 0.6256368160247803
0.4615741968154907 0.6039913296699524
0.5579529404640198 0.6206117868423462
0.5541878342628479 0.5391057729721069
0.4950466752052307 0.6166661381721497
0.5505182147026062 0.5462480783462524
0.5569511651992798 0.6199516654014587
0.5510562658309937 0.6094826459884644
0.4977240562438965 0.5546162128448486
0.45303434133529663 0.5339857935905457
0.40350812673568726 0.568113386631012
0.5229325294494629 0.5922961235046387
0.5207475423812866 0.5498992204666138
0.5454825758934021 0.6101353764533997
0.5074722170829773 0.5732146501541138
0.5077663064002991 0.6172346472740173
0.4380856454372406 0.6238627433776855
0.43930572271347046 0.5781576633453369
0.5211631059646606 0.5267782807350159
0.41038239002227783 0.5483517050743103
0.48547521233558655 0.60610431432724
0.4536784291267395 0.5239471793174744
0.4474652111530304 0.619695782661438
0.5698148012161255 0.5885233879089355
0.41532474756240845 0.5943856835365295
0.5678190588951111 0.5927205681800842
0.41272780299186707 0.5883602499961853
0.4840385317802429 0.6301482319831848
0.44694939255714417 0.62198406457901
0.4575860798358917 0.5835189819335938
0.5478947758674622 0.6301541328430176
0.5385587215423584 0.5401169657707214
0.5454721450805664 0.5706689357757568
0.47304293513298035 0.6146138906478882
0.5115257501602173 0.6268457770347595
0.5380727648735046 0.5389487743377686
0.4942188858985901 0.5182495713233948
0.562459409236908 0.5838300585746765
0.5533906817436218 0.5540410876274109
0.5730141997337341 0.5737949013710022
0.423284649848938 0.5349332094192505
0.4690280556678772 0.5491893887519836
0.517690896987915 0.5254703760147095
0.4631691575050354 0.6594676375389099
0.5110684633255005 0.5240401029586792
0.5309421420097351 0.5757684111595154
0.41024425625801086 0.6245901584625244
0.5410004258155823 0.5346296429634094
0.4310133457183838 0.567410409450531
0.4288215637207031 0.5589438676834106
0.5276792645454407 0.628728985786438
0.4642455577850342 0.6645289063453674
0.5670943260192871 0.6047260165214539
0.5278374552726746 0.6451943516731262
0.5210416913032532 0.542039692401886
0.5419731140136719 0.5830657482147217
0.48743540048599243 0.5167472958564758
0.4516114592552185 0.5256964564323425
0.5582432746887207 0.5637021660804749
0.5702953934669495 0.5922467112541199
0.4917016625404358 0.577994167804718
0.46545907855033875 0.5871103405952454
0.546070396900177 0.5822723507881165
0.5062986612319946 0.5543510317802429
0.4005727171897888 0.608478844165802
0.4922906160354614 0.6606767177581787
0.4217865765094757 0.632286012172699
0.553504228591919 0.5976978540420532
0.40644851326942444 0.5955206155776978
0.5663521885871887 0.5843064785003662
0.5354402661323547 0.5425008535385132
0.41319623589515686 0.6140438318252563
0.4510210156440735 0.5646132230758667
0.5738717317581177 0.5880934596061707
0.4651312828063965 0.6097778677940369
0.5149477124214172 0.6068273782730103
0.5037614107131958 0.5779650807380676
0.5459105372428894 0.6080592274665833
0.5224297642707825 0.5519148707389832
0.5446560978889465 0.5996193289756775
0.5041194558143616 0.5638643503189087
0.4692261815071106 0.656065821647644
0.49681708216667175 0.5816963315010071
0.44306111335754395 0.6468777060508728
0.46091488003730774 0.5981425642967224
0.4402622878551483 0.5895832777023315
0.39868032932281494 0.5822954177856445
0.42185619473457336 0.5405699610710144
0.54166579246521 0.5712460875511169
0.4462241530418396 0.5903591513633728
0.4000309407711029 0.5699139833450317
0.4890734553337097 0.5410116314888
0.5253554582595825 0.5221222043037415
0.41207489371299744 0.5877531170845032
0.4062686860561371 0.6132662892341614
0.5621395707130432 0.6197327971458435
0.5653687119483948 0.5580739974975586
0.5574432611465454 0.6042273640632629
0.5414958000183105 0.566650927066803
0.5528450012207031 0.6205592751502991
0.466164767742157 0.5829880237579346
0.4434136152267456 0.5190063118934631
0.402771919965744 0.5641795992851257
0.45966097712516785 0.6533756256103516
0.5459704995155334 0.6141871213912964
0.5346494913101196 0.5684117078781128
0.5216120481491089 0.6580988168716431
0.4277542531490326 0.5657877326011658
0.548468828201294 0.5320835113525391
0.5553142428398132 0.5892314314842224
0.5186184048652649 0.6131093502044678
0.4652646481990814 0.5865719318389893
0.46732378005981445 0.5774849057197571
0.43814602494239807 0.6037910580635071
0.4069267809391022 0.5878044366836548
0.572709321975708 0.5889960527420044
0.5632745623588562 0.5722050070762634
0.43167784810066223 0.5849145650863647
0.4504040777683258 0.5228199362754822
0.4725409746170044 0.565109372138977
0.518405556678772 0.5409978628158569
0.44705116748809814 0.5660811066627502
0.5484869480133057 0.6339828968048096
0.45670992136001587 0.5560873746871948
0.49926602840423584 0.555915355682373
0.5185097455978394 0.5210590362548828
0.4201681613922119 0.6359756588935852
0.514061689376831 0.5972422957420349
0.472709983587265 0.5436480641365051
0.46386033296585083 0.6038943529129028
0.4998178482055664 0.5683467388153076
0.4274362325668335 0.6415888071060181
0.41820281744003296 0.5438240170478821
0.43098753690719604 0.6010404825210571
0.5069851875305176 0.5614690780639648
0.5388546586036682 0.647404134273529
0.5200344920158386 0.6592537760734558
0.4663615822792053 0.5201373100280762
0.5133788585662842 0.6600844264030457
0.5379111766815186 0.6234870553016663
0.4130716919898987 0.6212739944458008
0.569439709186554 0.5758384466171265
0.5545254945755005 0.5515120029449463
0.5648189783096313 0.5516354441642761
0.5420500636100769 0.5757675170898438
0.5252512097358704 0.5739338994026184
0.4303054213523865 0.5703620910644531
0.4910035729408264 0.5208849906921387
0.527442455291748 0.5514111518859863
0.4326448142528534 0.5329165458679199
0.4713860750198364 0.541197657585144
0.5287931561470032 0.5890347957611084
0.4052128493785858 0.6085615158081055
0.5132706165313721 0.644163966178894
0.4202369749546051 0.6399999260902405
0.4643948972225189 0.55904620885849
0.4892771244049072 0.6613818407058716
0.5634971261024475 0.5583341717720032
0.41622090339660645 0.5764951109886169
0.4075295925140381 0.5734787583351135
0.5028082728385925 0.5834259986877441
0.5722427368164062 0.5889538526535034
0.4219782054424286 0.6377599239349365
0.5605688691139221 0.6137768626213074
0.41910845041275024 0.6052508354187012
0.49929705262184143 0.6512801051139832
0.4846639335155487 0.5163330435752869
0.44128596782684326 0.6528332829475403
0.4851062595844269 0.5524077415466309
0.4404602348804474 0.6505571603775024
0.5181155800819397 0.5151414275169373
0.47285282611846924 0.5830305814743042
0.5191700458526611 0.5285654664039612
0.4897477328777313 0.5156418681144714
0.478763222694397 0.5166171193122864
0.5277940034866333 0.5872060060501099
0.5504617094993591 0.6064896583557129
0.39953842759132385 0.5998541116714478
0.44151008129119873 0.6081283092498779
0.4149811267852783 0.557248055934906
0.4303535223007202 0.5392560958862305
0.4329460561275482 0.6401780247688293
0.4304344952106476 0.5981754660606384
0.5586313605308533 0.6042690277099609
0.5059682726860046 0.6342605352401733
0.43622809648513794 0.5994895100593567
0.4902511537075043 0.5919369459152222
0.43853262066841125 0.575035035610199
0.5535067319869995 0.6121960878372192
0.47301164269447327 0.5318536162376404
0.44765591621398926 0.6334072947502136
0.45087993144989014 0.628670334815979
0.41836854815483093 0.6204884648323059
0.5371516346931458 0.6148682832717896
0.4955909550189972 0.5853105187416077
0.4097481071949005 0.5691787600517273
0.4382060468196869 0.5760339498519897
0.4984414577484131 0.5258150100708008
0.5400457382202148 0.6177542805671692
0.5025482177734375 0.5850244164466858
0.5136164426803589 0.5957751274108887
0.47858747839927673 0.6313107013702393
0.5670520663261414 0.550762951374054
0.48378849029541016 0.5504465699195862
0.48309996724128723 0.6484727263450623
0.4072149395942688 0.6041980385780334
0.5346143245697021 0.6334740519523621
0.5480331778526306 0.5642054080963135
0.5362958908081055 0.6414819955825806
0.5027493834495544 0.5676994919776917
0.4314299523830414 0.5740416646003723
0.4739568531513214 0.6347170472145081
0.43136751651763916 0.5508755445480347
0.5159943103790283 0.5192333459854126
0.45463043451309204 0.5208381414413452
0.48878714442253113 0.5401332974433899
0.5438372492790222 0.6203197836875916
0.47080355882644653 0.5625565648078918
0.49439680576324463 0.5363608002662659
0.5278653502464294 0.5516663789749146
0.4693188965320587 0.6101497411727905
0.5482532382011414 0.6039825081825256
0.5020173788070679 0.5737689137458801
0.5117096900939941 0.5388447642326355
0.5203791260719299 0.6378298401832581
0.4053308665752411 0.5977678298950195
0.4594951868057251 0.5283303260803223
0.5067737102508545 0.6029256582260132
0.40319329500198364 0.5670549869537354
0.5050321817398071 0.583959698677063
0.4467777609825134 0.5159523487091064
0.4366014897823334 0.6367871165275574
0.3996674120426178 0.6060242056846619
0.46637675166130066 0.6153444051742554
0.47631368041038513 0.6662054061889648
0.49043819308280945 0.6652676463127136
0.5101069808006287 0.6177368760108948
0.4302826523780823 0.5951027870178223
0.459694504737854 0.5266568064689636
0.51063472032547 0.632709264755249
0.568479597568512 0.5967634916305542
0.4074830412864685 0.5865545868873596
0.5063191056251526 0.6121326684951782
0.44179072976112366 0.5835034251213074
0.5277738571166992 0.5507330298423767
0.4752766191959381 0.6013035774230957
0.4745926558971405 0.5203264355659485
0.4676654636859894 0.5554507374763489
0.4523889124393463 0.5264502763748169
0.4724900722503662 0.6625783443450928
0.5026705861091614 0.6526269912719727
0.5224002003669739 0.6291934251785278
0.5289195775985718 0.6243759989738464
0.5505683422088623 0.5565249919891357
0.5088680982589722 0.5292994379997253
0.509270966053009 0.534983217716217
0.5169318318367004 0.5362002849578857
0.5079410076141357 0.5970712304115295
0.52382892370224 0.6425870060920715
0.545574426651001 0.5791096091270447
0.518255352973938 0.5351558923721313
0.4547838568687439 0.5109726190567017
0.49537375569343567 0.6002506017684937
0.5383560061454773 0.6465031504631042
0.42008253931999207 0.5677064657211304
0.4091552793979645 0.5877679586410522
0.5189301371574402 0.5621230602264404
0.43970787525177 0.641996443271637
0.4086894392967224 0.6083086729049683
0.5217737555503845 0.5264143943786621
0.547067403793335 0.6323267817497253
0.57103031873703 0.5879819393157959
0.4442639648914337 0.5427327752113342
0.4518584609031677 0.5131881833076477
0.4007031321525574 0.5676531195640564
0.5258653163909912 0.5655096769332886
0.4265420734882355 0.643277108669281
0.5694260597229004 0.6002296209335327
0.505390465259552 0.6223387718200684
0.47330930829048157 0.6381110548973083
0.43805307149887085 0.637749433517456
0.557401716709137 0.5984316468238831
0.5193633437156677 0.5862011909484863
0.41032105684280396 0.6299811601638794
0.47772493958473206 0.6276779174804688
0.43379226326942444 0.5767340660095215
0.4039091169834137 0.5860401391983032
0.45659855008125305 0.6520802974700928
0.549397349357605 0.5639751553535461
0.5266175866127014 0.5641863346099854
0.4075762629508972 0.6181861758232117
0.5179836750030518 0.5409740209579468
0.5620864033699036 0.5618495941162109
0.5032771825790405 0.5978090167045593
0.39772018790245056 0.5879568457603455
0.43110913038253784 0.5874269604682922
0.530123233795166 0.5472902655601501
0.4825218617916107 0.608002245426178
0.41802823543548584 0.5356518626213074
0.4030210077762604 0.565898060798645
0.5296432971954346 0.5765383243560791
0.49530863761901855 0.6660926342010498
0.417458713054657 0.6052315831184387
0.564311146736145 0.5984520316123962
0.5350087881088257 0.595221757888794
0.44933879375457764 0.5223571062088013
0.4468364417552948 0.6385756731033325
0.41841214895248413 0.6210000514984131
0.4775344431400299 0.6638280153274536
0.4305747151374817 0.5545901656150818
0.5202060341835022 0.5839231014251709
0.47036388516426086 0.6349858641624451
0.5092464685440063 0.6044663786888123
0.5295032858848572 0.5405636429786682
0.42599165439605713 0.5858469605445862
0.4622775614261627 0.5256980657577515
0.5256828665733337 0.5971640348434448
0.40256819128990173 0.6086543202400208
0.4887946844100952 0.5576102137565613
0.5731852650642395 0.5907495617866516
0.5256491899490356 0.6308956742286682
0.41254472732543945 0.5631567239761353
0.4528101682662964 0.647341251373291
0.5322543978691101 0.6199594140052795
0.5050683617591858 0.6224938631057739
0.5393028259277344 0.5843154788017273
0.4268876612186432 0.5701572895050049
0.46904274821281433 0.6462451219558716
0.45147863030433655 0.5490416884422302
0.4684908986091614 0.6283674240112305
0.503700852394104 0.6639387607574463
0.5401474237442017 0.5235071778297424
0.5203794240951538 0.6263914704322815
0.4377706050872803 0.5403317809104919
0.52027827501297 0.5751934051513672
0.5231765508651733 0.6261004209518433
0.5330573916435242 0.5290545225143433
0.5395742654800415 0.6497102379798889
0.5034788846969604 0.5783014297485352
0.5012115836143494 0.5928628444671631
0.5400019884109497 0.6480638980865479
0.5683292150497437 0.588988721370697
0.41571882367134094 0.5958695411682129
0.4274693727493286 0.6374279856681824
0.487383633852005 0.5910534262657166
0.4277319014072418 0.6411499381065369
0.5402506589889526 0.6174919605255127
0.5579430460929871 0.6004745960235596
0.4829237163066864 0.5851751565933228
0.4727597236633301 0.5993778705596924
0.41540390253067017 0.5732815861701965
0.529923141002655 0.6034437417984009
0.5592659711837769 0.5643523335456848
0.49495232105255127 0.6008907556533813
0.47431331872940063 0.5245932340621948
0.418099582195282 0.6382320523262024
0.5432646870613098 0.6202725768089294
0.515812873840332 0.6127901077270508
0.5684235692024231 0.5719115138053894
0.4630816578865051 0.6333167552947998
0.4011404514312744 0.5693766474723816
0.45679712295532227 0.5391741991043091
0.4049449861049652 0.5618654489517212
0.4497593641281128 0.5826641321182251
0.5717870593070984 0.5926991105079651
0.5569835901260376 0.5589228868484497
0.5682167410850525 0.603671133518219
0.5310526490211487 0.5581116080284119
0.45375046133995056 0.5129855871200562
0.5352186560630798 0.5392413139343262
0.430808961391449 0.5627650022506714
0.5350490808486938 0.5970651507377625
0.4535076916217804 0.5543261766433716
0.4441637694835663 0.6259167194366455
0.4051063060760498 0.5812622904777527
0.5277811884880066 0.6572214365005493
0.5588139891624451 0.5827651023864746
0.45376458764076233 0.6316065788269043
0.4782855808734894 0.635920524597168
0.5048965215682983 0.5167118310928345
0.5597631335258484 0.5851800441741943
0.5616089701652527 0.5573021769523621
0.4293114244937897 0.6277492642402649
0.5249636769294739 0.5955562591552734
0.5193436741828918 0.657263994216919
0.5542153120040894 0.5520274639129639
0.4506251811981201 0.5217816233634949
0.3998408615589142 0.5690266489982605
0.563727080821991 0.5928843021392822
0.4529757499694824 0.6035481691360474
0.5620753765106201 0.6186160445213318
0.5709415078163147 0.5878947377204895
0.5170586109161377 0.652908205986023
0.5016995668411255 0.65195232629776
0.4891059398651123 0.5245445966720581
0.5314090251922607 0.5851272940635681
0.5038366317749023 0.5995408892631531
0.4908444583415985 0.5434072017669678
0.5008160471916199 0.5426831841468811
0.551896870136261 0.6161167621612549
0.4806182384490967 0.5630040168762207
0.45698463916778564 0.5796960592269897
0.4553094506263733 0.6500083804130554
0.563506007194519 0.6033126711845398
0.4522034227848053 0.642339825630188
0.564850926399231 0.5911052227020264
0.5090013146400452 0.6417364478111267
0.40300872921943665 0.5651488900184631
0.4569022059440613 0.628428041934967
0.5639479160308838 0.5607243180274963
0.4308915436267853 0.539771318435669
0.4618302881717682 0.5248002409934998
0.5709292888641357 0.5690006613731384
0.48595792055130005 0.5554792881011963
0.5187866687774658 0.5347636938095093
0.49874383211135864 0.5347797870635986
0.522171676158905 0.6444312930107117
0.4873521625995636 0.6221991181373596
0.47711652517318726 0.6155269742012024
0.42311784625053406 0.6069862842559814
0.4539438486099243 0.5990461707115173
0.5355682969093323 0.6403371691703796
0.556984007358551 0.6238150596618652
0.5046979784965515 0.5774437189102173
0.5727658271789551 0.5736921429634094
0.5511640310287476 0.6021424531936646
0.5261691808700562 0.5875586271286011
0.43280747532844543 0.5893768668174744
0.4364737868309021 0.6051722764968872
0.5176938772201538 0.5560910105705261
0.5362191200256348 0.6491674184799194
0.4287537932395935 0.578965961933136
0.47195836901664734 0.5170384645462036
0.540611207485199 0.6100274324417114
0.5402693152427673 0.5704972743988037
0.5228314399719238 0.5928447246551514
0.48211976885795593 0.5110312104225159
0.41895437240600586 0.5862274169921875
0.5352154970169067 0.5595191717147827
0.46245908737182617 0.6056477427482605
0.47736161947250366 0.6063284277915955
0.5714307427406311 0.5720230340957642
0.4998040497303009 0.628889262676239
0.46231430768966675 0.5364233255386353
0.41537225246429443 0.5662616491317749
0.5740895867347717 0.5801264643669128
0.44661781191825867 0.5158224105834961
0.526886522769928 0.5224194526672363
0.4481578767299652 0.6367480158805847
0.563143789768219 0.6027083992958069
0.5539355874061584 0.61070317029953
0.4724021852016449 0.5473493933677673
0.510061502456665 0.65022212266922
0.4508417248725891 0.6507987380027771
0.4123855531215668 0.5579900741577148
0.43964165449142456 0.5153653621673584
0.44821566343307495 0.6490150690078735
0.5194990038871765 0.6064134240150452
0.4746299982070923 0.5110078454017639
0.5010496377944946 0.5499876141548157
0.44069334864616394 0.5988085865974426
0.5206473469734192 0.545167088508606
0.5632023215293884 0.5866871476173401
0.40248903632164 0.6056022047996521
0.5023341178894043 0.5045263171195984
0.5434247851371765 0.6247550845146179
0.549003541469574 0.6339763402938843
0.4458571970462799 0.6502688527107239
0.5361277461051941 0.646146297454834
0.5122690796852112 0.6415005922317505
0.403176873922348 0.5996434688568115
0.4440544545650482 0.630068302154541
0.5691044330596924 0.5732812881469727
0.44524121284484863 0.6441279053688049
0.45977744460105896 0.6248939037322998
0.5057308077812195 0.5399540066719055
0.5155708193778992 0.5928031206130981
0.471648246049881 0.5104087591171265
0.45124727487564087 0.5808743834495544
0.440207839012146 0.5645514130592346
0.47226566076278687 0.5173964500427246
0.47123968601226807 0.5111641883850098
0.5229860544204712 0.5621532797813416
0.48312270641326904 0.6083906292915344
0.40556761622428894 0.5752677917480469
0.44253554940223694 0.5226144790649414
0.44989508390426636 0.553098738193512
0.39995354413986206 0.5753663778305054
0.4933370053768158 0.5539985299110413
0.5248587727546692 0.5401003360748291
0.43779870867729187 0.5240229368209839
0.4101434648036957 0.5750675797462463
0.4172195792198181 0.5988692045211792
0.4836861193180084 0.6633739471435547
0.4962446391582489 0.6655250787734985
0.41198059916496277 0.6223478317260742
0.40591883659362793 0.557036817073822
0.45119768381118774 0.5594432950019836
0.5704638957977295 0.5686864256858826
0.49997031688690186 0.6545429229736328
0.4714471101760864 0.539391815662384
0.4644816219806671 0.515539824962616
0.5440371036529541 0.5926038026809692
0.5293557643890381 0.5190973877906799
0.5642094612121582 0.5757047533988953
0.4683052897453308 0.5227599740028381
0.44326967000961304 0.614718496799469
0.5491790771484375 0.6036738157272339
0.5615531802177429 0.6116417050361633
0.4876808524131775 0.6248223781585693
0.45859086513519287 0.6575472950935364
0.5286203622817993 0.6002582907676697
0.4465605318546295 0.5205516219139099
0.4236502945423126 0.6149265170097351
0.5077048540115356 0.5725279450416565
0.43896859884262085 0.618594765663147
0.5198097825050354 0.5831896662712097
0.5341811180114746 0.6509109735488892
0.5199796557426453 0.528203547000885
0.49381178617477417 0.5903908610343933
0.5379836559295654 0.6202142834663391
0.4991917908191681 0.5824746489524841
0.5502030849456787 0.5614973902702332
0.5260630249977112 0.5913529396057129
0.5519933700561523 0.6197494268417358
0.47019052505493164 0.6463804841041565
0.4485277533531189 0.5555261373519897
0.4709703028202057 0.634182333946228
0.48953405022621155 0.5210110545158386
0.4371516704559326 0.530033528804779
0.5065429210662842 0.5160507559776306
0.40119603276252747 0.5991416573524475
0.5618476867675781 0.5631181001663208
0.5651066303253174 0.5833939909934998
0.4469277560710907 0.5374958515167236
0.46750912070274353 0.6379915475845337
0.5686712861061096 0.5524378418922424
0.45375439524650574 0.5224403142929077
0.4625226855278015 0.6063819527626038
0.4108303189277649 0.5733672976493835
0.45452240109443665 0.6071946024894714
0.45361021161079407 0.5939887166023254
0.49839138984680176 0.644928514957428
0.4125024974346161 0.5909655094146729
0.42439913749694824 0.5971319675445557
0.5656967163085938 0.5516046285629272
0.42788031697273254 0.5939207077026367
0.41034331917762756 0.5700981616973877
0.5142519474029541 0.6085525751113892
0.5546043515205383 0.5617052912712097
0.40741899609565735 0.6022923588752747
0.49645495414733887 0.6514812707901001
0.4953760802745819 0.5831551551818848
0.5105305314064026 0.5650312900543213
0.5318683385848999 0.6441771388053894
0.40635621547698975 0.6041760444641113
0.560143232345581 0.6221505999565125
0.5102241039276123 0.6329028606414795
0.5433439016342163 0.5693567395210266
0.5487592220306396 0.6200794577598572
0.4755057692527771 0.5304615497589111
0.523266613483429 0.5720826983451843
0.45070770382881165 0.6164739727973938
0.4319816529750824 0.6072821021080017
0.4039515554904938 0.5603863596916199
0.4116387963294983 0.5790467262268066
0.5215376615524292 0.5357220768928528
0.4181315004825592 0.5794810652732849
0.5163222551345825 0.6109684705734253
0.4559219181537628 0.6615586280822754
0.5147116184234619 0.6227958798408508
0.5282915234565735 0.6109713912010193
0.4394059479236603 0.5662150979042053
0.4304687976837158 0.6022234559059143
0.4423947334289551 0.5182115435600281
0.45631250739097595 0.621472954750061
0.5248082280158997 0.5869305729866028
0.4577869176864624 0.6258008480072021
0.4616015553474426 0.5679318308830261
0.45251503586769104 0.5359101295471191
0.43738895654678345 0.590882420539856
0.4038996994495392 0.5932916402816772
0.5303370952606201 0.5962724089622498
0.472276508808136 0.5951717495918274
0.5143141746520996 0.5424898862838745
0.47419309616088867 0.5070470571517944
0.4495203495025635 0.5731030106544495
0.5490700602531433 0.5542998909950256
0.4057585299015045 0.5879049897193909
0.5482608675956726 0.5839883685112
0.4398498833179474 0.6280495524406433
0.5557714104652405 0.6126707792282104
0.40450161695480347 0.6147818565368652
0.4274504780769348 0.5435461401939392
0.5476890206336975 0.5360143780708313
0.5340703725814819 0.5900489687919617
0.5743857622146606 0.5838704109191895
0.4308468699455261 0.6013545989990234
0.5366631746292114 0.6305680274963379
0.44236478209495544 0.5330202579498291
0.5300149321556091 0.5921397805213928
0.4386970102787018 0.5427084565162659
0.4599897563457489 0.5146129727363586
0.44599223136901855 0.6105934977531433
0.40845629572868347 0.5911210179328918
0.4939110577106476 0.5171343684196472
0.48002925515174866 0.6153914928436279
0.46500611305236816 0.5474444031715393
0.5004549026489258 0.5289301872253418
0.554429292678833 0.5831329822540283
0.4915143549442291 0.6324939727783203
0.5432137250900269 0.5831570029258728
0.47696980834007263 0.6233268976211548
0.4574280381202698 0.6449349522590637
0.4990876615047455 0.615003764629364
0.4321397542953491 0.6300454139709473
0.41380172967910767 0.5433902144432068
0.4295842945575714 0.5751543045043945
0.4466674327850342 0.6279619336128235
0.5545395016670227 0.6133551597595215
0.5108768343925476 0.5196795463562012
0.5047957301139832 0.6110824942588806
0.4513736963272095 0.585699737071991
0.45440414547920227 0.5795915722846985
0.5659892559051514 0.60212641954422
0.5729193687438965 0.5838661193847656
0.4496723413467407 0.6323190331459045
0.5530588626861572 0.5376849174499512
0.39938777685165405 0.5887196063995361
0.4605497121810913 0.5317891836166382
0.5725424289703369 0.5801143050193787
0.4087364971637726 0.6026008129119873
0.5209949612617493 0.6230815649032593
0.4840765595436096 0.5720773935317993
0.4908735156059265 0.6407580971717834
0.45702219009399414 0.528269350528717
0.44803476333618164 0.5511584281921387
0.5167955756187439 0.5375035405158997
0.4751719832420349 0.562508761882782
0.5322803854942322 0.6505337357521057
0.4490478038787842 0.6318982839584351
0.5341350436210632 0.5587269067764282
0.4205154478549957 0.5357654094696045
0.5571017265319824 0.5733681917190552
0.5396126508712769 0.6319753527641296
0.41977792978286743 0.5679444670677185
0.4653284251689911 0.6135783195495605
0.5417110323905945 0.526977002620697
0.5326796770095825 0.6272354125976562
0.48284557461738586 0.6503633260726929
0.4426422715187073 0.6401227712631226
0.44107934832572937 0.5374751687049866
0.543869137763977 0.5606696605682373
0.4855153560638428 0.5630123019218445
0.49747174978256226 0.6278246641159058
0.46101629734039307 0.61491858959198
0.39876484870910645 0.5819693803787231
0.5268464684486389 0.6280143857002258
0.5289245247840881 0.6236104369163513
0.4966828525066376 0.5428983569145203
0.5649252533912659 0.5514230132102966
0.4271548390388489 0.5983152389526367
0.39976945519447327 0.5894918441772461
0.40243929624557495 0.5606255531311035
0.5000530481338501 0.5676345229148865
0.4273717701435089 0.5868196487426758
0.4873602092266083 0.5525660514831543
0.4302089214324951 0.5500347018241882
0.5616442561149597 0.5854660272598267
0.5346410870552063 0.5784460306167603
0.4787382483482361 0.6125597953796387
0.48595574498176575 0.5848871469497681
0.45733755826950073 0.5731223225593567
0.5126330256462097 0.5467430353164673
0.4232049584388733 0.5823022723197937
0.47975021600723267 0.5565317869186401
0.5268877148628235 0.6599663496017456
0.5094477534294128 0.6273491978645325
0.4070644974708557 0.5843298435211182
0.43435320258140564 0.5741272568702698
0.45405590534210205 0.5277262330055237
0.43106696009635925 0.5209121108055115
0.530990719795227 0.6400847434997559
0.5116609930992126 0.5407720804214478
0.52287358045578 0.5730154514312744
0.5422654151916504 0.5677827596664429
0.5045636892318726 0.5435611605644226
0.4400486648082733 0.5880857110023499
0.4559701979160309 0.5644795298576355
0.518285870552063 0.53386390209198
0.4198954105377197 0.540490984916687
0.5552361607551575 0.5595293641090393
0.46146470308303833 0.5675979852676392
0.5421497821807861 0.5440225601196289
0.4321640729904175 0.5217459797859192
0.5091108083724976 0.5353522300720215
0.47765040397644043 0.6137734651565552
0.45950329303741455 0.5139514207839966
0.5181640982627869 0.604076087474823
0.5552939772605896 0.5467278957366943
0.4322061836719513 0.6336175799369812
0.5297107696533203 0.6090762615203857
0.43336790800094604 0.5202651023864746
0.42172685265541077 0.5790536403656006
0.48863136768341064 0.525702953338623
0.5236810445785522 0.5889529585838318
0.4472232460975647 0.6344102025032043
0.5554031729698181 0.6294783353805542
0.5049493312835693 0.5393036007881165
0.42829182744026184 0.6344823837280273
0.5630738139152527 0.601356029510498
0.5112429261207581 0.5800906419754028
0.41556480526924133 0.5604276657104492
0.4281478226184845 0.5461534261703491
0.45399218797683716 0.566125750541687
0.44817841053009033 0.643159031867981
0.563875138759613 0.5725384950637817
0.42169880867004395 0.558156430721283
0.5314689874649048 0.6251934170722961
0.5616811513900757 0.6074413061141968
0.4068714678287506 0.5641947984695435
0.5131406188011169 0.513678789138794
0.48103031516075134 0.6411152482032776
0.4646998941898346 0.6497006416320801
0.47330427169799805 0.5300941467285156
0.47880080342292786 0.5487525463104248
0.545602023601532 0.6398581862449646
0.39977091550827026 0.5888720750808716
0.44175973534584045 0.6339577436447144
0.3977474570274353 0.5944792032241821
0.5370115041732788 0.6308175325393677
0.42892271280288696 0.5324040055274963
0.46653473377227783 0.5286272764205933
0.4075275659561157 0.6023610830307007
0.4962020814418793 0.6576433181762695
0.5420415997505188 0.5659257769584656
0.4932590126991272 0.5760278701782227
0.5404407978057861 0.5425956845283508
0.4746941030025482 0.5791451334953308
0.5214300155639648 0.6391974687576294
0.5647255182266235 0.5701595544815063
0.4310210347175598 0.519595742225647
0.41851451992988586 0.5833600163459778
0.4724906086921692 0.6479858756065369
0.4216988980770111 0.5450439453125
0.5407711863517761 0.5605150461196899
0.40585100650787354 0.5762152075767517
0.45517924427986145 0.5793245434761047
0.48342910408973694 0.5286850929260254
0.4505757689476013 0.656720757484436
0.5582321882247925 0.5974560379981995
0.4779399335384369 0.564744770526886
0.4469399154186249 0.6424280405044556
0.3999403715133667 0.5902746319770813
0.5207510590553284 0.5118390917778015
0.4377703368663788 0.613451361656189
0.5548343658447266 0.5760014653205872
0.5275606513023376 0.5400295257568359
0.44596755504608154 0.6112507581710815
0.4983431398868561 0.5655058026313782
0.42963165044784546 0.5848979949951172
0.39844992756843567 0.597027063369751
0.5652535557746887 0.5892165899276733
0.47376033663749695 0.6440688371658325
0.46057620644569397 0.5788034796714783
0.48322975635528564 0.6565805077552795
0.5030439496040344 0.5894243121147156
0.570959746837616 0.5812320113182068
0.539668619632721 0.6339281797409058
0.49429821968078613 0.5109236240386963
0.567833423614502 0.589443027973175
0.4411005973815918 0.6507857441902161
0.4736456871032715 0.5923981666564941
0.4297446012496948 0.5861945152282715
0.41534069180488586 0.5899391770362854
0.5205396413803101 0.5190380811691284
0.41766995191574097 0.5703887939453125
0.4743858873844147 0.6545633673667908
0.4014821946620941 0.6015719175338745
0.5420369505882263 0.6434353590011597
0.5129570960998535 0.5991846919059753
0.4568479359149933 0.5745629668235779
0.5294054746627808 0.5807788968086243
0.43256449699401855 0.6462263464927673
0.5572895407676697 0.6190788745880127
0.5678199529647827 0.568238377571106
0.3982817828655243 0.5873575210571289
0.47634631395339966 0.6485413312911987
0.5232329368591309 0.640598714351654
0.4272167980670929 0.5428489446640015
0.4370173513889313 0.6135169267654419
0.45429232716560364 0.6575986742973328
0.4644017517566681 0.6594275832176208
0.4581409990787506 0.5565618276596069
0.5521228313446045 0.6105016469955444
0.5180690288543701 0.5663948655128479
0.4465772211551666 0.6052277088165283
0.5195324420928955 0.5111253261566162
0.4340151250362396 0.5988426804542542
0.46839639544487 0.5288253426551819
0.5648771524429321 0.5807337760925293
0.44893017411231995 0.624933660030365
0.5329615473747253 0.6537309885025024
0.5522425770759583 0.5742098093032837
0.5745481252670288 0.5837886929512024
0.40621933341026306 0.5672495365142822
0.46957454085350037 0.6553328633308411
0.44274500012397766 0.651674211025238
0.539804220199585 0.6245412230491638
0.4010127782821655 0.5940517783164978
0.43878528475761414 0.6021534204483032
0.4592233896255493 0.6194641590118408
0.4640084505081177 0.5381971001625061
0.5559275150299072 0.6195740699768066
0.5715369582176208 0.5936577320098877
0.46023887395858765 0.5899087190628052
0.49881479144096375 0.5782054662704468
0.4628865122795105 0.6636295914649963
0.4591200649738312 0.6226658821105957
0.505702793598175 0.5799490809440613
0.4883253872394562 0.5801193118095398
0.5638136267662048 0.56406170129776
0.4933289587497711 0.5853192806243896
0.4009358286857605 0.5668787956237793
0.4459843635559082 0.5996217131614685
0.4610912799835205 0.5264440178871155
0.5560317039489746 0.5852112770080566
0.4325771927833557 0.631513237953186
0.4558510482311249 0.6375638246536255
0.5105937123298645 0.6511115431785583
0.45888054370880127 0.5829126238822937
0.4362404942512512 0.5532575845718384
0.5146488547325134 0.6235418915748596
0.4277088940143585 0.5623375773429871
0.44079023599624634 0.6512209177017212
0.4610666036605835 0.5640383362770081
0.48524028062820435 0.6273078322410583
0.4581782817840576 0.5981360077857971
0.5541586875915527 0.5530111193656921
0.5137227177619934 0.5549549460411072
0.43368691205978394 0.5779882073402405
0.430998831987381 0.5721685886383057
0.5605382323265076 0.6133869886398315
0.5417386293411255 0.586439847946167
0.4195552468299866 0.6081792712211609
0.5445319414138794 0.6430181264877319
0.4773799479007721 0.5318736433982849
0.48171597719192505 0.6485248804092407
0.4455070197582245 0.5666856169700623
0.5479787588119507 0.5372953414916992
0.505161702632904 0.6343914270401001
0.505106508731842 0.6516155004501343
0.5011948347091675 0.6420604586601257
0.4355924129486084 0.5191411375999451
0.43142831325531006 0.5871016979217529
0.47095727920532227 0.6274591088294983
0.5619916915893555 0.5588359236717224
0.4876039922237396 0.6546080708503723
0.4979487359523773 0.6488614678382874
0.4896549582481384 0.5932118892669678
0.417012095451355 0.5607700943946838
0.465765118598938 0.5291933417320251
0.5515103936195374 0.5761204957962036
0.5191403031349182 0.6521817445755005
0.5096444487571716 0.5688208937644958
0.41933688521385193 0.5372471809387207
0.5293001532554626 0.6148248910903931
0.5052608847618103 0.5268054008483887
0.41223955154418945 0.5678215622901917
0.4266245663166046 0.6387134790420532
0.5453184247016907 0.5986453890800476
0.44389116764068604 0.5120501518249512
0.4728132486343384 0.5213505029678345
0.4715442657470703 0.6058064699172974
0.4256485402584076 0.5841363668441772
0.522055447101593 0.6359235048294067
0.47911953926086426 0.6431605219841003
0.5643142461776733 0.598040759563446
0.4226882755756378 0.5682829022407532
0.4430031478404999 0.6080994606018066
0.41348743438720703 0.5565028786659241
0.41612377762794495 0.6252542734146118
0.4699641764163971 0.5892878174781799
0.5601690411567688 0.5571759939193726
0.5395703911781311 0.6435112357139587
0.4132598340511322 0.5835872888565063
0.5322346687316895 0.6137046217918396
0.43823057413101196 0.5955543518066406
0.5460956692695618 0.6149702072143555
0.4621451497077942 0.5710180401802063
0.45057588815689087 0.5853153467178345
0.5466763377189636 0.5566503405570984
0.55610191822052 0.5747697949409485
0.43405288457870483 0.5468602776527405
0.3999128043651581 0.57930588722229
0.5298780798912048 0.6159358024597168
0.4519556760787964 0.5847412347793579
0.4321272671222687 0.5495057106018066
0.5379453301429749 0.5741108655929565
0.5060216784477234 0.5872777700424194
0.5094921588897705 0.6331668496131897
0.4495820105075836 0.5990028381347656
0.537178635597229 0.5879700183868408
0.5421315431594849 0.532611608505249
0.4414170980453491 0.5405672788619995
0.5042432546615601 0.5660520792007446
0.5276515483856201 0.6070569753646851
0.41752803325653076 0.5915727615356445
0.545508086681366 0.5789265036582947
0.4803963005542755 0.5131251811981201
0.506696879863739 0.52921062707901
0.5272411108016968 0.5856887102127075
0.5572143793106079 0.629611611366272
0.4852580726146698 0.5075099468231201
0.5126600861549377 0.5140881538391113
0.4276983439922333 0.5885719060897827
0.5571669340133667 0.6085965037345886
0.44322332739830017 0.5303124785423279
0.41776952147483826 0.5976669192314148
0.5138608813285828 0.5678867697715759
0.4058654010295868 0.5786939263343811
0.5296286940574646 0.5186869502067566
0.4533003568649292 0.5978407859802246
0.45365819334983826 0.6360784769058228
0.4858069121837616 0.5367567539215088
0.4723089933395386 0.5754317045211792
0.5664911270141602 0.5947035551071167
0.5675069689750671 0.6031660437583923
0.49698665738105774 0.633633553981781
0.43715527653694153 0.5898886919021606
0.5295016169548035 0.6116981506347656
0.5126559138298035 0.5645214915275574
0.3995177149772644 0.6043620705604553
0.45125940442085266 0.5932654738426208
0.534519612789154 0.5595491528511047
0.5192893147468567 0.5430445671081543
0.4059688448905945 0.5676113963127136
0.4388202428817749 0.5961812734603882
0.562904953956604 0.5470898151397705
0.46611636877059937 0.5738464593887329
0.4426014721393585 0.6477277874946594
0.4731621742248535 0.6313925385475159
0.4281757175922394 0.6405085325241089
0.43533390760421753 0.6223641633987427
0.4616783857345581 0.5470563173294067
0.4496328830718994 0.614799439907074
0.4241716265678406 0.5606526732444763
0.5563963055610657 0.6240118145942688
0.5613232254981995 0.5997105240821838
0.5368508100509644 0.6537168025970459
0.4623674154281616 0.5858684182167053
0.46062394976615906 0.5979740619659424
0.5196783542633057 0.5410326719284058
0.5514156222343445 0.6334514617919922
0.5117203593254089 0.6177964806556702
0.5469893217086792 0.532758355140686
0.49179619550704956 0.6545143127441406
0.3989706039428711 0.5864720344543457
0.5158494710922241 0.6048141121864319
0.3988151252269745 0.5879220962524414
0.45277324318885803 0.5458061099052429
0.41280949115753174 0.5562366843223572
0.4551595449447632 0.5773857831954956
0.47086766362190247 0.6621354818344116
0.4194124639034271 0.6101349592208862
0.4316827058792114 0.6285433173179626
0.41658100485801697 0.5603876113891602
0.5069382190704346 0.6098240613937378
0.4807112216949463 0.6350164413452148
0.410138338804245 0.6237292289733887
0.5543087720870972 0.6007561087608337
0.5593053102493286 0.6198020577430725
0.46733659505844116 0.5079755783081055
0.4539271295070648 0.6221601366996765
0.4640410542488098 0.5411310195922852
0.5022550821304321 0.5789017677307129
0.5218992829322815 0.5656806230545044
0.5642881393432617 0.5639262199401855
0.5407457947731018 0.6215304136276245
0.5375658869743347 0.5437906384468079
0.4369482696056366 0.5183680653572083
0.44791409373283386 0.5968816876411438
0.5440366268157959 0.5979306101799011
0.5183548331260681 0.5301929712295532
0.4152425527572632 0.6268373131752014
0.5214481949806213 0.5854593515396118
0.5233564972877502 0.6332149505615234
0.4260716736316681 0.5820485949516296
0.44237828254699707 0.5179407596588135
0.5455579161643982 0.5446467995643616
0.42798689007759094 0.5751848220825195
0.49662166833877563 0.6627114415168762
0.43485361337661743 0.5744413733482361
0.501011848449707 0.6434476375579834
0.5230391025543213 0.5462583899497986
0.47969701886177063 0.6526906490325928
0.4627058207988739 0.5122124552726746
0.46304652094841003 0.6106305122375488
0.4902191758155823 0.5471544861793518
0.40465208888053894 0.5991783738136292
0.44646066427230835 0.6114614009857178
0.4563235938549042 0.5955213904380798
0.5671867728233337 0.5565090775489807
0.4809998571872711 0.5625874996185303
0.4259984791278839 0.6397371292114258
0.5023579597473145 0.5482664704322815
0.40191856026649475 0.600847065448761
0.5289235711097717 0.6489272117614746
0.5394687652587891 0.6169389486312866
0.5502792000770569 0.6356141567230225
0.42028236389160156 0.5806790590286255
0.49125298857688904 0.5069479942321777
0.47885066270828247 0.6462028622627258
0.4688725471496582 0.5563731789588928
0.4468083679676056 0.5672023892402649
0.5721186399459839 0.5734215378761292
0.4125913083553314 0.6187262535095215
0.5260255932807922 0.6344224214553833
0.5172461271286011 0.6042942404747009
0.5336660146713257 0.5213569402694702
0.5406204462051392 0.5705769658088684
0.4696291983127594 0.6149296164512634
0.5191177129745483 0.6035343408584595
0.46004432439804077 0.5136513113975525
0.4042479991912842 0.6157715320587158
0.5527363419532776 0.6343974471092224
0.5593915581703186 0.6231318712234497
0.532901406288147 0.6338765621185303
0.4319442808628082 0.628923237323761
0.45516321063041687 0.5414626002311707
0.562846302986145 0.5672325491905212
0.4258541464805603 0.623658299446106
0.45717960596084595 0.5341401696205139
0.4568089246749878 0.5640478134155273
0.42586028575897217 0.5273891091346741
0.46849656105041504 0.6474884152412415
0.43444588780403137 0.5271034836769104
0.4113996922969818 0.598458468914032
0.5485103726387024 0.5822736024856567
0.4954094886779785 0.5945789217948914
0.424719899892807 0.5860459804534912
0.48696422576904297 0.6670008897781372
0.5249974131584167 0.6080285906791687
0.529831051826477 0.6363909244537354
0.5640581846237183 0.5709573030471802
0.399848997592926 0.5731390714645386
0.5355968475341797 0.5323889255523682
0.42649319767951965 0.5839697122573853
0.4823409616947174 0.6257922053337097
0.4744017720222473 0.6439527273178101
0.4980331063270569 0.6524521112442017
0.506483793258667 0.6303816437721252
0.3983827531337738 0.6019790172576904
0.5300461649894714 0.6241068840026855
0.47083818912506104 0.5487920641899109
0.43303531408309937 0.5538433790206909
0.5629258155822754 0.6085258722305298
0.5592176914215088 0.5943727493286133
0.4911004900932312 0.6214284300804138
0.5037602186203003 0.5077439546585083
0.5169007182121277 0.6319509744644165
0.5560412406921387 0.5939012765884399
0.5459357500076294 0.6332043409347534
0.45906123518943787 0.6185291409492493
0.42735281586647034 0.6181877255439758
0.43192151188850403 0.6236671805381775
0.5390014052391052 0.6197729706764221
0.519296407699585 0.6277387738227844
0.5166382789611816 0.5195265412330627
0.5230236053466797 0.5706426501274109
0.47815561294555664 0.5887023210525513
0.4924663305282593 0.5059348344802856
0.5124831795692444 0.6146403551101685
0.48677539825439453 0.5858182907104492
0.4615986943244934 0.6112411022186279
0.4209385812282562 0.573252260684967
0.535839319229126 0.5520741939544678
0.4546467363834381 0.6530658602714539
0.5165436863899231 0.6257133483886719
0.5741098523139954 0.5858097076416016
0.4642462432384491 0.6318225860595703
0.5671820044517517 0.5853272080421448
0.4443415403366089 0.5561741590499878
0.405042827129364 0.5749490857124329
0.5440422892570496 0.5602719783782959
0.4193647801876068 0.6385288238525391
0.4008963406085968 0.6109670996665955
0.494308739900589 0.5157341361045837
0.5254141092300415 0.6005127429962158
0.4677588641643524 0.623622715473175
0.5089507102966309 0.6286785006523132
0.41180506348609924 0.5434636473655701
0.5317912697792053 0.5531920194625854
0.42780622839927673 0.6173359751701355
0.5587302446365356 0.5988821983337402
0.4298948049545288 0.6184931397438049
0.5455342531204224 0.6017740964889526
0.4888187348842621 0.5860951542854309
0.5434437394142151 0.6109610199928284
0.4943101406097412 0.6578245759010315
0.42979300022125244 0.5985453128814697
0.4854954779148102 0.5047562122344971
0.5591975450515747 0.601601779460907
0.44799891114234924 0.5939791798591614
0.5308126211166382 0.6153254508972168
0.4142390191555023 0.5891050696372986
0.5127632021903992 0.5405541062355042
0.5494394302368164 0.6200829148292542
0.46976280212402344 0.5786529779434204
0.49995675683021545 0.5644912123680115
0.5307331085205078 0.6007568836212158
0.5182980298995972 0.5302852392196655
0.4437006115913391 0.6317442059516907
0.5446503758430481 0.5776253938674927
0.514011800289154 0.5319584608078003
0.5257577896118164 0.5863024592399597
0.4211323857307434 0.5562686920166016
0.4683937430381775 0.6493965983390808
0.49547767639160156 0.6458669900894165
0.49872714281082153 0.5765753388404846
0.5328918695449829 0.5695960521697998
0.49600693583488464 0.6648657917976379
0.5613940954208374 0.5944862961769104
0.5226989388465881 0.6103641390800476
0.4044838845729828 0.5587617754936218
0.4908805191516876 0.6084455847740173
0.48548099398612976 0.5526615381240845
0.5497088432312012 0.6230758428573608
0.46819791197776794 0.6006249189376831
0.4600345492362976 0.5796074867248535
0.4302785396575928 0.6242083311080933
0.540667712688446 0.6297365427017212
0.48187559843063354 0.5933810472488403
0.5277132391929626 0.5637176036834717
0.4850979745388031 0.5277873873710632
0.4331515431404114 0.5817201137542725
0.5164762735366821 0.5140411853790283
0.4690455496311188 0.6157994270324707
0.5422855615615845 0.6016992926597595
0.4178767204284668 0.5985988974571228
0.48894003033638 0.5947003960609436
0.4044468402862549 0.6010260581970215
0.49052363634109497 0.63865727186203
0.5119057297706604 0.515857458114624
0.524567186832428 0.5339307188987732
0.5423547625541687 0.5833138227462769
0.3986496925354004 0.5976688861846924
0.4182336628437042 0.6228165030479431
0.41864392161369324 0.5942010879516602
0.5723176598548889 0.5747219920158386
0.5265368223190308 0.5560283064842224
0.4015601873397827 0.5991237163543701
0.43803176283836365 0.6245980858802795
0.48520952463150024 0.6245526075363159
0.4254991412162781 0.5535759925842285
0.4866655468940735 0.6454623937606812
0.5404325723648071 0.5947920083999634
0.5503444075584412 0.5530198216438293
0.44114574790000916 0.5383152365684509
0.5323726534843445 0.6137688755989075
0.5539761185646057 0.5951957106590271
0.46859118342399597 0.5537121295928955
0.4339909255504608 0.6478884816169739
0.5372618436813354 0.5722801685333252
0.5390169620513916 0.5413466691970825
0.40087634325027466 0.5663891434669495
0.40133777260780334 0.5713590979576111
0.5484201312065125 0.6412840485572815
0.5026393532752991 0.5417183041572571
0.45987701416015625 0.5540142059326172
0.5219607353210449 0.576569139957428
0.4076000154018402 0.5590239763259888
0.5025097727775574 0.6462141871452332
0.504906177520752 0.642374575138092
0.5704801678657532 0.5908072590827942
0.4984012842178345 0.618260383605957
0.40863874554634094 0.6219280362129211
0.4775058627128601 0.6513797044754028
0.513857364654541 0.5559235215187073
0.5602543950080872 0.5553990602493286
0.5150798559188843 0.5434190034866333
0.5328719615936279 0.551841139793396
0.46611055731773376 0.57248455286026
0.44341814517974854 0.6517950892448425
0.4041159451007843 0.5845556259155273
0.573224663734436 0.5892120599746704
0.5323196649551392 0.5710697770118713
0.5264196395874023 0.5638994574546814
0.5089563727378845 0.651203989982605
0.4399958550930023 0.5319451689720154
0.40686479210853577 0.620948076248169
0.5302243828773499 0.6149343252182007
0.5192625522613525 0.5658255815505981
0.46015703678131104 0.6012082695960999
0.5197499394416809 0.5655859112739563
0.5223786234855652 0.5823549032211304
0.4422646164894104 0.5259202718734741
0.4720446765422821 0.6021168828010559
0.5525139570236206 0.5985451936721802
0.4715174436569214 0.5753430724143982
0.408176064491272 0.5827483534812927
0.49206310510635376 0.6376880407333374
0.5044193863868713 0.5926563143730164
0.5383270978927612 0.5524270534515381
0.42164209485054016 0.584891140460968
0.45514094829559326 0.557778000831604
0.551542341709137 0.581645131111145
0.40311235189437866 0.5772544145584106
0.5270128846168518 0.588660478591919
0.5208613872528076 0.5495203137397766
0.5397504568099976 0.5916402339935303
0.4640899896621704 0.6551044583320618
0.5435160398483276 0.5774102807044983
0.5429324507713318 0.5612039566040039
0.5622363686561584 0.6055042743682861
0.5676287412643433 0.5693778991699219
0.5399477481842041 0.5383917689323425
0.4239502549171448 0.6066315770149231
0.47092315554618835 0.508499026298523
0.48439502716064453 0.6573536992073059
0.4833611845970154 0.634657084941864
0.5725213885307312 0.5909121036529541
0.5599281787872314 0.6238682866096497
0.4842910170555115 0.5947921872138977
0.4555469751358032 0.547088623046875
0.41209009289741516 0.552330493927002
0.4908899962902069 0.5781672596931458
0.5470061898231506 0.5840646028518677
0.5412555932998657 0.639797568321228
0.45533493161201477 0.6323602795600891
0.40838146209716797 0.5670530796051025
0.4387306272983551 0.6519570350646973
0.5615919232368469 0.6032435894012451
0.4059695601463318 0.6183693408966064
0.5305299758911133 0.5847299695014954
0.5160031318664551 0.5539898872375488
0.47063425183296204 0.5530012845993042
0.5165756940841675 0.5633798837661743
0.505898118019104 0.5610941648483276
0.4452798664569855 0.5907122492790222
0.4708728790283203 0.6477586030960083
0.5123502612113953 0.5690040588378906
0.5330888032913208 0.5368871688842773
0.41407087445259094 0.5859018564224243
0.4063360393047333 0.5675891637802124
0.5505722761154175 0.6080962419509888
0.5438583493232727 0.6050506830215454
0.482688844203949 0.6498920917510986
0.5083074569702148 0.5972389578819275
0.5740742087364197 0.579160213470459
0.41956600546836853 0.5595137476921082
0.5361642837524414 0.6205923557281494
0.4004875123500824 0.594403088092804
0.48170235753059387 0.5877401232719421
0.548977255821228 0.5978856682777405
0.4379330575466156 0.5789478421211243
0.5206099152565002 0.5356403589248657
0.5659131407737732 0.606489360332489
0.5336194634437561 0.572020947933197
0.5059379935264587 0.5465055108070374
0.4080474078655243 0.6020801067352295
0.4557226598262787 0.6245259642601013
0.4627743065357208 0.5159285068511963
0.4299335777759552 0.5865117311477661
0.5537581443786621 0.6135076284408569
0.4999098777770996 0.6483283042907715
0.530694842338562 0.6570181846618652
0.4102301001548767 0.5511517524719238
0.44860535860061646 0.6046136617660522
0.39985552430152893 0.5779294967651367
0.5593249797821045 0.6203451156616211
0.4016835689544678 0.5783469080924988
0.48483988642692566 0.5659298896789551
0.5133777856826782 0.5901460647583008
0.45731765031814575 0.5417532324790955
0.4347434639930725 0.6188397407531738
0.5686046481132507 0.5533596277236938
0.5213397741317749 0.642336905002594
0.4508615732192993 0.5982760787010193
0.5656246542930603 0.5457003712654114
0.5451433658599854 0.5817287564277649
0.4895550310611725 0.6135770678520203
0.4561590552330017 0.5695915222167969
0.3979071378707886 0.5800377726554871
0.48223012685775757 0.6387974619865417
0.47257310152053833 0.6211552023887634
0.43608126044273376 0.5312598943710327
0.46985888481140137 0.6413629055023193
0.5350196957588196 0.5423988699913025
0.49281343817710876 0.6587703227996826
0.45001351833343506 0.5262224078178406
0.5571214556694031 0.562898576259613
0.49762237071990967 0.5799136161804199
0.4940894544124603 0.5494495034217834
0.5179066061973572 0.629988431930542
0.4240722358226776 0.6294892430305481
0.48495179414749146 0.5341746807098389
0.4371221959590912 0.6463112235069275
0.5244454741477966 0.590153694152832
0.5555811524391174 0.6106014847755432
0.5204404592514038 0.6043972969055176
0.5241847634315491 0.5296677350997925
0.4440731108188629 0.6436679363250732
0.47606706619262695 0.5287855863571167
0.5305917859077454 0.6019014120101929
0.40980592370033264 0.5651627779006958
0.5515516400337219 0.5385578274726868
0.44446784257888794 0.5999305844306946
0.5518447756767273 0.6118704080581665
0.5104488134384155 0.6010782122612
0.5260255336761475 0.5151838064193726
0.406621515750885 0.577679455280304
0.4728468060493469 0.588830292224884
0.5673958659172058 0.5742297768592834
0.4911089837551117 0.6217482686042786
0.4741673469543457 0.6224823594093323
0.46801096200942993 0.5952781438827515
0.41775786876678467 0.6048150658607483
0.5099985003471375 0.531285285949707
0.4348157048225403 0.6403898596763611
0.5552024841308594 0.5541180968284607
0.5688822269439697 0.5763100385665894
0.5213124752044678 0.6522713899612427
0.47195160388946533 0.5619091987609863
0.40112701058387756 0.5866202712059021
0.47440341114997864 0.6345165967941284
0.5075231790542603 0.5812702775001526
0.5250058174133301 0.5676621794700623
0.47639262676239014 0.5980455875396729
0.5690975189208984 0.6007588505744934
0.4354688227176666 0.5255486369132996
0.5573424696922302 0.5626859664916992
0.5014166831970215 0.5067538022994995
0.40102556347846985 0.5768466591835022
0.47400355339050293 0.6364898085594177
0.5633276104927063 0.5993462204933167
0.4299697279930115 0.5886669158935547
0.49919745326042175 0.5890448689460754
0.4394742250442505 0.6349214911460876
0.5343292951583862 0.5911046862602234
0.4936113953590393 0.6633051037788391
0.4545634388923645 0.5355881452560425
0.5520274639129639 0.6176740527153015
0.4462093114852905 0.5253193974494934
0.4864095449447632 0.5998097658157349
0.5190170407295227 0.5748945474624634
0.49170711636543274 0.5393248796463013
0.4761059582233429 0.6444393992424011
0.41722026467323303 0.555183470249176
0.5276854038238525 0.5805221796035767
0.5311907529830933 0.6330069899559021
0.5445587635040283 0.549159049987793
0.4289618134498596 0.6288954615592957
0.5576880574226379 0.5527752637863159
0.4480437934398651 0.5788412094116211
0.5350244045257568 0.5795068144798279
0.4702320694923401 0.5456491708755493
0.5586400628089905 0.5849701762199402
0.46472591161727905 0.6252902150154114
0.5601464509963989 0.57830810546875
0.4927975535392761 0.6305065155029297
0.5190412998199463 0.5256941318511963
0.5219851732254028 0.6370053291320801
0.4351395070552826 0.5509312152862549
0.5451178550720215 0.5936985611915588
0.5364223122596741 0.5337332487106323
0.491441011428833 0.6325405836105347
0.5516521334648132 0.6243340373039246
0.45711231231689453 0.5169550776481628
0.4796987771987915 0.551670253276825
0.5453723073005676 0.5921552777290344
0.47637301683425903 0.5760759711265564
0.5157649517059326 0.6368929147720337
0.5147499442100525 0.6226323843002319
0.4825188219547272 0.6166463494300842
0.496197909116745 0.5998780131340027
0.5651033520698547 0.6029354333877563
0.4416135251522064 0.582740843296051
0.514629065990448 0.5827327966690063
0.5554791688919067 0.5552372932434082
0.5462148785591125 0.6385695338249207
0.4279012382030487 0.6144058108329773
0.5446870923042297 0.6102092266082764
0.5659266710281372 0.5976144075393677
0.523982584476471 0.5752700567245483
0.4790336489677429 0.5105869770050049
0.4654129147529602 0.6425139904022217
0.5624459385871887 0.5855779647827148
0.5731045603752136 0.5780127644538879
0.5488821864128113 0.5343438386917114
0.4447441101074219 0.6352344751358032
0.4974723160266876 0.6553865671157837
0.5065461993217468 0.6398754119873047
0.5500302910804749 0.5646277070045471
0.42056307196617126 0.5933898687362671
0.45079219341278076 0.5115988254547119
0.5572280287742615 0.5768957734107971
0.4539222717285156 0.5619862675666809
0.42975252866744995 0.5337321758270264
0.5462298393249512 0.5587950348854065
0.40181609988212585 0.5642316937446594
0.43719959259033203 0.5189220905303955
0.5468029975891113 0.587722659111023
0.5140785574913025 0.6479789614677429
0.4671081006526947 0.5138816833496094
0.47055119276046753 0.5490050315856934
0.5438820123672485 0.6449800133705139
0.48520901799201965 0.6041247248649597
0.4473629593849182 0.6423577666282654
0.40596064925193787 0.6184971928596497
0.5528455376625061 0.6099393367767334
0.4781244993209839 0.5346786379814148
0.42592915892601013 0.6193906664848328
0.5134665966033936 0.5455460548400879
0.4951069951057434 0.5195556282997131
0.4130097031593323 0.5817396640777588
0.4899853467941284 0.5852605700492859
0.5532182455062866 0.5573917627334595
0.46119362115859985 0.5100221037864685
0.41261062026023865 0.5791686773300171
0.5447847843170166 0.6026791930198669
0.44331952929496765 0.5721812844276428
0.4106150269508362 0.5654613971710205
0.5035917162895203 0.6448094248771667
0.48047515749931335 0.5576406121253967
0.4745740592479706 0.5061730742454529
0.482791930437088 0.5198730826377869
0.4158340096473694 0.5747344493865967
0.5579887628555298 0.5943595170974731
0.48058149218559265 0.6224903464317322
0.4383277893066406 0.6359079480171204
0.42962804436683655 0.5956462025642395
0.47886714339256287 0.5360099077224731
0.5190845131874084 0.5709488987922668
0.44960781931877136 0.6211659908294678
0.48592838644981384 0.5388041734695435
0.4995681047439575 0.5033079385757446
0.41202160716056824 0.6029934883117676
0.4015234112739563 0.5917319059371948
0.49124884605407715 0.5545955896377563
0.5217357873916626 0.6555694937705994
0.5037188529968262 0.6651278734207153
0.41890788078308105 0.5936642289161682
0.5021969676017761 0.6325495839118958
0.5572512149810791 0.6076609492301941
0.41219237446784973 0.6238458752632141
0.5683255791664124 0.5890952944755554
0.43286579847335815 0.6251118779182434
0.406959593296051 0.6239840388298035
0.4202505946159363 0.5555429458618164
0.540607213973999 0.6044554114341736
0.47060880064964294 0.6645373106002808
0.5335657596588135 0.6422126293182373
0.44978567957878113 0.5257932543754578
0.41851112246513367 0.5474020838737488
0.5268713235855103 0.519542396068573
0.5414751172065735 0.5764217972755432
0.5118989944458008 0.514636754989624
0.5628528594970703 0.6011643409729004
0.45355328917503357 0.6444053053855896
0.5249857902526855 0.5870904326438904
0.5367385745048523 0.5912778377532959
0.40398672223091125 0.6136720776557922
0.46031540632247925 0.6483340263366699
0.4608645737171173 0.519855797290802
0.43533599376678467 0.5260459780693054
0.4887947738170624 0.5058621764183044
0.5108106732368469 0.6263219118118286
0.4060216546058655 0.583888053894043
0.4305908679962158 0.5969606637954712
0.5436075329780579 0.5855905413627625
0.5143473744392395 0.5515874624252319
0.48429447412490845 0.622918426990509
0.43991851806640625 0.5584826469421387
0.41531267762184143 0.569227397441864
0.4959666132926941 0.5755937695503235
0.40897953510284424 0.5906062722206116
0.4207513630390167 0.5327258706092834
0.5308258533477783 0.5994610786437988
0.4417595863342285 0.5282444357872009
0.5187384486198425 0.6368576884269714
0.5725327134132385 0.5774855017662048
0.4192999601364136 0.6358919143676758
0.4462732672691345 0.6289281249046326
0.45011845231056213 0.5747447609901428
0.5541905164718628 0.6074634194374084
0.5202690362930298 0.5177351832389832
0.5465516448020935 0.6017228364944458
0.4278087019920349 0.6420005559921265
0.5537257194519043 0.6135280132293701
0.4884527325630188 0.616438090801239
0.5637948513031006 0.5787897706031799
0.49927523732185364 0.6315402388572693
0.5356391668319702 0.6016534566879272
0.5160235166549683 0.6358489990234375
0.5625513195991516 0.6050511002540588
0.44831156730651855 0.6005930304527283
0.5664734840393066 0.5640290975570679
0.44019851088523865 0.5688871145248413
0.5147490501403809 0.5703945159912109
0.5593187808990479 0.5544350743293762
0.4118013381958008 0.5415219068527222
0.5383205413818359 0.5994015336036682
0.398093044757843 0.5972132086753845
0.46679267287254333 0.659755527973175
0.5699227452278137 0.5935816764831543
0.45060768723487854 0.6575491428375244
0.48104530572891235 0.5346147418022156
0.4622209966182709 0.5199934244155884
0.4937875270843506 0.5604824423789978
0.5718703269958496 0.5949164628982544
0.41402602195739746 0.6009012460708618
0.4087120592594147 0.5532996654510498
0.45163607597351074 0.5338093638420105
0.4394044876098633 0.6338838934898376
0.5299065709114075 0.5676761865615845
0.4058697521686554 0.5972703099250793
0.47784969210624695 0.6206204891204834
0.4922037422657013 0.5931262373924255
0.4601910710334778 0.5546663999557495
0.5385542511940002 0.5721015334129333
0.5300650000572205 0.5700122117996216
0.46208643913269043 0.6495975255966187
0.4404250681400299 0.5160909295082092
0.48860785365104675 0.623454749584198
0.4480997622013092 0.5625649094581604
0.4648074209690094 0.5977497100830078
0.4980054795742035 0.5136760473251343
0.5291711688041687 0.6041476726531982
0.4288991391658783 0.544145405292511
0.5252140164375305 0.5816753506660461
0.5524716377258301 0.5897483825683594
0.5440990328788757 0.5539934635162354
0.5657984614372253 0.5871975421905518
0.5624147653579712 0.5759130120277405
0.48130032420158386 0.5498051643371582
0.46736404299736023 0.5801081657409668
0.47489896416664124 0.607147216796875
0.4986962080001831 0.6201087236404419
0.5621175765991211 0.5564183592796326
0.5207025408744812 0.59070885181427
0.5290470123291016 0.5565906167030334
0.4627533257007599 0.5570012331008911
0.40753957629203796 0.6037021279335022
0.3995649516582489 0.5731802582740784
0.5444225668907166 0.5731293559074402
0.46956130862236023 0.6514652371406555
0.515394926071167 0.5548234581947327
0.47208404541015625 0.5614888668060303
0.45549145340919495 0.5166861414909363
0.4432896375656128 0.563395619392395
0.4727329611778259 0.6575989723205566
0.5145431756973267 0.6119139194488525
0.4716142416000366 0.5115845203399658
0.4590412676334381 0.6020095348358154
0.5509605407714844 0.556024968624115
0.42931583523750305 0.6044653654098511
0.4850139915943146 0.615760087966919
0.4742141366004944 0.6380813717842102
0.4390646815299988 0.5625187754631042
0.5102778077125549 0.647267758846283
0.49437421560287476 0.6662198901176453
0.5086854696273804 0.552339494228363
0.5596383810043335 0.5398675203323364
0.49726247787475586 0.6067943572998047
0.4831588864326477 0.595841109752655
0.4039209187030792 0.5713667273521423
0.49441879987716675 0.6006954312324524
0.4662214517593384 0.5522447228431702
0.5255239009857178 0.578433632850647
0.4889485836029053 0.529076337814331
0.47650450468063354 0.6453126072883606
0.44609519839286804 0.5596921443939209
0.5467327833175659 0.638757050037384
0.47656944394111633 0.6199248433113098
0.5486482977867126 0.6067472100257874
0.5621662735939026 0.5994728207588196
0.39875051379203796 0.5823613405227661
0.43492305278778076 0.6355473399162292
0.5549574494361877 0.6257458329200745
0.4166448712348938 0.615905225276947
0.4584325850009918 0.5482710003852844
0.44636666774749756 0.5555155873298645
0.488429993391037 0.5278763175010681
0.43955788016319275 0.6428432464599609
0.5001656413078308 0.5620409846305847
0.5199038982391357 0.6119052171707153
0.4300578534603119 0.5720385313034058
0.4073159098625183 0.5976220369338989
0.4221518635749817 0.5770893096923828
0.46585986018180847 0.5533940196037292
0.4932161569595337 0.5244312286376953
0.42857736349105835 0.6146494746208191
0.41840654611587524 0.6070482134819031
0.5663827657699585 0.6038506627082825
0.4662027955055237 0.649889349937439
0.5246457457542419 0.5866485238075256
0.4237842261791229 0.5713009834289551
0.4064886271953583 0.6108621954917908
0.48712629079818726 0.6571700572967529
0.5689276456832886 0.5598624348640442
0.4301570653915405 0.5932828187942505
0.47487857937812805 0.5327879786491394
0.48069730401039124 0.6051731705665588
0.509741485118866 0.5585755705833435
0.4809228777885437 0.639196515083313
0.520915150642395 0.5948596596717834
0.4487990140914917 0.6440727710723877
0.5004447102546692 0.6447622776031494
0.568797767162323 0.589158833026886
0.556289553642273 0.5736746191978455
0.46249526739120483 0.5496664643287659
0.4078390300273895 0.5622968077659607
0.5310622453689575 0.6291477084159851
0.4861474633216858 0.6196512579917908
0.4625746011734009 0.6621264219284058
0.5403636693954468 0.6034634709358215
0.4250192642211914 0.5922636985778809
0.41583922505378723 0.6061698198318481
0.5195724368095398 0.663923442363739
0.4040907621383667 0.5758815407752991
0.5499531626701355 0.5712347030639648
0.4040708541870117 0.5671948790550232
0.4171018600463867 0.5855034589767456
0.42410731315612793 0.6188684701919556
0.4620596468448639 0.5771426558494568
0.5302653312683105 0.5775794386863708
0.48508864641189575 0.6348113417625427
0.5145723223686218 0.5690507888793945
0.49030375480651855 0.6044809222221375
0.46602118015289307 0.5496112108230591
0.46235740184783936 0.6389965415000916
0.45127618312835693 0.614396870136261
0.5136830806732178 0.5287440419197083
0.5329363942146301 0.6014057993888855
0.4780971109867096 0.6209560632705688
0.5281535983085632 0.5387187004089355
0.49582165479660034 0.5132418870925903
0.42834725975990295 0.6107787489891052
0.43494710326194763 0.5582500100135803
0.4948563277721405 0.5106152892112732
0.4972146153450012 0.6534630656242371
0.4633421301841736 0.6373600959777832
0.5368970036506653 0.5478495955467224
0.49166855216026306 0.5440582036972046
0.4959709942340851 0.5220975875854492
0.5690694451332092 0.56475830078125
0.4401742219924927 0.6057475805282593
0.5482837557792664 0.6188769936561584
0.4230913519859314 0.6130713224411011
0.4414213001728058 0.6203891634941101
0.5115337371826172 0.6087456345558167
0.47743427753448486 0.5063857436180115
0.4932500720024109 0.5199418663978577
0.460685670375824 0.6397469639778137
0.4401594400405884 0.5362842082977295
0.5313157439231873 0.5228593945503235
0.44979825615882874 0.5179930329322815
0.4141547381877899 0.5837743878364563
0.49072545766830444 0.5029718279838562
0.441579669713974 0.5565567016601562
0.4760620594024658 0.6359863877296448
0.48088914155960083 0.6350508332252502
0.5598666667938232 0.5660999417304993
0.50237637758255 0.5502088665962219
0.4359612464904785 0.5511929988861084
0.4169125258922577 0.5816636085510254
0.4604566693305969 0.5879665613174438
0.4596575200557709 0.6538723111152649
0.5357775092124939 0.5448278784751892
0.5363152623176575 0.5706019997596741
0.5197209119796753 0.6554092764854431
0.5652000308036804 0.5476130247116089
0.5639317631721497 0.5462659597396851
0.4925749599933624 0.5286699533462524
0.5056630969047546 0.5236624479293823
0.48299792408943176 0.5600232481956482
0.4542168378829956 0.5109020471572876
0.4040152430534363 0.569754958152771
0.4236384928226471 0.620636522769928
0.5257691144943237 0.5654963850975037
0.4728395938873291 0.5651412010192871
0.4647010564804077 0.5830277800559998
0.5103676915168762 0.5084261894226074
0.49443313479423523 0.573309600353241
0.4035964608192444 0.5978066921234131
0.5611646771430969 0.5642863512039185
0.5262643098831177 0.6083333492279053
0.4470484256744385 0.5489417314529419
0.5182377099990845 0.6021946668624878
0.4314430058002472 0.6293554902076721
0.42548510432243347 0.579469621181488
0.511891782283783 0.58206707239151
0.558397650718689 0.574775755405426
0.4336708188056946 0.5203590989112854
0.5119181871414185 0.514888346195221
0.4473174214363098 0.6459398865699768
0.548340380191803 0.571918785572052
0.5097001791000366 0.6557106375694275
0.43486547470092773 0.5745653510093689
0.48542293906211853 0.5223358273506165
0.4128124415874481 0.5628897547721863
0.4205430746078491 0.6042382121086121
0.3983176350593567 0.5784443020820618
0.5617642998695374 0.5903327465057373
0.5271051526069641 0.6000409722328186
0.5676012635231018 0.5947417616844177
0.5535516738891602 0.5811764001846313
0.44696593284606934 0.5109236240386963
0.44472548365592957 0.6004708409309387
0.5558971166610718 0.6003211140632629
0.4206200838088989 0.5375767946243286
0.5399194955825806 0.5828869938850403
0.52919602394104 0.517245888710022
0.5464736223220825 0.6097638010978699
0.45858606696128845 0.5194334983825684
0.433380126953125 0.609876811504364
0.46020254492759705 0.6293506622314453
0.5041576623916626 0.5309005975723267
0.49642032384872437 0.6083608865737915
0.4499061107635498 0.5587796568870544
0.48988497257232666 0.547828197479248
0.45939216017723083 0.5942795276641846
0.546215832233429 0.6350334882736206
0.4039500057697296 0.5591582655906677
0.5377027988433838 0.554419755935669
0.5273282527923584 0.5862096548080444
0.43042200803756714 0.5764918327331543
0.4183708727359772 0.5366255044937134
0.42214858531951904 0.6075201630592346
0.5450538396835327 0.571606457233429
0.44217848777770996 0.5931482911109924
0.5667324662208557 0.6074370741844177
0.4595780074596405 0.6201727390289307
0.5176354646682739 0.6020635962486267
0.45105844736099243 0.6095507740974426
0.40436851978302 0.595853865146637
0.4734751582145691 0.5478301048278809
0.5591593980789185 0.5937796235084534
0.4123745560646057 0.5841408371925354
0.4568682909011841 0.5822044014930725
0.41977933049201965 0.6188318729400635
0.5566620826721191 0.539180338382721
0.4623148441314697 0.6035894155502319
0.4945812523365021 0.523841142654419
0.4716821312904358 0.6105372309684753
0.5415576696395874 0.548168957233429
0.45064717531204224 0.5246763229370117
0.4865550100803375 0.5525840520858765
0.45209288597106934 0.6316266059875488
0.4147714078426361 0.5563290119171143
0.42229315638542175 0.5302128195762634
0.537041187286377 0.5208472013473511
0.5255343914031982 0.6617852449417114
0.456757515668869 0.5521460771560669
0.4479195177555084 0.5469678044319153
0.48267221450805664 0.6480761766433716
0.4183187186717987 0.62389075756073
0.4398444890975952 0.5392354130744934
0.4312024414539337 0.6361211538314819
0.4312163293361664 0.5635803937911987
0.4860072433948517 0.560761570930481
0.4712800979614258 0.6414996385574341
0.5336478352546692 0.5219140648841858
0.42943474650382996 0.6429955959320068
0.4467065930366516 0.6392093300819397
0.505626916885376 0.5085732340812683
0.4729806184768677 0.6176478862762451
0.5237166881561279 0.6122199296951294
0.4246114194393158 0.538555920124054
0.42031970620155334 0.6084899306297302
0.5416614413261414 0.5937736630439758
0.5559182167053223 0.5470873713493347
0.49182194471359253 0.5041714906692505
0.5268897414207458 0.5983826518058777
0.5545340180397034 0.6026732921600342
0.4529005289077759 0.53973388671875
0.4687921702861786 0.5754752159118652
0.5022238492965698 0.5549845695495605
0.5193067789077759 0.5548990964889526
0.4986778497695923 0.5050174593925476
0.49209773540496826 0.5174049139022827
0.4884360432624817 0.5812921524047852
0.5653624534606934 0.6005855202674866
0.5178835391998291 0.5680704116821289
0.4182102084159851 0.6130063533782959
0.5347703695297241 0.5581145882606506
0.48283568024635315 0.556530773639679
0.4072311818599701 0.5523661971092224
0.5090840458869934 0.5269589424133301
0.4949752390384674 0.6032261848449707
0.5609906911849976 0.5471289157867432
0.40504342317581177 0.5975570678710938
0.4804394245147705 0.5341145396232605
0.5406945943832397 0.5430474281311035
0.5456953048706055 0.6334615349769592
0.4129118323326111 0.5774858593940735
0.5164204239845276 0.5877833962440491
0.5256483554840088 0.57542484998703
0.4568895101547241 0.6046728491783142
0.4489702880382538 0.6457650065422058
0.5259724259376526 0.6316065192222595
0.5096037983894348 0.6057258248329163
0.4757065773010254 0.5160658955574036
0.5259057879447937 0.5177766680717468
0.48769140243530273 0.6409817337989807
0.4848909378051758 0.5210365056991577
0.42563387751579285 0.6280866861343384
0.4793139696121216 0.6298407912254333
0.44632816314697266 0.5505374073982239
0.4627314805984497 0.5504612922668457
0.5540738701820374 0.5582133531570435
0.5315257906913757 0.5989053249359131
0.41352295875549316 0.5397841334342957
0.4570205807685852 0.6601796746253967
0.49417367577552795 0.5589356422424316
0.446821004152298 0.6463411450386047
0.49307066202163696 0.5971285104751587
0.4695644974708557 0.5499708652496338
0.41441258788108826 0.6022785902023315
0.41112467646598816 0.6131515502929688
0.4813877046108246 0.5703520774841309
0.5384289622306824 0.6145024299621582
0.4970133900642395 0.6163983345031738
0.4393475353717804 0.5839545726776123
0.5283287763595581 0.5527233481407166
0.4146406054496765 0.5956168174743652
0.49388864636421204 0.595659077167511
0.4004858434200287 0.5674192905426025
0.43941378593444824 0.560562789440155
0.4821970462799072 0.6066456437110901
0.4606233239173889 0.5253499150276184
0.47320324182510376 0.6597188115119934
0.5315366983413696 0.5956920385360718
0.5342532992362976 0.6399080753326416
0.5100798606872559 0.513296902179718
0.5647966861724854 0.5704268217086792
0.43180710077285767 0.6380677819252014
0.48178815841674805 0.6326264142990112
0.4940090477466583 0.6246983408927917
0.5013648867607117 0.6102001070976257
0.46523240208625793 0.5825234651565552
0.40539857745170593 0.6074721217155457
0.5436372756958008 0.55003422498703
0.461113303899765 0.6484964489936829
0.42132294178009033 0.5978847742080688
0.49550172686576843 0.5844551920890808
0.541562020778656 0.6037627458572388
0.46882364153862 0.6506723165512085
0.4349159896373749 0.5499215126037598
0.40080782771110535 0.5952456593513489
0.4932202100753784 0.5387912392616272
0.5360451340675354 0.6472771763801575
0.5694621801376343 0.5558429956436157
0.4365849196910858 0.5659520626068115
0.4566110074520111 0.6303040981292725
0.4154614508152008 0.6343862414360046
0.4738748371601105 0.5897695422172546
0.457518070936203 0.5649220943450928
0.5656555891036987 0.5789429545402527
0.5239335298538208 0.5219743251800537
0.4718751311302185 0.5990342497825623
0.4474616050720215 0.5190792679786682
0.41494137048721313 0.5631592869758606
0.5297026038169861 0.5180186629295349
0.5561198592185974 0.6239413619041443
0.4669899344444275 0.5164428353309631
0.4625358581542969 0.6246236562728882
0.40819376707077026 0.6250782012939453
0.5420714616775513 0.5911382436752319
0.47919225692749023 0.644784688949585
0.4869295060634613 0.5893740653991699
0.43311813473701477 0.6076869964599609
0.5043583512306213 0.6384012699127197
0.4135374128818512 0.5442699790000916
0.4504167139530182 0.6405120491981506
0.5312551856040955 0.6331920623779297
0.5592302680015564 0.584366500377655
0.5131388902664185 0.5404519438743591
0.4646858870983124 0.5569433569908142
0.45955148339271545 0.6174950003623962
0.4876077175140381 0.5299283266067505
0.4628516733646393 0.5258218050003052
0.4744904041290283 0.5723736882209778
0.569577693939209 0.5535241365432739
0.4464075565338135 0.5686136484146118
0.55672287940979 0.5854090452194214
0.4270082116127014 0.6314750909805298
0.44273364543914795 0.6211801767349243
0.530295193195343 0.5780088901519775
0.5271697044372559 0.6303073763847351
0.41080406308174133 0.6089118123054504
0.4376561641693115 0.6196896433830261
0.5631661415100098 0.6146897673606873
0.4090501368045807 0.5881563425064087
0.47744157910346985 0.5725988745689392
0.5562840700149536 0.6238700747489929
0.5151200294494629 0.622799813747406
0.5391380190849304 0.6101685762405396
0.4652920365333557 0.650762677192688
0.566074013710022 0.561586320400238
0.4883310794830322 0.5172035098075867
0.4286951720714569 0.5567411184310913
0.5159897208213806 0.5181035399436951
0.4397701621055603 0.652718186378479
0.42981404066085815 0.5984846353530884
0.43147724866867065 0.5401708483695984
0.4333045780658722 0.530306875705719
0.5186793804168701 0.5126193165779114
0.42082181572914124 0.6018775105476379
0.41561657190322876 0.5528748035430908
0.4461716115474701 0.5112120509147644
0.409472793340683 0.5686269402503967
0.45151686668395996 0.5599900484085083
0.556423544883728 0.6247982382774353
0.5182285904884338 0.6252520680427551
0.4444168508052826 0.5197661519050598
0.48305049538612366 0.640514075756073
0.4000503122806549 0.5861693620681763
0.5201615691184998 0.5650724768638611
0.5565245151519775 0.6289523243904114
0.47762975096702576 0.5732935070991516
0.4794835150241852 0.5427111387252808
0.4163462817668915 0.6029926538467407
0.4499901533126831 0.5248035788536072
0.5183279514312744 0.5657490491867065
0.5083006024360657 0.5348485112190247
0.5457757711410522 0.5820725560188293
0.555147111415863 0.5628045201301575
0.558908998966217 0.5980435609817505
0.46241945028305054 0.5133017897605896
0.5683313012123108 0.5926435589790344
0.5467035174369812 0.6384748816490173
0.47963932156562805 0.6454470753669739
0.47173312306404114 0.5831161737442017
0.4069596230983734 0.5862272381782532
0.446010947227478 0.5562192797660828
0.470577210187912 0.5504214763641357
0.5401437282562256 0.6134994029998779
0.49106234312057495 0.605186939239502
0.41226786375045776 0.616175651550293
0.44939184188842773 0.5731580257415771
0.41189804673194885 0.5473961234092712
0.4002554416656494 0.6039106845855713
0.5697014331817627 0.5862917900085449
0.411995530128479 0.6312893033027649
0.406838059425354 0.5810352563858032
0.40143173933029175 0.6121753454208374
0.4985617995262146 0.5556305646896362
0.4189966917037964 0.5614194273948669
0.4372003376483917 0.543268620967865
0.458564817905426 0.5075110793113708
0.5270920395851135 0.5889919400215149
0.5363753437995911 0.5315547585487366
0.4587402939796448 0.6055617332458496
0.5438436269760132 0.5809541940689087
0.5597589015960693 0.6136934161186218
0.4258185625076294 0.5487581491470337
0.5513483285903931 0.6075633764266968
0.4477604031562805 0.5439472198486328
0.5214439034461975 0.6105121374130249
0.49802690744400024 0.5170912742614746
0.5686303377151489 0.6032851934432983
0.5183632969856262 0.5512033104896545
0.5697466135025024 0.5805559754371643
0.41243651509284973 0.551399827003479
0.4281439483165741 0.6061158180236816
0.5382788777351379 0.6256260871887207
0.43433550000190735 0.6153804659843445
0.5742939710617065 0.5798734426498413
0.48780953884124756 0.5431395769119263
0.48771968483924866 0.5447266697883606
0.5389278531074524 0.5674088001251221
0.4516935348510742 0.6486884355545044
0.5371540188789368 0.5376219749450684
0.5310208797454834 0.5962464213371277
0.4452868700027466 0.6025377511978149
0.45579540729522705 0.6148561239242554
0.4833230972290039 0.5076281428337097
0.492830365896225 0.6247273683547974
0.545998215675354 0.5517235994338989
0.5560598373413086 0.6106139421463013
0.48937973380088806 0.5633843541145325
0.4572431147098541 0.5411327481269836
0.4979337155818939 0.6304653286933899
0.5033945441246033 0.6242955327033997
0.4021987020969391 0.5843543410301208
0.5702086091041565 0.5863669514656067
0.4960264563560486 0.5478433966636658
0.5477601289749146 0.59664386510849
0.5477073192596436 0.5725717544555664
0.5733084678649902 0.5845152139663696
0.5668594837188721 0.5869539380073547
0.49283912777900696 0.50821453332901
0.5490062236785889 0.6253274083137512
0.51311194896698 0.61612468957901
0.5127906799316406 0.5698232054710388
0.40712299942970276 0.5537858605384827
0.4963987171649933 0.5961240530014038
0.39791497588157654 0.5791692733764648
0.5556012392044067 0.5620757937431335
0.44183558225631714 0.5909463167190552
0.5252698063850403 0.6559436917304993
0.5202603936195374 0.5461485981941223
0.42970651388168335 0.5397219061851501
0.525091826915741 0.5901237726211548
0.4512507915496826 0.5361267924308777
0.4535035490989685 0.5184921026229858
0.5150578618049622 0.5138435363769531
0.5220697522163391 0.6119648218154907
0.4226957857608795 0.5778822898864746
0.5251975059509277 0.513100802898407
0.5235743522644043 0.5607204437255859
0.47945594787597656 0.5144466757774353
0.4409329891204834 0.6219167113304138
0.4644615054130554 0.6592444181442261
0.5536140203475952 0.5939294695854187
0.5696144104003906 0.5552482604980469
0.4387502670288086 0.595970630645752
0.4995764195919037 0.5155001282691956
0.5181235671043396 0.5918931365013123
0.5279356241226196 0.5572997331619263
0.5343829393386841 0.5635435581207275
0.5103300213813782 0.5627729892730713
0.5448071956634521 0.6102437973022461
0.44336000084877014 0.5800094604492188
0.4917241334915161 0.5223587155342102
0.48609042167663574 0.5570283532142639
0.5364094972610474 0.533289909362793
0.4304601848125458 0.5966247320175171
0.48681268095970154 0.5884242653846741
0.48723483085632324 0.6560294032096863
0.44056636095046997 0.6249225735664368
0.4103848338127136 0.5451119542121887
0.4211753010749817 0.5735405087471008
0.4344671964645386 0.5943710803985596
0.5492631196975708 0.6181224584579468
0.42573246359825134 0.5997734069824219
0.5270431637763977 0.5946107506752014
0.5466070771217346 0.6356955170631409
0.40728870034217834 0.5904145240783691
0.544910192489624 0.5566936135292053
0.4997527301311493 0.5693677663803101
0.5385310649871826 0.5841642618179321
0.5208026170730591 0.5839553475379944
0.5504394769668579 0.5555880069732666
0.4207582473754883 0.5833024978637695
0.5454527735710144 0.5839751362800598
0.43646740913391113 0.5907964110374451
0.5362603664398193 0.5592284202575684
0.49486324191093445 0.6400811076164246
0.4724314510822296 0.6430577635765076
0.5745680332183838 0.5816306471824646
0.4284748136997223 0.5907745957374573
0.4459925889968872 0.6124609708786011
0.4439588189125061 0.6228482127189636
0.5392156839370728 0.5680151581764221
0.3978002667427063 0.5813629031181335
0.5008867979049683 0.5323099493980408
0.5540902614593506 0.6329647302627563
0.5257235169410706 0.5843443274497986
0.5069645643234253 0.5172328352928162
0.500997006893158 0.5401962995529175
0.5155470967292786 0.5096372365951538
0.5251909494400024 0.6329595446586609
0.4898270070552826 0.6027691960334778
0.45400476455688477 0.6431514024734497
0.5073081254959106 0.568496823310852
0.42073801159858704 0.6258946061134338
0.44369202852249146 0.549453616142273
0.4385148584842682 0.5673090219497681
0.5731187462806702 0.5781959891319275
0.5271871089935303 0.6147943735122681
0.45375245809555054 0.6133655905723572
0.4450986087322235 0.654105007648468
0.4542682468891144 0.6445100903511047
0.4201306998729706 0.5326253771781921
0.5181645750999451 0.5209017395973206
0.530626654624939 0.6515778303146362
0.507429301738739 0.5888460278511047
0.538434624671936 0.6176530718803406
0.4262574017047882 0.5888691544532776
0.5530177354812622 0.569341242313385
0.5273941159248352 0.5488716959953308
0.410941481590271 0.6185715794563293
0.42593175172805786 0.570281982421875
0.5661067962646484 0.5920369625091553
0.5708118677139282 0.5971945524215698
0.3985729217529297 0.5964792966842651
0.49308067560195923 0.6286109089851379
0.5142778754234314 0.5954859852790833
0.5467448234558105 0.6224018335342407
0.42882099747657776 0.5592257380485535
0.564795732498169 0.580980658531189
0.4462909698486328 0.6415478587150574
0.5423312187194824 0.5579907894134521
0.4853147268295288 0.6656411290168762
0.5489519238471985 0.6150332093238831
0.5317164063453674 0.6192189455032349
0.49442926049232483 0.5053018927574158
0.5227047801017761 0.5163242220878601
0.4856504797935486 0.573470950126648
0.5398378968238831 0.5857678651809692
0.5433487892150879 0.539127767086029
0.46996554732322693 0.6635127067565918
0.4576644003391266 0.5943366885185242
0.4001077115535736 0.5956271290779114
0.4584999084472656 0.5347867608070374
0.4009513556957245 0.5983759164810181
0.4991028606891632 0.5614294409751892
0.546274721622467 0.5669538974761963
0.4245651662349701 0.6155808568000793
0.5024563670158386 0.5084307789802551
0.4476684629917145 0.5692858695983887
0.4363040030002594 0.5801500678062439
0.5606226921081543 0.5590910315513611
0.4782303273677826 0.65688157081604
0.5280863046646118 0.5857359766960144
0.4334457516670227 0.6046084761619568
0.4242059588432312 0.6284893155097961
0.5220977067947388 0.618097722530365
0.535342812538147 0.6335455179214478
0.40428268909454346 0.6128586530685425
0.40035325288772583 0.5811092257499695
0.42095279693603516 0.5350903868675232
0.4082484543323517 0.5794123411178589
0.39793381094932556 0.5794734358787537
0.42798349261283875 0.6379401087760925
0.5051947832107544 0.5301559567451477
0.517086923122406 0.5408154726028442
0.46260592341423035 0.6033598184585571
0.5713540315628052 0.5796182155609131
0.4992809295654297 0.6165076494216919
0.48837336897850037 0.5772959589958191
0.49331289529800415 0.5450147986412048
0.5186471939086914 0.6328935623168945
0.5588515400886536 0.5509178042411804
0.4123426675796509 0.6207516193389893
0.4981672763824463 0.5068579912185669
0.41236773133277893 0.626963198184967
0.42972415685653687 0.6097245812416077
0.5441855788230896 0.6225656867027283
0.4090399444103241 0.6197879910469055
0.3984999358654022 0.5803712010383606
0.5325873494148254 0.5597135424613953
0.4113630950450897 0.6191347241401672
0.4265643358230591 0.5351833701133728
0.45167019963264465 0.5984983444213867
0.5058748722076416 0.5385493636131287
0.4945835471153259 0.6262800097465515
0.571872889995575 0.5837328433990479
0.47159528732299805 0.55018550157547
0.41230493783950806 0.5835140943527222
0.5509388446807861 0.633442223072052
0.48922133445739746 0.6526867747306824
0.5014057159423828 0.5730088353157043
0.5008547306060791 0.616109311580658
0.5466342568397522 0.6165407299995422
0.47507745027542114 0.5513960123062134
0.5117502212524414 0.6467788815498352
0.4352591931819916 0.5385317802429199
0.5182982683181763 0.5195817351341248
0.4134528338909149 0.5743202567100525
0.5149862766265869 0.6646499633789062
0.4205761253833771 0.6397284865379333
0.5692945122718811 0.5801008343696594
0.4363894462585449 0.5762396454811096
0.45274874567985535 0.623304009437561
0.5353849530220032 0.5442443490028381
0.46740850806236267 0.5913466215133667
0.5011032223701477 0.6250832676887512
0.40233325958251953 0.5816207528114319
0.4698207378387451 0.5687741041183472
0.52704918384552 0.5401403307914734
0.5286654233932495 0.5483071804046631
0.4508854150772095 0.5769473314285278
0.4858599305152893 0.5412387847900391
0.4767565429210663 0.5752317309379578
0.5570868849754333 0.5737708210945129
0.4105623960494995 0.5707798600196838
0.4453047513961792 0.5472350120544434
0.4944617450237274 0.6409360766410828
0.5434105396270752 0.5298678874969482
0.4396516680717468 0.5362123847007751
0.4845367670059204 0.5438611507415771
0.49735796451568604 0.5359788537025452
0.5115450620651245 0.5557498335838318
0.41484373807907104 0.6127928495407104
0.47242093086242676 0.6462230682373047
0.526877224445343 0.6170000433921814
0.4622921943664551 0.6142014265060425
0.5240380764007568 0.6227363348007202
0.5377111434936523 0.5804206132888794
0.572858452796936 0.579154908657074
0.4980181157588959 0.6350991725921631
0.4785631000995636 0.5715650320053101
0.5016000866889954 0.5401706695556641
0.5267828106880188 0.6617749929428101
0.5194888114929199 0.5674515962600708
0.5537156462669373 0.622444212436676
0.4735054075717926 0.5220162272453308
0.5032472014427185 0.582853376865387
0.41428688168525696 0.6211152672767639
0.5135482549667358 0.6391741037368774
0.4548318088054657 0.5854448676109314
0.40528780221939087 0.6033271551132202
0.5640560984611511 0.5997669696807861
0.44428449869155884 0.5164738297462463
0.5394088625907898 0.581689178943634
0.4737294018268585 0.6516907811164856
0.5452863574028015 0.5403096079826355
0.5096203684806824 0.6418284773826599
0.4402799904346466 0.5494213700294495
0.46133071184158325 0.606966495513916
0.43774741888046265 0.5729314684867859
0.42691323161125183 0.6349385380744934
0.5390726327896118 0.5961803197860718
0.479618102312088 0.6116514801979065
0.42827317118644714 0.5856819748878479
0.569925844669342 0.5738996267318726
0.4260951578617096 0.5284101366996765
0.45536744594573975 0.5565093159675598
0.406521201133728 0.6189261078834534
0.40509697794914246 0.5770923495292664
0.5241358876228333 0.5553649663925171
0.4004579186439514 0.5744555592536926
0.5016196966171265 0.5195561051368713
0.5217564105987549 0.6008527874946594
0.46784114837646484 0.569340705871582
0.5126132965087891 0.528365433216095
0.49342361092567444 0.5890660881996155
0.47960516810417175 0.6496113538742065
0.4952014684677124 0.5334393382072449
0.5102655291557312 0.6536715626716614
0.5430881381034851 0.6034594774246216
0.5149821639060974 0.6596277356147766
0.41350874304771423 0.5989064574241638
0.4048575460910797 0.5793119072914124
0.5704650282859802 0.588901698589325
0.4226444363594055 0.5475490093231201
0.4487462639808655 0.6414334774017334
0.459628701210022 0.605218768119812
0.4458234906196594 0.620564341545105
0.48988527059555054 0.5414335131645203
0.535003125667572 0.5794715881347656
0.5514973998069763 0.6011276841163635
0.5051319599151611 0.6267538070678711
0.4748499393463135 0.661903440952301
0.44553402066230774 0.6015701293945312
0.4337048828601837 0.5442562699317932
0.5665650367736816 0.5854763984680176
0.5551974177360535 0.5609921216964722
0.40535688400268555 0.6163405179977417
0.40436500310897827 0.6095976233482361
0.5405640602111816 0.5598691701889038
0.5644735097885132 0.5587747693061829
0.45643749833106995 0.5226020812988281
0.5177127122879028 0.5553844571113586
0.48683083057403564 0.6253632307052612
0.5064412355422974 0.6402519345283508
0.49623116850852966 0.6642187833786011
0.49708595871925354 0.6401394009590149
0.5656984448432922 0.5981647372245789
0.4031708836555481 0.5786027908325195
0.4224205017089844 0.585613489151001
0.4111931324005127 0.6076095104217529
0.5664499402046204 0.5975529551506042
0.47924602031707764 0.5668119788169861
0.45459800958633423 0.5985562801361084
0.5371012687683105 0.5679340958595276
0.4400554299354553 0.5281311869621277
0.4625305235385895 0.5068179965019226
0.47409141063690186 0.5842480659484863
0.500921905040741 0.5200285315513611
0.4157510995864868 0.5756606459617615
0.5086686611175537 0.5926970839500427
0.4495444893836975 0.5255845189094543
0.5684295892715454 0.5646447539329529
0.4173254668712616 0.5485540628433228
0.5626479983329773 0.5698526501655579
0.5353966355323792 0.6017358899116516
0.3995196223258972 0.5985426902770996
0.5249338746070862 0.520441472530365
0.5714613199234009 0.5870275497436523
0.49514928460121155 0.5646399259567261
0.5015990734100342 0.5413045883178711
0.40460720658302307 0.6168357133865356
0.39768391847610474 0.5855934023857117
0.511112630367279 0.6333773136138916
0.5562911629676819 0.6315271854400635
0.5600672960281372 0.589845597743988
0.46702370047569275 0.6450162529945374
0.5151298642158508 0.6120187640190125
0.5112473964691162 0.6664412617683411
0.5570248961448669 0.5560998916625977
0.5061930418014526 0.5958701968193054
0.43282565474510193 0.5180643200874329
0.4217747151851654 0.6160262227058411
0.4197877049446106 0.5523877143859863
0.5284538269042969 0.5800893902778625
0.4796852469444275 0.5477389693260193
0.5665405988693237 0.5729719996452332
0.48531898856163025 0.5409315228462219
0.5386123657226562 0.5529093742370605
0.43864020705223083 0.5199964046478271
0.5200017690658569 0.6287958025932312
0.4862477481365204 0.5779213905334473
0.4844648241996765 0.6641120314598083
0.4059523642063141 0.5654621720314026
0.5376407504081726 0.5249954462051392
0.46826404333114624 0.5625352263450623
0.4512253999710083 0.523287832736969
0.5305117964744568 0.5372396111488342
0.45568886399269104 0.6327303051948547
0.5389096140861511 0.6193690299987793
0.5390839576721191 0.6122655272483826
0.46995970606803894 0.6170492768287659
0.4050425887107849 0.5655200481414795
0.4101404547691345 0.5972329378128052
0.4929313361644745 0.5746176838874817
0.4003016948699951 0.5869336724281311
0.5207048058509827 0.6105325222015381
0.46702563762664795 0.6342796683311462
0.5056310296058655 0.583146333694458
0.42155584692955017 0.6234083771705627
0.5121788382530212 0.5628967881202698
0.49300405383110046 0.639832079410553
0.41110193729400635 0.5636753439903259
0.4538632035255432 0.5518978834152222
0.5186585187911987 0.6501691937446594
0.5134661197662354 0.6064284443855286
0.5536630749702454 0.6337498426437378
0.4864041805267334 0.5303035974502563
0.5139429569244385 0.5489718317985535
0.5685554146766663 0.5597420334815979
0.5179099440574646 0.6512515544891357
0.5463210344314575 0.5763598680496216
0.420536607503891 0.5682252049446106
0.5462498664855957 0.530434787273407
0.5421764850616455 0.6381425857543945
0.4397417902946472 0.5830051898956299
0.5621708035469055 0.5515666604042053
0.39910688996315 0.5752515196800232
0.44637590646743774 0.6372210383415222
0.5251405239105225 0.5747653841972351
0.4892611801624298 0.5597190260887146
0.47224000096321106 0.6186211109161377
0.4497009217739105 0.5328183770179749
0.5096474289894104 0.5416375994682312
0.5395969152450562 0.5267075896263123
0.40880197286605835 0.5647317171096802
0.5194528102874756 0.5856823921203613
0.5360839366912842 0.5626707077026367
0.4427107572555542 0.6171830892562866
0.5520052313804626 0.5927194356918335
0.40095755457878113 0.5873969793319702
0.5613466501235962 0.5789588093757629
0.41757845878601074 0.5335025191307068
0.4536212086677551 0.6337946653366089
0.5551451444625854 0.6037771105766296
0.5012359023094177 0.6579137444496155
0.510981559753418 0.5946611762046814
0.5523572564125061 0.5347831845283508
0.49745041131973267 0.5515363216400146
0.4644298553466797 0.5435310006141663
0.5604574084281921 0.5662639141082764
0.5439302325248718 0.6277546882629395
0.41029176115989685 0.6125829219818115
0.43647050857543945 0.6308371424674988
0.5379874110221863 0.5651302933692932
0.48221495747566223 0.5981660485267639
0.4205668270587921 0.5484504699707031
0.5652762651443481 0.5599632263183594
0.4132744371891022 0.6260402202606201
0.546164333820343 0.5455073118209839
0.5348910689353943 0.6060630083084106
0.5495450496673584 0.5423096418380737
0.46785518527030945 0.6492338180541992
0.44746968150138855 0.6243661046028137
0.42202645540237427 0.6328665018081665
0.5470930337905884 0.6008838415145874
0.4352307915687561 0.5267937779426575
0.5616090297698975 0.5589843988418579
0.435164213180542 0.6307376027107239
0.4600456953048706 0.5643486976623535
0.5378837585449219 0.5710777640342712
0.46581533551216125 0.576801598072052
0.49351415038108826 0.5209454894065857
0.5033221244812012 0.6568958163261414
0.5327710509300232 0.616265594959259
0.4118555188179016 0.6247652769088745
0.4272127151489258 0.5867050290107727
0.44620296359062195 0.586087703704834
0.4302094876766205 0.5992001891136169
0.4421103000640869 0.582976222038269
0.4298691749572754 0.5293317437171936
0.5577405095100403 0.6262586712837219
0.475544810295105 0.6371886730194092
0.4514930546283722 0.5123285055160522
0.5177503228187561 0.5269660949707031
0.4457346200942993 0.6011367440223694
0.4893715977668762 0.5644386410713196
0.41252097487449646 0.5512563586235046
0.4445708990097046 0.5795248746871948
0.4997597932815552 0.6253756880760193
0.4830571115016937 0.5247563123703003
0.518735945224762 0.5958813428878784
0.48169755935668945 0.5353885889053345
0.4988463222980499 0.6598227620124817
0.43410760164260864 0.5287947654724121
0.4981651306152344 0.635047972202301
0.5084104537963867 0.5770878195762634
0.5208231806755066 0.5651737451553345
0.5196361541748047 0.6282006502151489
0.4263301491737366 0.5554386973381042
0.5453131198883057 0.5622696876525879
0.5426450967788696 0.6028067469596863
0.40365323424339294 0.6085749864578247
0.4237084686756134 0.5361366271972656
0.4958953857421875 0.6546006798744202
0.5318928360939026 0.5391636490821838
0.5538803339004517 0.5881453156471252
0.5492675304412842 0.5643312335014343
0.39776045083999634 0.5846083164215088
0.5674551725387573 0.5994081497192383
0.41533827781677246 0.5362870693206787
0.469947874546051 0.5799960494041443
0.5632845163345337 0.6137787103652954
0.41377702355384827 0.5751746892929077
0.5319328904151917 0.6345425844192505
0.5452204346656799 0.5709443092346191
0.5683588981628418 0.556602954864502
0.457094669342041 0.6129981875419617
0.5624629259109497 0.6173973679542542
0.4869837760925293 0.5507302284240723
0.44219183921813965 0.6291639804840088
0.4180789291858673 0.5766370296478271
0.49276334047317505 0.6650317311286926
0.4261789619922638 0.5270007252693176
0.40650299191474915 0.5590577721595764
0.5330899357795715 0.5738731026649475
0.46985697746276855 0.5544232726097107
0.48669397830963135 0.6294916868209839
0.4192883372306824 0.5867041349411011
0.4689873158931732 0.5083432793617249
0.5318847298622131 0.6097672581672668
0.5022009611129761 0.654102087020874
0.5297161936759949 0.6000238656997681
0.46120354533195496 0.6073813438415527
0.46305832266807556 0.5559791922569275
0.44084814190864563 0.5820139050483704
0.3990037739276886 0.586340069770813
0.5137234926223755 0.5494623184204102
0.4542694389820099 0.5134115219116211
0.4001688063144684 0.5744553804397583
0.5670482516288757 0.5753293037414551
0.42136839032173157 0.6104908585548401
0.4742511212825775 0.576063334941864
0.44786810874938965 0.6481819152832031
0.5405485033988953 0.6410955786705017
0.5378292202949524 0.551896333694458
0.40041378140449524 0.5809608697891235
0.4568510353565216 0.6319065690040588
0.46551698446273804 0.6029667258262634
0.453512966632843 0.5175904631614685
0.5148764252662659 0.6049676537513733
0.5522472262382507 0.5948366522789001
0.48594143986701965 0.637445867061615
0.560405969619751 0.6043092012405396
0.49334293603897095 0.6422144174575806
0.4999020993709564 0.5470860600471497
0.46304622292518616 0.6407884955406189
0.43316152691841125 0.571597158908844
0.45613980293273926 0.655234158039093
0.5136514902114868 0.5835098624229431
0.4401838183403015 0.5990700125694275
0.5694966316223145 0.5555377006530762
0.44095519185066223 0.6409638524055481
0.5377410650253296 0.5390161275863647
0.4005325436592102 0.6081426739692688
0.4155925214290619 0.5499706268310547
0.5669561624526978 0.5941113829612732
0.4574170708656311 0.577367901802063
0.5290046334266663 0.586243212223053
0.4192357361316681 0.5743268132209778
0.4099207818508148 0.5824987292289734
0.5132344365119934 0.5489400625228882
0.44774550199508667 0.573940634727478
0.5476093888282776 0.5809171795845032
0.4607607126235962 0.6447503566741943
0.5703355669975281 0.585006833076477
0.4247365891933441 0.636920690536499
0.4784814119338989 0.622553825378418
0.5309483408927917 0.5169962048530579
0.48207005858421326 0.597376823425293
0.5283864736557007 0.6381990313529968
0.41932836174964905 0.5402162671089172
0.46535706520080566 0.5348131060600281
0.5538614392280579 0.6203047633171082
0.44685664772987366 0.6434838175773621
0.5031219124794006 0.5055978894233704
0.5059075355529785 0.507249116897583
0.43315890431404114 0.6226654052734375
0.43974819779396057 0.6077142953872681
0.40509676933288574 0.6181851029396057
0.548885703086853 0.5374376177787781
0.4630957245826721 0.6207462549209595
0.3990304470062256 0.6025738716125488
0.505581259727478 0.5421562194824219
0.510692834854126 0.625913143157959
0.4287053048610687 0.607637882232666
0.5253410935401917 0.5743608474731445
0.4214174449443817 0.5963391065597534
0.4427286386489868 0.5196804404258728
0.5339691042900085 0.5478211641311646
0.5718891024589539 0.5730869770050049
0.4122132956981659 0.5979210138320923
0.4029836058616638 0.5910397171974182
0.4404713213443756 0.6472650766372681
0.4115256667137146 0.6135125756263733
0.4174816906452179 0.6029996871948242
0.504642128944397 0.5570490956306458
0.5183143019676208 0.5937972068786621
0.5125256180763245 0.582761824131012
0.5433279275894165 0.5735875368118286
0.5367445945739746 0.5877686142921448
0.514387845993042 0.5652337074279785
0.45731520652770996 0.546332836151123
0.5127387642860413 0.5228455066680908
0.54964679479599 0.5375350713729858
0.5405779480934143 0.6464074850082397
0.4452502429485321 0.5137757062911987
0.40952610969543457 0.5805632472038269
0.5047067403793335 0.632743239402771
0.43248388171195984 0.5546048879623413
0.555221676826477 0.5584197640419006
0.43204763531684875 0.6286838054656982
0.44233953952789307 0.641299307346344
0.5661531686782837 0.5974454879760742
0.41770631074905396 0.6247284412384033
0.5369864106178284 0.6064351797103882
0.47445642948150635 0.6192063093185425
0.527768611907959 0.5289963483810425
0.5563802123069763 0.6138322353363037
0.41551271080970764 0.5682317018508911
0.5700381994247437 0.5941756963729858
0.5692382454872131 0.569958508014679
0.5351353883743286 0.5316157937049866
0.458539217710495 0.5086656808853149
0.42181986570358276 0.5486581921577454
0.4862634241580963 0.6329128742218018
0.41042110323905945 0.619310736656189
0.48552724719047546 0.6433902382850647
0.5106378793716431 0.5425324440002441
0.5057777762413025 0.5821830034255981
0.45615044236183167 0.6053745150566101
0.53197181224823 0.6416999101638794
0.5617748498916626 0.6158600449562073
0.5171749591827393 0.5115757584571838
0.5316371917724609 0.5495870113372803
0.5654619336128235 0.5817696452140808
0.5244566202163696 0.5911746025085449
0.49832868576049805 0.6144722104072571
0.3993287682533264 0.588009238243103
0.5287607312202454 0.6084856390953064
0.4580111503601074 0.5937579274177551
0.4003477990627289 0.5975202322006226
0.48872673511505127 0.5521591305732727
0.44799473881721497 0.5984165072441101
0.48762163519859314 0.6371936798095703
0.43225452303886414 0.6090956330299377
0.462464839220047 0.530403196811676
0.5741147994995117 0.5768144726753235
0.4695330858230591 0.5983415246009827
0.5199161171913147 0.5725830793380737
0.44909024238586426 0.5258092880249023
0.5720975995063782 0.587618887424469
0.5293281674385071 0.5526431798934937
0.5179532766342163 0.5651975870132446
0.4810110926628113 0.5591612458229065
0.49497297406196594 0.5904930830001831
0.5511584877967834 0.5569175481796265
0.45749565958976746 0.5489731431007385
0.48635372519493103 0.5461711287498474
0.4403413236141205 0.5480784177780151
0.4485265612602234 0.5119898915290833
0.4125036299228668 0.6009441018104553
0.574551522731781 0.5833452939987183
0.43733224272727966 0.5658616423606873
0.48157158493995667 0.6153858304023743
0.49665459990501404 0.6634475588798523
0.42288777232170105 0.5561358332633972
0.4306618273258209 0.6260127425193787
0.5136058926582336 0.551318347454071
0.4508519172668457 0.5577958226203918
0.43892747163772583 0.5355440974235535
0.5024511218070984 0.6117773652076721
0.5732417106628418 0.5784302353858948
0.461051344871521 0.5222254395484924
0.4623030424118042 0.5855464339256287
0.440938264131546 0.5969254374504089
0.46794283390045166 0.5981037616729736
0.4225148558616638 0.6400865912437439
0.4001278579235077 0.5822576880455017
0.5212128758430481 0.6591364741325378
0.485036164522171 0.5498198866844177
0.5378962159156799 0.5302441716194153
0.501891016960144 0.5153334140777588
0.49633318185806274 0.6269811391830444
0.5511380434036255 0.6097193956375122
0.5666770935058594 0.597233235836029
0.5274460911750793 0.6401532888412476
0.4062252938747406 0.6065173149108887
0.5471432209014893 0.6266840696334839
0.522342324256897 0.5119156837463379
0.4660266935825348 0.646723210811615
0.43429651856422424 0.518938422203064
0.47463440895080566 0.5297653675079346
0.41156691312789917 0.6123366355895996
0.5216415524482727 0.5200295448303223
0.5729336738586426 0.5908241868019104
0.44764700531959534 0.6526308655738831
0.4151234030723572 0.6012068390846252
0.5233617424964905 0.5504575967788696
0.474982351064682 0.5436989068984985
0.4029160737991333 0.5665464401245117
0.42490047216415405 0.6350953578948975
0.4224592447280884 0.6238736510276794
0.46466517448425293 0.5667273998260498
0.4482197165489197 0.521148681640625
0.4809150993824005 0.5870475769042969
0.5407071709632874 0.5684316158294678
0.5702201724052429 0.568383514881134
0.4696120619773865 0.5196949243545532
0.5166337490081787 0.6247282028198242
0.4861481487751007 0.6276553273200989
0.40861037373542786 0.5848256945610046
0.5171468257904053 0.531225860118866
0.44716009497642517 0.5603358745574951
0.4921160638332367 0.6112359166145325
0.570591151714325 0.5724257826805115
0.4666743278503418 0.5214390754699707
0.5371903777122498 0.5522237420082092
0.4319826364517212 0.5531941056251526
0.5688175559043884 0.6010562181472778
0.4210965633392334 0.5889725089073181
0.5605642795562744 0.5954585075378418
0.4248235523700714 0.6364510655403137
0.5295825600624084 0.5248918533325195
0.41113442182540894 0.5728144645690918
0.42351198196411133 0.5885652303695679
0.516303300857544 0.5246500372886658
0.5002146363258362 0.6510136723518372
0.5019912123680115 0.5843638181686401
0.5437347888946533 0.6387079358100891
0.4856031835079193 0.6397581696510315
0.5412260890007019 0.5995191335678101
0.5444166660308838 0.5700637102127075
0.569546103477478 0.586098849773407
0.5426698923110962 0.5909823179244995
0.41008856892585754 0.5529643893241882
0.39945685863494873 0.5816189050674438
0.47422361373901367 0.550366997718811
0.4420627951622009 0.5135936141014099
0.5001842975616455 0.5726025700569153
0.5328527092933655 0.5880628228187561
0.39975661039352417 0.6056421995162964
0.4438248872756958 0.6419817805290222
0.5154792666435242 0.5569458603858948
0.399624228477478 0.58319491147995
0.5685244202613831 0.599530041217804
0.543980598449707 0.5820258259773254
0.550255537033081 0.6192851066589355
0.5291231274604797 0.5395625233650208
0.43016546964645386 0.5243858098983765
0.5101538300514221 0.6550175547599792
0.4135376811027527 0.583707869052887
0.4375702440738678 0.5983860492706299
0.4117150902748108 0.5782611966133118
0.5375967025756836 0.6229158639907837
0.4091704189777374 0.586888313293457
0.5270046591758728 0.546278178691864
0.5487542748451233 0.5938447713851929
0.5307436585426331 0.5729272365570068
0.517577588558197 0.514631986618042
0.5195348262786865 0.5486119389533997
0.5085105299949646 0.6447139978408813
0.5066821575164795 0.5046635270118713
0.5128378868103027 0.6403266787528992
0.4539460241794586 0.5457675457000732
0.46328118443489075 0.5797378420829773
0.5341362357139587 0.6382779479026794
0.4666961431503296 0.5500280857086182
0.4826483130455017 0.6447327136993408
0.4710775315761566 0.533740222454071
0.5279876589775085 0.6142975091934204
0.4094031751155853 0.622800886631012
0.5212957262992859 0.6068453192710876
0.42400923371315 0.590131938457489
0.49659937620162964 0.5949729084968567
0.5108004212379456 0.5644258856773376
0.5535100102424622 0.5675082206726074
0.46383169293403625 0.5751634836196899
0.47319504618644714 0.6110344529151917
0.5301666855812073 0.5460349917411804
0.4730508625507355 0.5592197179794312
0.40465396642684937 0.5913476347923279
0.5085121989250183 0.5471203923225403
0.5681142210960388 0.6005288362503052
0.4612310528755188 0.5818789601325989
0.4441792964935303 0.5172863602638245
0.5548578500747681 0.5453271269798279
0.5347478985786438 0.548698365688324
0.4778124690055847 0.6508383750915527
0.40586918592453003 0.6102401614189148
0.4546302556991577 0.6058204770088196
0.41288527846336365 0.5892744064331055
0.4914420247077942 0.5178242325782776
0.43020185828208923 0.6282150149345398
0.40378159284591675 0.5977236032485962
0.41807350516319275 0.6384274363517761
0.44879767298698425 0.6495293378829956
0.4539327323436737 0.509518563747406
0.5255529284477234 0.5193455815315247
0.4182545244693756 0.6159439086914062
0.4679284989833832 0.5159193277359009
0.5077458620071411 0.6525023579597473
0.549893319606781 0.5400497913360596
0.5421140193939209 0.5291087627410889
0.45247238874435425 0.5510396957397461
0.46942779421806335 0.6548408269882202
0.530400276184082 0.6495975852012634
0.45154592394828796 0.5237988233566284
0.4267888069152832 0.6384719014167786
0.46105459332466125 0.5800736546516418
0.4377564489841461 0.6307018995285034
0.4375566840171814 0.5226258039474487
0.5216064453125 0.6467103362083435
0.4174671769142151 0.5416771173477173
0.5649828314781189 0.5763899087905884
0.4735085070133209 0.540951132774353
0.4313429594039917 0.6112276911735535
0.5569265484809875 0.577536404132843
0.561004638671875 0.618438720703125
0.5168471932411194 0.6081777811050415
0.4989110231399536 0.5368858575820923
0.445432186126709 0.6052668690681458
0.4820989668369293 0.5213765501976013
0.45441123843193054 0.5968115925788879
0.39945080876350403 0.58899986743927
0.4363612234592438 0.6499848365783691
0.41844677925109863 0.6347811222076416
0.532724916934967 0.6274746060371399
0.5626720190048218 0.6008791327476501
0.4632962942123413 0.5905957221984863
0.44255393743515015 0.6134488582611084
0.46914947032928467 0.562044084072113
0.514729380607605 0.5721881985664368
0.46525105834007263 0.5705873966217041
0.45355767011642456 0.6050177812576294
0.545441210269928 0.5919058918952942
0.43389177322387695 0.5362328886985779
0.4842105507850647 0.643362820148468
0.5501896142959595 0.6186609864234924
0.5266563892364502 0.5336170792579651
0.5239800810813904 0.593856155872345
0.45283418893814087 0.5784873962402344
0.48347756266593933 0.6233265399932861
0.43481919169425964 0.6108526587486267
0.4280158281326294 0.6428658366203308
0.4800569415092468 0.5227869153022766
0.4268730580806732 0.5552908182144165
0.5450407266616821 0.6394767165184021
0.5230609774589539 0.5333074927330017
0.4467434883117676 0.5354445576667786
0.4617575407028198 0.5125619769096375
0.4496360421180725 0.6077801585197449
0.5401278734207153 0.531678318977356
0.47559940814971924 0.6555162668228149
0.4021086096763611 0.5921405553817749
0.4372577965259552 0.5593637228012085
0.4792003631591797 0.6577467322349548
0.47194454073905945 0.5294789671897888
0.42155325412750244 0.5671473741531372
0.415290504693985 0.6329731941223145
0.4734700620174408 0.5780748128890991
0.48184624314308167 0.529940664768219
0.564547598361969 0.6000076532363892
0.4802175760269165 0.6428079605102539
0.5378719568252563 0.6378928422927856
0.5148187875747681 0.5169691443443298
0.47464877367019653 0.5201189517974854
0.4749141335487366 0.6161037683486938
0.5655750632286072 0.5644968748092651
0.48136988282203674 0.6166309714317322
0.5368972420692444 0.6118344664573669
0.5096646547317505 0.5456004738807678
0.4992021322250366 0.5767247676849365
0.5270044207572937 0.5418045520782471
0.46335792541503906 0.6180465817451477
0.5562378168106079 0.6151759624481201
0.4831272065639496 0.6524227857589722
0.42737579345703125 0.6141200065612793
0.4908509850502014 0.6607589721679688
0.529625415802002 0.6291119456291199
0.5653941035270691 0.5581557750701904
0.4958653450012207 0.5050632953643799
0.5257383584976196 0.5263445973396301
0.5257619023323059 0.5355342030525208
0.4509150981903076 0.616008460521698
0.5412204265594482 0.5377750992774963
0.45486509799957275 0.5789191126823425
0.4216431975364685 0.5469716191291809
0.47970348596572876 0.5109979510307312
0.46083521842956543 0.530778706073761
0.4276057779788971 0.5781815648078918
0.4251619875431061 0.5338720679283142
0.42073607444763184 0.5531508326530457
0.546015202999115 0.548741340637207
0.5163428783416748 0.5744950771331787
0.5004561543464661 0.6047061681747437
0.4529150426387787 0.6469647288322449
0.4919644892215729 0.6533128619194031
0.48346081376075745 0.6522974371910095
0.5371555685997009 0.5381941199302673
0.4761205315589905 0.5911365151405334
0.4628198444843292 0.6348034143447876
0.4094350337982178 0.573839545249939
0.4546619653701782 0.5853674411773682
0.4994371831417084 0.5393518209457397
0.5418457984924316 0.5543988347053528
0.48860687017440796 0.5278841853141785
0.553006112575531 0.5508739352226257
0.41179007291793823 0.6049701571464539
0.4509948492050171 0.6503010988235474
0.49281045794487 0.5102717280387878
0.442738801240921 0.5785818099975586
0.44602784514427185 0.5321180820465088
0.4055235683917999 0.604358971118927
0.5202610492706299 0.5423385500907898
0.40644803643226624 0.6088869571685791
0.46961483359336853 0.5912525653839111
0.5240759253501892 0.5772766470909119
0.4819263815879822 0.6548295021057129
0.5135746002197266 0.5439544916152954
0.5628435015678406 0.5875025987625122
0.46252167224884033 0.576906144618988
0.5257190465927124 0.5861084461212158
0.5390215516090393 0.6285564303398132
0.40340882539749146 0.6063662171363831
0.40111663937568665 0.5846437215805054
0.440464049577713 0.6351983547210693
0.4811336100101471 0.5346110463142395
0.49739983677864075 0.5137794017791748
0.5681986212730408 0.5544722080230713
0.4936322867870331 0.52945476770401
0.45315247774124146 0.5353255867958069
0.5373641848564148 0.6062188744544983
0.5689650177955627 0.5877988934516907
0.47578099370002747 0.513717532157898
0.5054755806922913 0.5378555655479431
0.4111553132534027 0.5722765326499939
0.5097509026527405 0.6630644202232361
0.5664957165718079 0.5574819445610046
0.42012473940849304 0.6153642535209656
0.5711337327957153 0.5797827839851379
0.4610576629638672 0.5543233156204224
0.43224895000457764 0.5535004734992981
0.4753810167312622 0.5278836488723755
0.4108971357345581 0.5646418929100037
0.5464942455291748 0.605174720287323
0.4169822335243225 0.5574183464050293
0.4529886543750763 0.5087335705757141
0.5418216586112976 0.6404076218605042
0.46922817826271057 0.5210717916488647
0.4571859836578369 0.5603374242782593
0.4231478273868561 0.6389410495758057
0.4244796931743622 0.570177435874939
0.5105128288269043 0.5543458461761475
0.429360568523407 0.6418480277061462
0.5017645359039307 0.6129050254821777
0.5308062434196472 0.5991055369377136
0.539313554763794 0.5995162725448608
0.5243018865585327 0.6117585301399231
0.491550087928772 0.6663392782211304
0.4599895477294922 0.6601965427398682
0.4321593642234802 0.6414885520935059
0.4526212513446808 0.5746790766716003
0.5158571004867554 0.5348851084709167
0.4733857214450836 0.621808648109436
0.4621419906616211 0.6262111663818359
0.4024865925312042 0.6153666377067566
0.49161216616630554 0.6057103276252747
0.5119773149490356 0.6079487204551697
0.48212623596191406 0.6412081122398376
0.45025041699409485 0.6449728608131409
0.4988226294517517 0.6657635569572449
0.5057663917541504 0.6306962966918945
0.49225470423698425 0.5660749077796936
0.44415634870529175 0.5905893445014954
0.4558240473270416 0.6322402954101562
0.4826911687850952 0.5686742663383484
0.42763403058052063 0.5815260410308838
0.5130852460861206 0.5706052184104919
0.5224780440330505 0.5582485795021057
0.45340201258659363 0.5456831455230713
0.4008558392524719 0.5911917686462402
0.5043165683746338 0.6488502621650696
0.4978199303150177 0.6244027018547058
0.41446653008461 0.5669216513633728
0.4795265197753906 0.5579667687416077
0.41014236211776733 0.5867223739624023
0.4412989914417267 0.6269570589065552
0.4529188573360443 0.5156831741333008
0.47546061873435974 0.6572827100753784
0.5682052969932556 0.5908163189888
0.45779716968536377 0.6390329003334045
0.48506373167037964 0.5602555274963379
0.5570662617683411 0.6143088340759277
0.4823651611804962 0.5385788679122925
0.5678738951683044 0.5647828578948975
0.514137327671051 0.5892462730407715
0.556201696395874 0.5688816905021667
0.44146475195884705 0.567882239818573
0.48055362701416016 0.6100862622261047
0.4904540479183197 0.6654002666473389
0.43976038694381714 0.562923789024353
0.437349408864975 0.5865293741226196
0.43355268239974976 0.5533627271652222
0.4756704568862915 0.6574113965034485
0.4237727224826813 0.5543513894081116
0.4876307249069214 0.5998069643974304
0.5042617917060852 0.6649398803710938
0.5438452363014221 0.5449958443641663
0.5341789722442627 0.6358272433280945
0.4253251552581787 0.5846160650253296
0.53409743309021 0.552336573600769
0.5548534393310547 0.6322895884513855
0.4248862862586975 0.5261742472648621
0.41248106956481934 0.5871837735176086
0.4915145933628082 0.5830869078636169
0.4392569065093994 0.5866162776947021
0.4965626299381256 0.5226827263832092
0.47468170523643494 0.5436320304870605
0.4036172032356262 0.6040861010551453
0.5124069452285767 0.5735845565795898
0.5147532820701599 0.5081336498260498
0.45109468698501587 0.5582555532455444
0.4278290271759033 0.5456745624542236
0.4210122525691986 0.5931890606880188
0.566000759601593 0.5855470299720764
0.5633894801139832 0.6165648102760315
0.5709719657897949 0.583234965801239
0.5526325702667236 0.6301664113998413
0.4826107919216156 0.5880845189094543
0.5610970258712769 0.6110386848449707
0.5098012685775757 0.6510478854179382
0.43948686122894287 0.5315302610397339
0.4938475787639618 0.6280906796455383
0.465044766664505 0.5959199666976929
0.4006043076515198 0.5775986909866333
0.4448617398738861 0.5679807066917419
0.5483333468437195 0.5420805215835571
0.44621461629867554 0.6562856435775757
0.5250243544578552 0.5697550773620605
0.5142788290977478 0.5485843420028687
0.4838889539241791 0.5056469440460205
0.5257067680358887 0.5140460729598999
0.5137739777565002 0.649114727973938
0.4240497946739197 0.5409833192825317
0.44470298290252686 0.5738154053688049
0.5216103792190552 0.6056154370307922
0.43425360321998596 0.6481806635856628
0.46608856320381165 0.5240959525108337
0.5042851567268372 0.5946966409683228
0.4149494171142578 0.5830528736114502
0.5599890947341919 0.5688611268997192
0.43665722012519836 0.6500466465950012
0.5255409479141235 0.6149352192878723
0.473858118057251 0.5313664078712463
0.5174977779388428 0.5351787209510803
0.5502092838287354 0.6372632384300232
0.46735894680023193 0.5628014802932739
0.5708434581756592 0.5764548778533936
0.5696594715118408 0.5747635364532471
0.42254385352134705 0.5446970462799072
0.5405576825141907 0.5791261196136475
0.4808780252933502 0.5745381116867065
0.5084103941917419 0.6145927906036377
0.5589646100997925 0.6186613440513611
0.5120347738265991 0.5639916658401489
0.5129398703575134 0.5650906562805176
0.5631491541862488 0.5825169086456299
0.5127747654914856 0.5430018305778503
0.45437154173851013 0.5194085240364075
0.4018169343471527 0.5710970163345337
0.4250054359436035 0.6155238151550293
0.5185456275939941 0.6393343806266785
0.4947950839996338 0.5598075985908508
0.5682698488235474 0.5896649360656738
0.5549566745758057 0.5981744527816772
0.42211639881134033 0.5363532304763794
0.42465606331825256 0.6258784532546997
0.44683536887168884 0.5384240746498108
0.4998711943626404 0.506779134273529
0.4808014929294586 0.5128817558288574
0.46298953890800476 0.5094887018203735
0.4518439769744873 0.5201332569122314
0.4123746156692505 0.600008487701416
0.4431193768978119 0.6416741609573364
0.47135546803474426 0.5433230400085449
0.542103111743927 0.5942691564559937
0.439376562833786 0.5820528864860535
0.5172280669212341 0.6383495330810547
0.5180110931396484 0.6202533841133118
0.5286757946014404 0.5272325277328491
0.44507813453674316 0.540786862373352
0.43435120582580566 0.6210827231407166
0.4777432084083557 0.5335542559623718
0.5288890600204468 0.6059696078300476
0.45737457275390625 0.5754817724227905
0.5634260773658752 0.5554155707359314
0.5467820763587952 0.5532316565513611
0.573939323425293 0.5827877521514893
0.41907942295074463 0.5491029024124146
0.49394965171813965 0.5767034888267517
0.40371593832969666 0.6045902371406555
0.42257052659988403 0.562484085559845
0.405322402715683 0.5802379846572876
0.43145081400871277 0.5766628384590149
0.43648308515548706 0.6446958780288696
0.5043161511421204 0.5626108050346375
0.5693575143814087 0.590360164642334
0.5319629907608032 0.564078688621521
0.4307370185852051 0.5193271040916443
0.5665821433067322 0.5986745953559875
0.39908161759376526 0.5839489698410034
0.4102848172187805 0.5851318836212158
0.45401111245155334 0.5431169867515564
0.4443089962005615 0.5681065320968628
0.5087132453918457 0.5985656380653381
0.5696724653244019 0.6009926199913025
0.44803038239479065 0.5942893028259277
0.4439743757247925 0.559609591960907
0.45581963658332825 0.5345301032066345
0.4853823482990265 0.5438054203987122
0.5497603416442871 0.5967915654182434
0.4217882454395294 0.6141740083694458
0.4694019854068756 0.520377516746521
0.4859640896320343 0.5117135643959045
0.561073899269104 0.5673515200614929
0.4909675121307373 0.642945408821106
0.4216042160987854 0.5340169668197632
0.40074610710144043 0.6022992134094238
0.40025123953819275 0.5967981815338135
0.4317043721675873 0.564501166343689
0.4639158248901367 0.6305898427963257
0.45430514216423035 0.5813838243484497
0.5075686573982239 0.649904727935791
0.41388460993766785 0.5448281764984131
0.4905892312526703 0.6079931855201721
0.46169716119766235 0.5491663813591003
0.5214417576789856 0.6353163123130798
0.474045991897583 0.5072911381721497
0.4996455907821655 0.6066073775291443
0.45525237917900085 0.5972938537597656
0.43089351058006287 0.5732801556587219
0.546048104763031 0.5563902854919434
0.41981956362724304 0.5749822854995728
0.41540026664733887 0.6046247482299805
0.43700188398361206 0.5648100972175598
0.47485095262527466 0.5281709432601929
0.44483017921447754 0.5186406373977661
0.4751245677471161 0.5212119221687317
0.47490352392196655 0.587913453578949
0.5261220335960388 0.6044976115226746
0.4014953374862671 0.566297709941864
0.5221784114837646 0.5698292851448059
0.4439612329006195 0.6206399202346802
0.46991512179374695 0.561793327331543
0.46230337023735046 0.5387003421783447
0.5405030846595764 0.5952198505401611
0.4799727201461792 0.5270029306411743
0.47876694798469543 0.5312780141830444
0.5253170132637024 0.6210458278656006
0.46298590302467346 0.5480290055274963
0.5226334929466248 0.5722662806510925
0.5316005945205688 0.5828283429145813
0.5128585696220398 0.5884057879447937
0.46037009358406067 0.5663223266601562
0.5174413323402405 0.538242757320404
0.4716233015060425 0.5187410712242126
0.4033276438713074 0.5809455513954163
0.4819883108139038 0.5806070566177368
0.4970545470714569 0.5427350997924805
0.4848315715789795 0.6133092641830444
0.5289304256439209 0.6256148219108582
0.5352688431739807 0.6275407671928406
0.4258808493614197 0.6307561993598938
0.41078874468803406 0.6270400881767273
0.4430236518383026 0.535118043422699
0.5368678569793701 0.6020428538322449
0.49649640917778015 0.6462917923927307
0.5187143683433533 0.6503555178642273
0.5206755995750427 0.6240980625152588
0.4869387149810791 0.5913560390472412
0.46822720766067505 0.6227978467941284
0.5715054869651794 0.5748276710510254
0.5201303958892822 0.5503811240196228
0.5072535276412964 0.6464292407035828
0.4208546578884125 0.5492827296257019
0.5234895944595337 0.5356500148773193
0.45649296045303345 0.5193362832069397
0.48020437359809875 0.504601240158081
0.5377203822135925 0.5210018157958984
0.5440980195999146 0.5683397054672241
0.48635467886924744 0.5656474232673645
0.5382266044616699 0.6220356225967407
0.46120303869247437 0.5695483684539795
0.5371816158294678 0.5756279230117798
0.4736732244491577 0.5928521156311035
0.4642157554626465 0.5644055008888245
0.49974992871284485 0.5655116438865662
0.4418266713619232 0.5462287664413452
0.5245952010154724 0.5296345353126526
0.47370386123657227 0.6429789066314697
0.4562121331691742 0.6081718802452087
0.4743404984474182 0.5136997103691101
0.5444650650024414 0.5562924146652222
0.5321258902549744 0.5415184497833252
0.4140998423099518 0.5651752352714539
0.5018836259841919 0.5232125520706177
0.5270223021507263 0.5345911979675293
0.514317512512207 0.6473977565765381
0.5243677496910095 0.524533748626709
0.41408437490463257 0.565253496170044
0.5021421313285828 0.5701481103897095
0.5690461993217468 0.5833960175514221
0.4723188579082489 0.5282453894615173
0.4271343946456909 0.5907047986984253
0.39813798666000366 0.5803996920585632
0.5127805471420288 0.574463963508606
0.4339996874332428 0.5432473421096802
0.5645982027053833 0.567875325679779
0.5449008345603943 0.6199747323989868
0.5299675464630127 0.5262851715087891
0.4139610826969147 0.6097570657730103
0.4469935894012451 0.5614297986030579
0.4787265956401825 0.6085072159767151
0.4141351878643036 0.5964167714118958
0.5181710124015808 0.6040514707565308
0.551972508430481 0.6361711025238037
0.5185931324958801 0.5578377842903137
0.4866901934146881 0.6099486947059631
0.4576301872730255 0.5724136233329773
0.5569565892219543 0.5660399794578552
0.4659387767314911 0.5197626948356628
0.51766037940979 0.6425866484642029
0.4410340487957001 0.651310384273529
0.46937447786331177 0.5939699411392212
0.41674941778182983 0.5626243352890015
0.5142755508422852 0.6085042953491211
0.531152069568634 0.6398272514343262
0.49104100465774536 0.6516314148902893
0.4050242304801941 0.5598545074462891
0.4287433922290802 0.6232300400733948
0.5589236617088318 0.5508588552474976
0.5029517412185669 0.5581756830215454
0.41851159930229187 0.561647891998291
0.47976160049438477 0.5353841781616211
0.41793400049209595 0.6032482385635376
0.4536292254924774 0.5863632559776306
0.5017744302749634 0.5804980397224426
0.46765363216400146 0.5685902833938599
0.5001218318939209 0.562536895275116
0.5092215538024902 0.5167529582977295
0.5318435430526733 0.5707535147666931
0.5101234912872314 0.6431111097335815
0.43406206369400024 0.6348012089729309
0.49800506234169006 0.6205912232398987
0.45678144693374634 0.646826446056366
0.48431408405303955 0.664771556854248
0.5579468011856079 0.6268771886825562
0.4730446934700012 0.5421567559242249
0.5680539608001709 0.5759475231170654
0.46251577138900757 0.5248318314552307
0.4602186977863312 0.5342593193054199
0.5432552695274353 0.5914232134819031
0.40393784642219543 0.591989278793335
0.4407486319541931 0.5365046858787537
0.5015959143638611 0.651740550994873
0.5602428317070007 0.5536686182022095
0.5740224719047546 0.5789059400558472
0.460395485162735 0.5694273710250854
0.46584850549697876 0.5354669690132141
0.5344953536987305 0.6386464238166809
0.45899447798728943 0.6388009190559387
0.4776880443096161 0.5322997570037842
0.5613626837730408 0.6115906834602356
0.43381595611572266 0.6383684277534485
0.44605764746665955 0.5796731114387512
0.4558737576007843 0.6223632097244263
0.41880980134010315 0.630488932132721
0.533451497554779 0.5375077724456787
0.46834155917167664 0.5251797437667847
0.5248897075653076 0.5557697415351868
0.5722386240959167 0.5894885063171387
0.5196263194084167 0.5892741680145264
0.4291474223136902 0.6238243579864502
0.44818446040153503 0.5991631150245667
0.49162572622299194 0.6660909652709961
0.4617467522621155 0.5311366319656372
0.4144667685031891 0.633338451385498
0.41775983572006226 0.6236547827720642
0.4239676892757416 0.6072006821632385
0.4924463927745819 0.5070124864578247
0.5143274068832397 0.5243285894393921
0.5381066203117371 0.6125152111053467
0.5078800320625305 0.610455334186554
0.40066370368003845 0.5861166715621948
0.42593660950660706 0.5828514695167542
0.4640921354293823 0.6644539833068848
0.4215642511844635 0.6146978735923767
0.46033644676208496 0.6075422763824463
0.5364912748336792 0.624906063079834
0.5315949320793152 0.6536267399787903
0.5042054057121277 0.5276670455932617
0.5467315316200256 0.550609827041626
0.3988666832447052 0.5775159001350403
0.42723286151885986 0.6428766846656799
0.4388827681541443 0.6183131337165833
0.47639790177345276 0.5306306481361389
0.44620922207832336 0.6409176588058472
0.5491458773612976 0.5807585716247559
0.3993004262447357 0.57362300157547
0.4609837830066681 0.6151373386383057
0.4295074939727783 0.579516589641571
0.5054842829704285 0.6545847654342651
0.5227956771850586 0.6162515878677368
0.4064562916755676 0.6083512902259827
0.43803125619888306 0.5533058643341064
0.4644095003604889 0.5601739883422852
0.49775731563568115 0.5298683047294617
0.5497919917106628 0.6404746174812317
0.40310874581336975 0.6072152853012085
0.5494654774665833 0.5810573101043701
0.45461082458496094 0.5206437706947327
0.5412545800209045 0.5878347158432007
0.5624346733093262 0.6073556542396545
0.44329947233200073 0.5618174076080322
0.46653464436531067 0.643606424331665
0.49416860938072205 0.5085607767105103
0.5303804278373718 0.6540395617485046
0.4804978370666504 0.634177029132843
0.4344272315502167 0.544224202632904
0.5742148756980896 0.5857227444648743
0.5126330852508545 0.647585391998291
0.5734173655509949 0.5773538947105408
0.45122408866882324 0.5095358490943909
0.5305070877075195 0.550415575504303
0.5621719360351562 0.5695898532867432
0.5397788882255554 0.5636870265007019
0.40613293647766113 0.5583471655845642
0.4540916085243225 0.6579586267471313
0.40846455097198486 0.5793998837471008
0.4038180708885193 0.5943740010261536
0.45283639430999756 0.6054777503013611
0.4766087830066681 0.6574840545654297
0.564128041267395 0.544781506061554
0.49080008268356323 0.6443064212799072
0.47783878445625305 0.607418954372406
0.4806361198425293 0.5167890787124634
0.5728762745857239 0.5736419558525085
0.49424564838409424 0.560118556022644
0.479777067899704 0.6520467400550842
0.5344228744506836 0.613815188407898
0.4576500654220581 0.6631026268005371
0.46318474411964417 0.5535634160041809
0.42632293701171875 0.6059406399726868
0.46823492646217346 0.5321678519248962
0.3978523015975952 0.593534529209137
0.538711428642273 0.58475261926651
0.5356154441833496 0.5506211519241333
0.4915795624256134 0.5870891809463501
0.49050769209861755 0.6054419279098511
0.5014443397521973 0.6015707850456238
0.5558292865753174 0.5569287538528442
0.4708609879016876 0.534457266330719
0.44579195976257324 0.6102741360664368
0.5533523559570312 0.6286197304725647
0.41024255752563477 0.6241381168365479
0.5604149699211121 0.5651258826255798
0.5613560676574707 0.6017487645149231
0.5175727009773254 0.6511753797531128
0.5732051134109497 0.5889695882797241
0.543010413646698 0.5298391580581665
0.4740205705165863 0.6346369385719299
0.44992929697036743 0.5193328857421875
0.47780391573905945 0.6270220875740051
0.5648930668830872 0.60905921459198
0.4578753709793091 0.5590418577194214
0.4691047966480255 0.611271858215332
0.5559722185134888 0.5821593403816223
0.4394749701023102 0.6495724320411682
0.5681917667388916 0.5953423380851746
0.46706610918045044 0.5171379446983337
0.5241379737854004 0.6089890003204346
0.43208497762680054 0.6249089241027832
0.5459613800048828 0.5820119380950928
0.41004401445388794 0.6181015968322754
0.46631893515586853 0.6574000120162964
0.5318601727485657 0.5793761014938354
0.48577865958213806 0.5547535419464111
0.5047260522842407 0.5558776259422302
0.5160505175590515 0.5797581076622009
0.4709227979183197 0.5757497549057007
0.43100643157958984 0.6456093192100525
0.5230389833450317 0.5152897238731384
0.4451853632926941 0.6125408411026001
0.4749753475189209 0.5655232667922974
0.4179213345050812 0.5359852910041809
0.5475596189498901 0.6008771657943726
0.49214494228363037 0.6038120985031128
0.5350990295410156 0.5513371229171753
0.5139312148094177 0.5589138269424438
0.4004797637462616 0.6015385985374451
0.5483205318450928 0.5931422114372253
0.4222462773323059 0.5995633602142334
0.4265976846218109 0.5547502636909485
0.5377436876296997 0.648657500743866
0.49147674441337585 0.6269442439079285
0.5610560178756714 0.5640615820884705
0.48779958486557007 0.6377831101417542
0.5341724157333374 0.5175281763076782
0.548434853553772 0.6156901121139526
0.40253597497940063 0.603622555732727
0.5661566257476807 0.5905558466911316
0.5259864330291748 0.5268516540527344
0.4483621418476105 0.6323539018630981
0.5449368953704834 0.5513218641281128
0.49345889687538147 0.5467135906219482
0.49183979630470276 0.6456917524337769
0.5615824460983276 0.6111384630203247
0.5261189341545105 0.6499602198600769
0.5176184177398682 0.6576412916183472
0.4671066105365753 0.6228630542755127
0.5381167531013489 0.5212159752845764
0.5571253895759583 0.5805462598800659
0.4366949200630188 0.5285388827323914
0.4409959614276886 0.5753268003463745
0.4697723090648651 0.6354148983955383
0.5016335844993591 0.5444189310073853
0.5163794159889221 0.5887038111686707
0.4939155876636505 0.5637413859367371
0.4379865527153015 0.6287671327590942
0.43299564719200134 0.5836442708969116
0.5479552745819092 0.5754106640815735
0.5682858824729919 0.5790532827377319
0.5612231492996216 0.5895645022392273
0.47241029143333435 0.6378290057182312
0.5249881744384766 0.639896035194397
0.5053701996803284 0.6002712249755859
0.4365057647228241 0.537556529045105
0.47147709131240845 0.6165164709091187
0.4382074475288391 0.5607102513313293
0.4053143262863159 0.5887818336486816
0.45061078667640686 0.5945214033126831
0.5062983632087708 0.5159294605255127
0.4797510802745819 0.5723419785499573
0.42862898111343384 0.6006136536598206
0.4167135953903198 0.5368616580963135
0.5551031827926636 0.6326515078544617
0.5082101821899414 0.6086472868919373
0.4717331826686859 0.6285756826400757
0.5359932780265808 0.6148473620414734
0.480538547039032 0.6437875628471375
0.4356163442134857 0.613641619682312
0.5512790083885193 0.6001918911933899
0.5562500953674316 0.5967803001403809
0.5009523034095764 0.5518194437026978
0.44020703434944153 0.5333958864212036
0.5673074722290039 0.6010836362838745
0.5498256683349609 0.6256641149520874
0.41388800740242004 0.6187235713005066
0.48806729912757874 0.6650906205177307
0.512486457824707 0.5447601675987244
0.5649086236953735 0.6085299849510193
0.45210379362106323 0.5262099504470825
0.45849350094795227 0.6637052297592163
0.4119587540626526 0.6309430003166199
0.5049989819526672 0.5826441645622253
0.4693583548069 0.5750673413276672
0.5185986757278442 0.664225161075592
0.5734146237373352 0.577031672000885
0.5162712335586548 0.6163732409477234
0.5513371825218201 0.5563207864761353
0.45083627104759216 0.5552532076835632
0.4496239721775055 0.5597127676010132
0.54200679063797 0.5768495202064514
0.5578656196594238 0.5471833348274231
0.4309772849082947 0.607765793800354
0.5544101595878601 0.6117007732391357
0.4888455867767334 0.6255751252174377
0.5120713114738464 0.5249608755111694
0.5108069777488708 0.6573448181152344
0.5123656392097473 0.6308309435844421
0.5173258781433105 0.5241208076477051
0.4812413454055786 0.5315606594085693
0.39910224080085754 0.5998439788818359
0.4601598083972931 0.5138047933578491
0.5318116545677185 0.5903435349464417
0.5651876926422119 0.6097447872161865
0.4146319329738617 0.5814957022666931
0.5432549118995667 0.571410596370697
0.4370950758457184 0.568610668182373
0.4261859655380249 0.6133549213409424
0.5086166262626648 0.5888873934745789
0.5320136547088623 0.5427770614624023
0.41390863060951233 0.6320744752883911
0.41149991750717163 0.5489963889122009
0.48637282848358154 0.5743014216423035
0.4072740972042084 0.59522545337677
0.4971815049648285 0.6337056756019592
0.5177247524261475 0.6599665284156799
0.5359138250350952 0.6451618075370789
0.5725041627883911 0.5923069715499878
0.5605964660644531 0.608718991279602
0.4714658856391907 0.653350830078125
0.49564218521118164 0.6271238327026367
0.4812738597393036 0.5400979518890381
0.44081756472587585 0.5886764526367188
0.561104953289032 0.5980103015899658
0.42237454652786255 0.6091143488883972
0.4958720803260803 0.5196875929832458
0.47101712226867676 0.6296009421348572
0.451909601688385 0.5539152026176453
0.4988940954208374 0.5364688634872437
0.5327175855636597 0.5214104652404785
0.4224347472190857 0.6395930647850037
0.4198971092700958 0.5914674401283264
0.40505489706993103 0.6022074818611145
0.5570858716964722 0.5602136850357056
0.44857504963874817 0.5629271864891052
0.5387929081916809 0.6227687001228333
0.4050251543521881 0.6051586866378784
0.5653234720230103 0.5579913258552551
0.46180441975593567 0.5303778052330017
0.487478643655777 0.505979597568512
0.5148729085922241 0.6443209648132324
0.4224666953086853 0.5742496252059937
0.5017279386520386 0.6478601098060608
0.46603405475616455 0.5879108309745789
0.5740939974784851 0.5870389342308044
0.4186785817146301 0.5885995626449585
0.5645540952682495 0.6103126406669617
0.5138533711433411 0.6295894980430603
0.47313767671585083 0.5321831703186035
0.49635860323905945 0.5851201415061951
0.49714094400405884 0.6153669357299805
0.5509529709815979 0.5624908208847046
0.561041533946991 0.5602418780326843
0.4262496829032898 0.6013414263725281
0.5272136330604553 0.6474061608314514
0.427641898393631 0.5290512442588806
0.4551811218261719 0.6382665038108826
0.40495559573173523 0.6187046766281128
0.4154253900051117 0.5587525963783264
0.5482645630836487 0.5623910427093506
0.5184487104415894 0.5926774740219116
0.5694701671600342 0.5716403126716614
0.4881683886051178 0.6509733200073242
0.5636691451072693 0.5430174469947815
0.43835386633872986 0.5228914022445679
0.4220522344112396 0.5895829200744629
0.5231744050979614 0.6353912949562073
0.5625619888305664 0.559567928314209
0.5316967368125916 0.6020513772964478
0.5090800523757935 0.6087753176689148
0.49535489082336426 0.5846145153045654
0.5555422306060791 0.6305453181266785
0.40750905871391296 0.5761887431144714
0.5565736293792725 0.6262686252593994
0.49408507347106934 0.5959492325782776
0.4765109419822693 0.5796014070510864
0.5119355320930481 0.5063759684562683
0.45125612616539 0.6246967315673828
0.5058078765869141 0.665808379650116
0.5513323545455933 0.5996143817901611
0.4116991460323334 0.5818617939949036
0.47078990936279297 0.6271503567695618
0.5562166571617126 0.6098793148994446
0.5144275426864624 0.6103032231330872
0.4752293527126312 0.6254810094833374
0.4904204308986664 0.6678938269615173
0.5490264296531677 0.5797703266143799
0.5147261023521423 0.6297990679740906
0.48957014083862305 0.5437402725219727
0.4777511954307556 0.6134753227233887
0.5098479390144348 0.5082316398620605
0.42891925573349 0.5397263765335083
0.5012525320053101 0.609164834022522
0.46122607588768005 0.6255107522010803
0.4186631739139557 0.627166211605072
0.5332210659980774 0.5687462687492371
0.49603739380836487 0.5262596011161804
0.4441291093826294 0.5614271759986877
0.46780452132225037 0.6208593249320984
0.5353245735168457 0.6430150270462036
0.4806160032749176 0.5264416337013245
0.5217195153236389 0.5731301307678223
0.5078892111778259 0.5212804079055786
0.44918930530548096 0.6450048089027405
0.5265483856201172 0.6294912099838257
0.4959581792354584 0.6192979216575623
0.5575210452079773 0.5443970561027527
0.5663061141967773 0.6082428693771362
0.44950634241104126 0.537445604801178
0.46518412232398987 0.6341190338134766
0.5329861640930176 0.6093130707740784
0.5062501430511475 0.5180654525756836
0.45073550939559937 0.6333686113357544
0.43211424350738525 0.5196909308433533
0.5126041173934937 0.5220847725868225
0.4845581352710724 0.5930668115615845
0.40341007709503174 0.6116178631782532
0.40423721075057983 0.5980650186538696
0.5710349678993225 0.5837859511375427
0.4931398630142212 0.5982961654663086
0.44537118077278137 0.5236473679542542
0.44526010751724243 0.6362025737762451
0.5070079565048218 0.6256167888641357
0.46479710936546326 0.562421441078186
0.4443865120410919 0.5735801458358765
0.5597449541091919 0.6141605377197266
0.5398247838020325 0.5750928521156311
0.4962378442287445 0.6262099146842957
0.47214511036872864 0.6025983691215515
0.4017190635204315 0.5885562896728516
0.44248995184898376 0.5488913059234619
0.539494514465332 0.5649777054786682
0.5527086853981018 0.6179519891738892
0.5197545886039734 0.5830600261688232
0.4011564254760742 0.5641294121742249
0.47764211893081665 0.5940703749656677
0.5045489072799683 0.5550372004508972
0.49725213646888733 0.5068715810775757
0.4852505028247833 0.5268997550010681
0.49535149335861206 0.6252152323722839
0.5340391397476196 0.6499991416931152
0.42956262826919556 0.5464417934417725
0.46117204427719116 0.6614612340927124
0.5203607082366943 0.6337966322898865
0.5172547101974487 0.5875166058540344
0.49085310101509094 0.6480633020401001
0.40222764015197754 0.5733335614204407
0.5175501108169556 0.5725187659263611
0.5548869371414185 0.6226342916488647
0.4265647232532501 0.5531750917434692
0.5437548756599426 0.5834424495697021
0.41461730003356934 0.5422036051750183
0.45509034395217896 0.5104848146438599
0.5507735013961792 0.5645866394042969
0.5181482434272766 0.6264092326164246
0.4630286395549774 0.5294543504714966
0.4794820249080658 0.5354273319244385
0.5572415590286255 0.6240462064743042
0.5273091793060303 0.6533755660057068
0.43086716532707214 0.579854428768158
0.5527700781822205 0.5992730259895325
0.46317222714424133 0.5981267094612122
0.4712459146976471 0.5373501181602478
0.44417980313301086 0.6430287957191467
0.5607980489730835 0.5830957889556885
0.5210862159729004 0.5358486175537109
0.48542624711990356 0.5262036323547363
0.4089594781398773 0.6164068579673767
0.45129144191741943 0.5623762607574463
0.47511765360832214 0.5210850238800049
0.4387243688106537 0.5355979204177856
0.42280441522598267 0.6367047429084778
0.5543375015258789 0.5913281440734863
0.4699994623661041 0.6000092029571533
0.5733867883682251 0.58883136510849
0.41506385803222656 0.5500279068946838
0.5050965547561646 0.5249634981155396
0.48754504323005676 0.5102702379226685
0.4605032801628113 0.570857048034668
0.5370978116989136 0.6497899889945984
0.4366961419582367 0.5817288756370544
0.42976871132850647 0.6388264298439026
0.48528051376342773 0.6170530915260315
0.4402872920036316 0.5774473547935486
0.4901702404022217 0.5285050272941589
0.5284392237663269 0.604867696762085
0.5104042291641235 0.5108418464660645
0.5409534573554993 0.5369059443473816
0.5489128232002258 0.6060310006141663
0.4135604500770569 0.5431152582168579
0.5005537271499634 0.5959072113037109
0.5321171879768372 0.6211205720901489
0.5412007570266724 0.6248491406440735
0.5235900282859802 0.5612110495567322
0.40974071621894836 0.5513606071472168
0.5672963261604309 0.5927414298057556
0.519010066986084 0.5627959370613098
0.43391740322113037 0.5237464904785156
0.4324822425842285 0.6267347931861877
0.5305154323577881 0.6382130980491638
0.4061007797718048 0.5765427350997925
0.4747731387615204 0.5935489535331726
0.4163033366203308 0.5528656244277954
0.45539626479148865 0.5389536023139954
0.517037570476532 0.6075916886329651
0.5301665663719177 0.6552804708480835
0.4047236144542694 0.6108075380325317
0.5288509726524353 0.5577743053436279
0.5080534815788269 0.5961389541625977
0.554175853729248 0.601769208908081
0.4628973603248596 0.5431286096572876
0.5404314398765564 0.5593692064285278
0.5578657984733582 0.6176120042800903
0.40838751196861267 0.5957309007644653
0.4954257309436798 0.6352311968803406
0.4525336027145386 0.615530252456665
0.4531777501106262 0.5504405498504639
0.5068482756614685 0.5360357761383057
0.5389763712882996 0.6419985294342041
0.5129339694976807 0.647854745388031
0.44353604316711426 0.6071770787239075
0.5058150291442871 0.6299213171005249
0.5070406794548035 0.5554563999176025
0.48635411262512207 0.6069165468215942
0.397964209318161 0.579677164554596
0.44870445132255554 0.6577640771865845
0.5368124842643738 0.6214817762374878
0.42579901218414307 0.6077397465705872
0.5405169129371643 0.5664827823638916
0.5741385221481323 0.5829404592514038
0.5397835373878479 0.5662649869918823
0.40438610315322876 0.5793128609657288
0.41316649317741394 0.6328204870223999
0.4659782946109772 0.632563054561615
0.5455069541931152 0.6052504181861877
0.514803409576416 0.5126522183418274
0.5124421715736389 0.5693494081497192
0.45902514457702637 0.5193193554878235
0.4543222486972809 0.6280853748321533
0.43605920672416687 0.6016322374343872
0.4520447254180908 0.5467609763145447
0.5039187669754028 0.6549861431121826
0.4631425440311432 0.5517063140869141
0.5293574333190918 0.6450908184051514
0.4268200993537903 0.5248825550079346
0.41276800632476807 0.6016392111778259
0.42737096548080444 0.5815807580947876
0.4928188621997833 0.6540526747703552
0.4421827793121338 0.5917057991027832
0.48360395431518555 0.6317347884178162
0.5003811120986938 0.5903013348579407
0.4721553325653076 0.6102586984634399
0.5377139449119568 0.5946322083473206
0.4729291498661041 0.524187445640564
0.4141193628311157 0.5546162128448486
0.5373538732528687 0.6279166340827942
0.44026610255241394 0.648529589176178
0.5283810496330261 0.6217896938323975
0.5185319781303406 0.5856158137321472
0.5407441854476929 0.544222891330719
0.4801183044910431 0.5143889784812927
0.4355238378047943 0.6395400762557983
0.5625825524330139 0.5862338542938232
0.47248995304107666 0.5696312785148621
0.41802850365638733 0.5934938192367554
0.4675478935241699 0.6429097652435303
0.5001781582832336 0.5324621200561523
0.550195038318634 0.5772228240966797
0.42569631338119507 0.6223604083061218
0.510684609413147 0.614790141582489
0.5059993863105774 0.5866555571556091
0.517471194267273 0.6339910626411438
0.568019449710846 0.582929790019989
0.40503010153770447 0.5845164656639099
0.462073415517807 0.5663377046585083
0.4087865352630615 0.5778121948242188
0.5007887482643127 0.6611185669898987
0.4131067097187042 0.5431108474731445
0.49053964018821716 0.6387689709663391
0.5449802875518799 0.632145345211029
0.5745199918746948 0.5840272307395935
0.5004509091377258 0.6194992661476135
0.47385746240615845 0.5708400011062622
0.45703426003456116 0.6021148562431335
0.5630100965499878 0.6125853061676025
0.5348130464553833 0.5903804302215576
0.422049343585968 0.5674386620521545
0.5432896614074707 0.576251745223999
0.5595496892929077 0.5955013036727905
0.5074833631515503 0.5741124153137207
0.5476938486099243 0.6373397707939148
0.5421176552772522 0.6008556485176086
0.41548675298690796 0.5800495147705078
0.5564841032028198 0.6130746603012085
0.5269718170166016 0.5861914753913879
0.402885377407074 0.5607569217681885
0.5290558934211731 0.6000128388404846
0.4447956681251526 0.6221274137496948
0.543124794960022 0.525931715965271
0.45431700348854065 0.6518009901046753
0.4225105941295624 0.5310611724853516
0.4106021523475647 0.5744194984436035
0.411651074886322 0.6309486627578735
0.4373123347759247 0.5212860107421875
0.45689430832862854 0.6317749619483948
0.4244266450405121 0.5296923518180847
0.5425198078155518 0.5245469212532043
0.4385067820549011 0.5616723299026489
0.4657481014728546 0.5625751614570618
0.5508223176002502 0.538452684879303
0.40542006492614746 0.5564785599708557
0.5278511643409729 0.6278868317604065
0.561574399471283 0.5970456600189209
0.5388818383216858 0.5924859642982483
0.4646003246307373 0.5292763710021973
0.4911246597766876 0.5238828063011169
0.45371198654174805 0.6403951048851013
0.45227521657943726 0.635581374168396
0.5491962432861328 0.6260790824890137
0.5423909425735474 0.5601418018341064
0.5137587785720825 0.5790414214134216
0.5435423851013184 0.6383140683174133
0.5214991569519043 0.5832666158676147
0.5067018866539001 0.5605554580688477
0.4201245903968811 0.6217865347862244
0.5044595003128052 0.5501078963279724
0.4469899833202362 0.6173930168151855
0.4926516115665436 0.5597254633903503
0.4549344778060913 0.5236756205558777
0.5643842816352844 0.5459050536155701
0.41776707768440247 0.5633823275566101
0.4112670421600342 0.6189711689949036
0.451619416475296 0.6590985059738159
0.49021756649017334 0.5162763595581055
0.5302353501319885 0.5809122323989868
0.4163384437561035 0.6336963772773743
0.4692628085613251 0.6489112377166748
0.5031760931015015 0.6197307705879211
0.512833297252655 0.537265419960022
0.513820230960846 0.6064361929893494
0.5521219372749329 0.5461799502372742
0.4093548357486725 0.6124932765960693
0.4541897773742676 0.5536555647850037
0.5255728960037231 0.5703266859054565
0.5692880153656006 0.5744682550430298
0.5090498924255371 0.5801417827606201
0.4492710828781128 0.6213917136192322
0.4424361288547516 0.6436859369277954
0.5580902695655823 0.5781798362731934
0.5556873679161072 0.547944188117981
0.5466127991676331 0.5309963822364807
0.5504229068756104 0.6004793047904968
0.4516967833042145 0.6134346127510071
0.46659594774246216 0.6148127317428589
0.46745941042900085 0.6023080945014954
0.4371928870677948 0.6094908714294434
0.49492955207824707 0.6097789406776428
0.41704919934272766 0.5723744630813599
0.4692102074623108 0.5829874277114868
0.40092408657073975 0.5947426557540894
0.4853117763996124 0.5740705132484436
0.3986263871192932 0.6032863855361938
0.4377591609954834 0.6240991950035095
0.5691224932670593 0.596706748008728
0.5331510901451111 0.6329234838485718
0.5060876607894897 0.5317721962928772
0.399013876914978 0.5825002789497375
0.5552981495857239 0.6231451034545898
0.5624744892120361 0.5898772478103638
0.44960731267929077 0.5148648023605347
0.5625733733177185 0.6087218523025513
0.458318829536438 0.6431322693824768
0.40008220076560974 0.6000819802284241
0.45429086685180664 0.5331367254257202
0.44656190276145935 0.5720073580741882
0.4418003559112549 0.5182498097419739
0.5623048543930054 0.5951091051101685
0.5035735368728638 0.6362400054931641
0.4368264377117157 0.587464451789856
0.5206922888755798 0.5801261067390442
0.4025499224662781 0.5783258676528931
0.45101770758628845 0.6079883575439453
0.5558984875679016 0.6302095055580139
0.40213003754615784 0.6136637330055237
0.3977280855178833 0.5949522256851196
0.4186449348926544 0.6382415294647217
0.43526068329811096 0.5912247896194458
0.42199140787124634 0.6270902156829834
0.42937013506889343 0.6349292993545532
0.4757898151874542 0.5520539879798889
0.5044002532958984 0.5248090624809265
0.455204576253891 0.6404998302459717
0.46747061610221863 0.5076406598091125
0.4900355339050293 0.5681142210960388
0.43872955441474915 0.5995339155197144
0.49761220812797546 0.5664584040641785
0.4939281642436981 0.572814404964447
0.4940687119960785 0.6672943830490112
0.4426552355289459 0.636633574962616
0.5424468517303467 0.6286434531211853
0.40201085805892944 0.5892138481140137
0.4876941442489624 0.5521663427352905
0.4749416708946228 0.507879912853241
0.4540661871433258 0.5203109383583069
0.49680253863334656 0.6312719583511353
0.5459492802619934 0.5805769562721252
0.46571093797683716 0.5973736047744751
0.509372353553772 0.5628895163536072
0.4963797628879547 0.6557256579399109
0.5392979979515076 0.5223826169967651
0.4237639904022217 0.6169020533561707
0.5726770758628845 0.5915060639381409
0.5608279705047607 0.5921514630317688
0.46252238750457764 0.5481255650520325
0.530428409576416 0.5713363289833069
0.534506618976593 0.5238214135169983
0.5311319231987 0.6155601143836975
0.4675407409667969 0.5824345946311951
0.42069289088249207 0.6087402701377869
0.39910686016082764 0.5910136103630066
0.5417289137840271 0.6024253368377686
0.4194636046886444 0.5435442924499512
0.46913835406303406 0.6522620320320129
0.4969279170036316 0.6628383994102478
0.5495675802230835 0.5726728439331055
0.42654770612716675 0.5984179377555847
0.4268907904624939 0.529353678226471
0.5339217782020569 0.6270177960395813
0.5217565298080444 0.6043606400489807
0.558204174041748 0.5434287190437317
0.44207578897476196 0.5898705124855042
0.4141920506954193 0.5868586897850037
0.48122984170913696 0.5299465656280518
0.5660353302955627 0.5745474100112915
0.5495688915252686 0.560312807559967
0.42452776432037354 0.5456101298332214
0.40169262886047363 0.6101463437080383
0.5629844069480896 0.5887166857719421
0.5651692748069763 0.6009971499443054
0.4550135135650635 0.6439679861068726
0.5395030975341797 0.5908902883529663
0.44367846846580505 0.6545255184173584
0.5360375642776489 0.5341522097587585
0.5442765951156616 0.6044327020645142
0.40319377183914185 0.5770431756973267
0.5299476981163025 0.6118470430374146
0.4148164987564087 0.5458289384841919
0.5344383716583252 0.5769041776657104
0.4728414714336395 0.6451935768127441
0.4261673390865326 0.5783342123031616
0.4146616756916046 0.620476484298706
0.5625292062759399 0.5492540001869202
0.46851158142089844 0.633461058139801
0.5520698428153992 0.603084921836853
0.5027862787246704 0.6173704266548157
0.5225654244422913 0.5271144509315491
0.4213831126689911 0.5343625545501709
0.39960354566574097 0.573448657989502
0.4428313374519348 0.6074893474578857
0.41602692008018494 0.5500092506408691
0.41080379486083984 0.5560479760169983
0.4179370403289795 0.6214073896408081
0.3996964693069458 0.5738977193832397
0.43632280826568604 0.5417641997337341
0.5145670175552368 0.5841377377510071
0.5225091576576233 0.639076292514801
0.45445549488067627 0.5768143534660339
0.5049518346786499 0.6068992018699646
0.44604936242103577 0.5190986394882202
0.5403652191162109 0.5646762847900391
0.5119802951812744 0.5265365839004517
0.5398789644241333 0.621264636516571
0.4542604386806488 0.6005879044532776
0.5220894813537598 0.6465619206428528
0.4048978090286255 0.6187528967857361
0.5621525645256042 0.5451287627220154
0.4438292384147644 0.6558721661567688
0.5326019525527954 0.6438984274864197
0.42354243993759155 0.5538691878318787
0.4454957842826843 0.6286154389381409
0.4989270269870758 0.6269863843917847
0.4152015745639801 0.6005342602729797
0.5682324171066284 0.6020875573158264
0.4027446210384369 0.563764750957489
0.5574305653572083 0.5668702721595764
0.4555230140686035 0.6115622520446777
0.5432435274124146 0.612382709980011
0.48045969009399414 0.5732290148735046
0.47633638978004456 0.635478138923645
0.42300620675086975 0.5734031200408936
0.4224483072757721 0.5913159847259521
0.5366401672363281 0.6324805617332458
0.43488287925720215 0.53321373462677
0.5107870101928711 0.6635636687278748
0.529750406742096 0.5517435669898987
0.4634535014629364 0.5062428116798401
0.4492029845714569 0.6233241558074951
0.5075916647911072 0.5488777160644531
0.4526844024658203 0.64792400598526
0.4116896688938141 0.60422283411026
0.43025025725364685 0.5817385315895081
0.49726271629333496 0.5396435260772705
0.41668152809143066 0.5574093461036682
0.5100729465484619 0.5670143365859985
0.4158942699432373 0.5906037092208862
0.48833927512168884 0.6420159935951233
0.5098991990089417 0.622647762298584
0.5048608183860779 0.5768168568611145
0.43640971183776855 0.5360310673713684
0.47758111357688904 0.5054178833961487
0.5274134278297424 0.5589582920074463
0.41448816657066345 0.6301409006118774
0.5705614686012268 0.5708332061767578
0.5313916802406311 0.588392972946167
0.5014063715934753 0.5756732225418091
0.4505195915699005 0.6275253295898438
0.4919627904891968 0.5661535263061523
0.421311616897583 0.5330963134765625
0.44241786003112793 0.550844669342041
0.5118630528450012 0.508064866065979
0.4450865089893341 0.5603618025779724
0.5098889470100403 0.5468460321426392
0.5172086358070374 0.5970661044120789
0.45709872245788574 0.592928946018219
0.42147019505500793 0.629130482673645
0.5263582468032837 0.5849835276603699
0.5550300478935242 0.6056427359580994
0.5040305852890015 0.6483911275863647
0.4134840667247772 0.5776751041412354
0.4236833155155182 0.6296513676643372
0.4687136113643646 0.5863621234893799
0.47439950704574585 0.5512048006057739
0.5416515469551086 0.5819796919822693
0.4895453453063965 0.5926461815834045
0.49601417779922485 0.5908684730529785
0.528621256351471 0.596504271030426
0.5000615119934082 0.5221340656280518
0.48979201912879944 0.5985726714134216
0.4856034219264984 0.624079704284668
0.406888872385025 0.6114861965179443
0.48560819029808044 0.5979907512664795
0.42180103063583374 0.5300092697143555
0.4683893918991089 0.5684720873832703
0.49418675899505615 0.5240304470062256
0.448141872882843 0.5126101970672607
0.44708919525146484 0.5732749104499817
0.44841673970222473 0.5152810215950012
0.4603438973426819 0.5275405645370483
0.5135312676429749 0.6356538534164429
0.4763009250164032 0.6015674471855164
0.409820556640625 0.570592999458313
0.44177713990211487 0.6316899061203003
0.46595385670661926 0.5599713921546936
0.5620942115783691 0.6145945191383362
0.5541470050811768 0.6249147653579712
0.5435154438018799 0.5861237049102783
0.4403907358646393 0.6323228478431702
0.43664732575416565 0.549633800983429
0.4496496915817261 0.5130645632743835
0.5249854922294617 0.5229097008705139
0.4579082727432251 0.6619869470596313
0.4541037976741791 0.5352818965911865
0.5322039127349854 0.6293827295303345
0.43047603964805603 0.6025734543800354
0.44564366340637207 0.601067841053009
0.5543085932731628 0.592560887336731
0.42901939153671265 0.5463929176330566
0.5451768636703491 0.5694906711578369
0.5303465723991394 0.5511246919631958
0.47643396258354187 0.5088919401168823
0.5262941122055054 0.6119004487991333
0.5298795700073242 0.6381558179855347
0.5656548738479614 0.589866578578949
0.4140755534172058 0.5821599960327148
0.452761173248291 0.5848429799079895
0.49330124258995056 0.578304648399353
0.41398414969444275 0.6015262603759766
0.44212475419044495 0.5624645948410034
0.4143649637699127 0.5804551243782043
0.5654602646827698 0.5881398916244507
0.45847195386886597 0.5504717230796814
0.518153190612793 0.6121645569801331
0.47174814343452454 0.5724020004272461
0.5529686808586121 0.6139172911643982
0.5190306901931763 0.564600944519043
0.503418505191803 0.5963784456253052
0.4235094487667084 0.6208394765853882
0.5387739539146423 0.5487781167030334
0.4203103482723236 0.540340006351471
0.4498235583305359 0.5238391160964966
0.40728527307510376 0.6215928792953491
0.5208810567855835 0.5562679171562195
0.5093856453895569 0.6275564432144165
0.4273863732814789 0.525790810585022
0.5614055395126343 0.5942582488059998
0.5455847978591919 0.6050978302955627
0.5290535092353821 0.646339476108551
0.4490710198879242 0.5548499226570129
0.4582987427711487 0.5153461694717407
0.46463871002197266 0.5394442081451416
0.4811570644378662 0.5725683569908142
0.42173659801483154 0.572630763053894
0.49768924713134766 0.6254367232322693
0.5471507906913757 0.5410172343254089
0.5535618662834167 0.5981550216674805
0.4213675558567047 0.5840696096420288
0.422506183385849 0.5335974097251892
0.5396909117698669 0.5255039930343628
0.5043261051177979 0.5169720649719238
0.48826441168785095 0.5723251104354858
0.44742608070373535 0.6016084551811218
0.4468723237514496 0.5687790513038635
0.4784974455833435 0.5190779566764832
0.4738442003726959 0.5218489766120911
0.47260454297065735 0.5493356585502625
0.4524626135826111 0.5147138237953186
0.42503300309181213 0.6322882175445557
0.475504994392395 0.6300992965698242
0.5205739736557007 0.5849080681800842
0.5357778072357178 0.5994297862052917
0.5581871271133423 0.6248577833175659
0.42147743701934814 0.5661610960960388
0.5025607347488403 0.60572749376297
0.43098628520965576 0.5213876962661743
0.4722805619239807 0.5598888397216797
0.46440115571022034 0.5322732329368591
0.4703441858291626 0.5108228921890259
0.5380544662475586 0.5960151553153992
0.46487170457839966 0.5454167723655701
0.41496768593788147 0.5385149717330933
0.4346907436847687 0.5481849908828735
0.5672083497047424 0.561500072479248
0.47401511669158936 0.6146018505096436
0.43891641497612 0.6516797542572021
0.5291314125061035 0.5597001314163208
0.5270892381668091 0.6390188932418823
0.4561179578304291 0.6279259920120239
0.5319900512695312 0.5649647116661072
0.5217310786247253 0.5818569660186768
0.4929216802120209 0.5803139209747314
0.5337685346603394 0.6089544892311096
0.44263485074043274 0.5844966173171997
0.5403667688369751 0.5756474137306213
0.4740748405456543 0.6358750462532043
0.47338706254959106 0.5288718938827515
0.40335047245025635 0.6073355674743652
0.5517051219940186 0.6097549796104431
0.5039913654327393 0.6001781225204468
0.434337317943573 0.6478894948959351
0.5320724248886108 0.5889479517936707
0.4753585457801819 0.5537299513816833
0.4554024636745453 0.5758404731750488
0.5464673638343811 0.5452240109443665
0.46114635467529297 0.5533205270767212
0.45603978633880615 0.5663111805915833
0.45629727840423584 0.5139346122741699
0.47309350967407227 0.5676569938659668
0.5484139919281006 0.5401002764701843
0.45792368054389954 0.5854564905166626
0.423971951007843 0.5951293110847473
0.4666944444179535 0.5450778007507324
0.3991839587688446 0.5997191071510315
0.4334203600883484 0.57194584608078
0.5185855031013489 0.651298999786377
0.4238111674785614 0.600566565990448
0.44053032994270325 0.5494287014007568
0.39845210313796997 0.5797246694564819
0.5279262661933899 0.5542875528335571
0.4977984130382538 0.6024698615074158
0.560786247253418 0.6079344153404236
0.5452814698219299 0.5524668097496033
0.5005056262016296 0.5540929436683655
0.5278914570808411 0.601094126701355
0.40564483404159546 0.5691739916801453
0.4291287362575531 0.6026567816734314
0.49983924627304077 0.5623250007629395
0.48301953077316284 0.5709348917007446
0.5024617910385132 0.5389578342437744
0.5047129988670349 0.5825654864311218
0.5424907803535461 0.6178467273712158
0.5719197988510132 0.5832240581512451
0.5068173408508301 0.5792830586433411
0.4172642230987549 0.6216586232185364
0.5298991799354553 0.5982500314712524
0.42965462803840637 0.5770136713981628
0.5246115326881409 0.6294472217559814
0.4018051326274872 0.5697667598724365
0.40735137462615967 0.603606104850769
0.417986124753952 0.605117678642273
0.5645692348480225 0.5868845582008362
0.5686895251274109 0.6020758152008057
0.43570050597190857 0.5523858070373535
0.5321353077888489 0.6215750575065613
0.5042839646339417 0.611059308052063
0.5014007687568665 0.5901227593421936
0.40882769227027893 0.5571708083152771
0.4903672933578491 0.566157341003418
0.4665444493293762 0.5653250217437744
0.42599135637283325 0.5333185195922852
0.43077337741851807 0.55892413854599
0.4835071265697479 0.6541390419006348
0.4460921287536621 0.5218676924705505
0.5412419438362122 0.5623922944068909
0.43610742688179016 0.5594910979270935
0.5024173259735107 0.6597070693969727
0.4493991434574127 0.5673297643661499
0.540632963180542 0.5600478053092957
0.42540082335472107 0.5650345683097839
0.4450421631336212 0.5342532396316528
0.5125604867935181 0.5275596380233765
0.5614449977874756 0.6097203493118286
0.5283457040786743 0.63108891248703
0.5009921789169312 0.6187102794647217
0.43120381236076355 0.6323601603507996
0.4457411468029022 0.549562931060791
0.47746026515960693 0.5294665694236755
0.4389896094799042 0.5692160129547119
0.47491711378097534 0.5581038594245911
0.3986934721469879 0.5767488479614258
0.42857176065444946 0.5611284971237183
0.4410589039325714 0.5531449317932129
0.5575729012489319 0.58106929063797
0.41541123390197754 0.634812593460083
0.524599015712738 0.5558962225914001
0.407482385635376 0.6025798916816711
0.4903024137020111 0.6142078042030334
0.4660300314426422 0.6528750658035278
0.5720813870429993 0.5889940857887268
0.48553356528282166 0.595381498336792
0.4931577444076538 0.5946401357650757
0.5237551331520081 0.5474841594696045
0.5362975001335144 0.5813320279121399
0.4480501115322113 0.6275743246078491
0.505730926990509 0.6630221605300903
0.5669854879379272 0.5760552883148193
0.4045403003692627 0.5619422793388367
0.5082694292068481 0.5597053170204163
0.49211376905441284 0.5240402817726135
0.44257572293281555 0.5464116930961609
0.4892548620700836 0.6266923546791077
0.4164698123931885 0.5629881024360657
0.45664265751838684 0.5965374708175659
0.4214499294757843 0.5738871693611145
0.5703036189079285 0.594290554523468
0.5246548056602478 0.6428497433662415
0.5048599243164062 0.6376683115959167
0.3993709683418274 0.5895693302154541
0.46302053332328796 0.5463823676109314
0.4233098328113556 0.5880719423294067
0.5714923143386841 0.5932748317718506
0.477955162525177 0.5330678820610046
0.44997739791870117 0.5337038636207581
0.4854898452758789 0.5446978807449341
0.48410627245903015 0.5230386257171631
0.4328029155731201 0.613982617855072
0.5253939032554626 0.6227436661720276
0.5010359287261963 0.515716552734375
0.4939638376235962 0.642715573310852
0.49794867634773254 0.5247060060501099
0.4976092278957367 0.6143069863319397
0.5023764371871948 0.5519159436225891
0.5148311853408813 0.520113468170166
0.5587192177772522 0.5554050207138062
0.4030146598815918 0.5677914619445801
0.5698676109313965 0.5874704122543335
0.4354378879070282 0.6020403504371643
0.538763165473938 0.5848164558410645
0.41867560148239136 0.5718924403190613
0.5378134250640869 0.5325430035591125
0.46863678097724915 0.527914822101593
0.4009803235530853 0.5754761695861816
0.4065966308116913 0.5961935520172119
0.5078625679016113 0.597470223903656
0.5139473676681519 0.5441765189170837
0.507948100566864 0.6657583117485046
0.5348283648490906 0.5545545816421509
0.5243366956710815 0.6556186676025391
0.4406183362007141 0.5429476499557495
0.4735126197338104 0.5331974625587463
0.4805353283882141 0.5779212117195129
0.416610985994339 0.6201366186141968
0.5123263597488403 0.5070082545280457
0.4565719664096832 0.6447988152503967
0.5502014756202698 0.5902884602546692
0.573590874671936 0.5802023410797119
0.47504526376724243 0.5364022254943848
0.4119572341442108 0.5623036623001099
0.543682336807251 0.5383794903755188
0.4927717447280884 0.559985876083374
0.4488045871257782 0.5938134789466858
0.5039086937904358 0.6253002882003784
0.41555020213127136 0.5974624752998352
0.4363943934440613 0.5870367884635925
0.4435116946697235 0.6272114515304565
0.4154605269432068 0.6132497191429138
0.4190402626991272 0.6373947858810425
0.4434780776500702 0.604965329170227
0.4382677972316742 0.6526762247085571
0.5578154921531677 0.5623928904533386
0.4857347309589386 0.5423068404197693
0.5637050867080688 0.5819610953330994
0.4244243800640106 0.5523241758346558
0.522092878818512 0.5498046278953552
0.5093172192573547 0.5547637343406677
0.5657309293746948 0.5844584703445435
0.5010404586791992 0.5311838984489441
0.49693402647972107 0.5812203288078308
0.463776171207428 0.5434682965278625
0.416748970746994 0.6151475310325623
0.45396339893341064 0.6150603890419006
0.43726927042007446 0.6314241886138916
0.4644681215286255 0.5059862732887268
0.4807104766368866 0.5992928147315979
0.4884868264198303 0.5988302826881409
0.43361321091651917 0.5230212211608887
0.4946393072605133 0.6295179128646851
0.41697534918785095 0.5873357653617859
0.4060860872268677 0.5549715161323547
0.5178424119949341 0.6640633344650269
0.50182044506073 0.6463027596473694
0.5574498772621155 0.5985180735588074
0.5318536758422852 0.5796543955802917
0.4973297417163849 0.6355878710746765
0.4684239625930786 0.6016458868980408
0.45131954550743103 0.6200144290924072
0.5328455567359924 0.6049635410308838
0.41180071234703064 0.6274242401123047
0.41157934069633484 0.5859254002571106
0.47797250747680664 0.5842270851135254
0.40193337202072144 0.5687897801399231
0.4604901671409607 0.6009342074394226
0.42904189229011536 0.6453932523727417
0.5030563473701477 0.6216005682945251
0.43315091729164124 0.5847022533416748
0.505963146686554 0.636677622795105
0.4485631585121155 0.5365474820137024
0.5315473079681396 0.5195877552032471
0.5705220699310303 0.5805761814117432
0.5117141604423523 0.5128815174102783
0.3975094258785248 0.5903655886650085
0.4774854779243469 0.5762326717376709
0.5413802862167358 0.630413830280304
0.525611162185669 0.626936674118042
0.4885614514350891 0.5294080376625061
0.5205782651901245 0.6226692795753479
0.45207762718200684 0.5547580122947693
0.5455702543258667 0.644432008266449
0.5695973038673401 0.6005117297172546
0.45976758003234863 0.6020896434783936
0.47438323497772217 0.5617130994796753
0.5197732448577881 0.6459752917289734
0.4388241469860077 0.618611752986908
0.4205763638019562 0.5548191070556641
0.4895593822002411 0.633220374584198
0.40687671303749084 0.5661759972572327
0.551794171333313 0.6186606287956238
0.5503022074699402 0.6274357438087463
0.424853652715683 0.5677156448364258
0.5622355341911316 0.5560591816902161
0.5020041465759277 0.6334723830223083
0.550273597240448 0.5914557576179504
0.4989161193370819 0.5840674042701721
0.44639816880226135 0.6392966508865356
0.48865869641304016 0.518311083316803
0.5225682258605957 0.5857201814651489
0.40057146549224854 0.5751532316207886
0.5564519762992859 0.6124686598777771
0.480546236038208 0.5184539556503296
0.563539445400238 0.5966578125953674
0.5124953985214233 0.5901805758476257
0.5215409398078918 0.643082320690155
0.5239961743354797 0.5660202503204346
0.44715628027915955 0.6146084666252136
0.4509257674217224 0.6085924506187439
0.5264336466789246 0.5415942668914795
0.46591106057167053 0.634519100189209
0.4407183825969696 0.5290387272834778
0.48247456550598145 0.5332067608833313
0.5668459534645081 0.5608645081520081
0.4924390912055969 0.5124096274375916
0.5354953408241272 0.5452938079833984
0.5276243686676025 0.5693326592445374
0.5484667420387268 0.6345409750938416
0.574425995349884 0.5840888023376465
0.46534985303878784 0.5453490614891052
0.5463700890541077 0.529301643371582
0.5284274816513062 0.6051838994026184
0.43505042791366577 0.5271989107131958
0.3986847996711731 0.5776597857475281
0.4914289116859436 0.5994969010353088
0.5436292290687561 0.547970712184906
0.42287054657936096 0.6158190965652466
0.5533132553100586 0.6137787103652954
0.4173731505870819 0.615277886390686
0.4079531729221344 0.5776898264884949
0.48739850521087646 0.6386591196060181
0.4419572055339813 0.5627064108848572
0.5319055914878845 0.5521957874298096
0.5716017484664917 0.5806381106376648
0.41145530343055725 0.5958226323127747
0.40974780917167664 0.6081607937812805
0.4196762144565582 0.5951329469680786
0.4222429096698761 0.5346066951751709
0.5390862226486206 0.5851569771766663
0.5047773122787476 0.6277979612350464
0.52384352684021 0.5214338898658752
0.5360941886901855 0.5407262444496155
0.4921407699584961 0.515776515007019
0.5287187695503235 0.5258108377456665
0.5722427368164062 0.5935405492782593
0.454898476600647 0.5587462782859802
0.42545026540756226 0.6170809864997864
0.5035427212715149 0.6033766865730286
0.4325769543647766 0.6299563646316528
0.5166372060775757 0.5898609161376953
0.5708870887756348 0.5973928570747375
0.4875296354293823 0.5815099477767944
0.4975956082344055 0.5813040137290955
0.4482126235961914 0.5646939873695374
0.45455724000930786 0.5168928503990173
0.4905107319355011 0.5377225279808044
0.5654734969139099 0.5489706993103027
0.4211515188217163 0.6288871169090271
0.4522479176521301 0.5314003229141235
0.42053839564323425 0.5726016759872437
0.4052211046218872 0.6142314076423645
0.5558911561965942 0.5978953838348389
0.5020798444747925 0.5818713903427124
0.5606256723403931 0.5804445743560791
0.4429894685745239 0.5126644372940063
0.4096422493457794 0.5742907524108887
0.5597731471061707 0.5497087240219116
0.4069867730140686 0.6012997627258301
0.47474405169487 0.5994713306427002
0.49017655849456787 0.557684063911438
0.5276387333869934 0.6050240993499756
0.39979875087738037 0.5976517796516418
0.4229241609573364 0.5317232012748718
0.571491003036499 0.5741212368011475
0.45459070801734924 0.5467124581336975
0.5171319842338562 0.511216402053833
0.4017951488494873 0.5838739275932312
0.4330965280532837 0.59242182970047
0.5594539642333984 0.620301365852356
0.5258864164352417 0.6385765075683594
0.491719126701355 0.6222479939460754
0.45927685499191284 0.5222485065460205
0.5515660643577576 0.6300315856933594
0.40523263812065125 0.5569667220115662
0.5651410222053528 0.5510957837104797
0.404880166053772 0.5546705722808838
0.5589014887809753 0.5665912628173828
0.5386934280395508 0.6463789343833923
0.41729602217674255 0.5343559980392456
0.4694485664367676 0.5963675379753113
0.5229315757751465 0.5544980764389038
0.5090856552124023 0.5402424931526184
0.4003727436065674 0.5801718831062317
0.428391695022583 0.6050447821617126
0.47078368067741394 0.5286126732826233
0.45262354612350464 0.5462719202041626
0.5009192228317261 0.6006252765655518
0.47232821583747864 0.6295258402824402
0.4175346791744232 0.5940662622451782
0.4029484689235687 0.6044042110443115
0.41933056712150574 0.5986097455024719
0.4468218982219696 0.5251812934875488
0.42656463384628296 0.5734854936599731
0.5052784085273743 0.6177827715873718
0.4843454957008362 0.6051508784294128
0.42862468957901 0.6119745969772339
0.49329128861427307 0.6112551093101501
0.4182467460632324 0.5768124461174011
0.5141602754592896 0.5806677937507629
0.4105517268180847 0.616790235042572
0.47754254937171936 0.5961837768554688
0.5634110569953918 0.6036720871925354
0.547534704208374 0.6023750305175781
0.4360058307647705 0.5495049953460693
0.4876813590526581 0.5671285390853882
0.4593179225921631 0.5094900131225586
0.5417575836181641 0.537505030632019
0.5374963879585266 0.6051496267318726
0.4616380035877228 0.6009864211082458
0.4487626850605011 0.5388761758804321
0.46399977803230286 0.6616352796554565
0.43537354469299316 0.5463917851448059
0.55795818567276 0.5940591096878052
0.5085906982421875 0.5322955846786499
0.4126725196838379 0.6037839651107788
0.48097720742225647 0.5113859176635742
0.40606167912483215 0.5583291053771973
0.4824025332927704 0.5609102249145508
0.52705979347229 0.5658895969390869
0.5631062984466553 0.5594407916069031
0.4245394468307495 0.6119896173477173
0.42060551047325134 0.5642302632331848
0.5326052904129028 0.6199128031730652
0.5293853282928467 0.6038615703582764
0.48651909828186035 0.5054577589035034
0.5344647169113159 0.6059257388114929
0.5050198435783386 0.6066918969154358
0.5106838345527649 0.5112572312355042
0.47412362694740295 0.5354084372520447
0.4462711811065674 0.608538031578064
0.4773005247116089 0.6255680322647095
0.47820308804512024 0.5184621810913086
0.49346795678138733 0.5368958115577698
0.4110943675041199 0.5515097379684448
0.5528354644775391 0.5607392191886902
0.4065554738044739 0.611234724521637
0.5650028586387634 0.5946647524833679
0.41638699173927307 0.5897011756896973
0.4603622257709503 0.5858253836631775
0.4291551113128662 0.595583438873291
0.5669598579406738 0.6010236144065857
0.5349270105361938 0.6117187142372131
0.48575645685195923 0.5576097965240479
0.4933546185493469 0.5762282609939575
0.4951825439929962 0.6305962800979614
0.48700860142707825 0.580785870552063
0.564245343208313 0.5455876588821411
0.5550472140312195 0.583440363407135
0.46802738308906555 0.5644528865814209
0.524335503578186 0.5973269939422607
0.4875161945819855 0.5622515082359314
0.4621155560016632 0.6006073355674744
0.5255418419837952 0.5386705994606018
0.4162719249725342 0.6130473613739014
0.4201195538043976 0.5624980330467224
0.5103309750556946 0.5794526934623718
0.5512248873710632 0.5574061274528503
0.4468304216861725 0.6274548768997192
0.4258694052696228 0.6416859030723572
0.47817307710647583 0.5205246806144714
0.40797948837280273 0.551965594291687
0.4857441186904907 0.6186588406562805
0.5207147002220154 0.6102100014686584
0.48671096563339233 0.5064127445220947
0.4975700080394745 0.6106776595115662
0.4725959002971649 0.5888023972511292
0.41381654143333435 0.5464074611663818
0.4357762634754181 0.5861595273017883
0.4022526741027832 0.5946069359779358
0.5378726720809937 0.6001363396644592
0.5099377632141113 0.6298902034759521
0.49425172805786133 0.597992479801178
0.4599911868572235 0.6432957053184509
0.5055376291275024 0.6002460718154907
0.5323593616485596 0.6486480832099915
0.49074772000312805 0.5508936643600464
0.55259770154953 0.6044498085975647
0.5052825808525085 0.56977379322052
0.44979962706565857 0.6033247113227844
0.47367098927497864 0.5468795299530029
0.421586275100708 0.6175587177276611
0.5142092704772949 0.5170904397964478
0.5216096043586731 0.5381350517272949
0.4237236976623535 0.6150448322296143
0.5630710124969482 0.5479869842529297
0.44833552837371826 0.617828905582428
0.5619743466377258 0.5727981328964233
0.44382762908935547 0.6534660458564758
0.5548045039176941 0.6125006675720215
0.5519638061523438 0.5869139432907104
0.5593419075012207 0.5783583521842957
0.5114480257034302 0.5156399011611938
0.5735316276550293 0.5895318984985352
0.4740799367427826 0.5351691842079163
0.5161587595939636 0.648303210735321
0.487214595079422 0.6380137801170349
0.40512511134147644 0.6195312142372131
0.5057806372642517 0.6065601110458374
0.48813337087631226 0.6226621270179749
0.4079784154891968 0.6136302351951599
0.49041926860809326 0.5082529783248901
0.5461016893386841 0.5489879250526428
0.4030088484287262 0.6089298725128174
0.5612723231315613 0.580754280090332
0.4858410358428955 0.5865334272384644
0.4918615520000458 0.5619601607322693
0.5512298941612244 0.6301469802856445
0.4655829071998596 0.6626101732254028
0.40937942266464233 0.6138384938240051
0.5069172978401184 0.5579825639724731
0.5092957615852356 0.5435388684272766
0.5676257610321045 0.548455536365509
0.5412057638168335 0.5773645043373108
0.5675395131111145 0.5768691897392273
0.4849095940589905 0.6055892109870911
0.44914406538009644 0.5943683981895447
0.43369260430336 0.5519574284553528
0.5273276567459106 0.5872635841369629
0.40048348903656006 0.5784986019134521
0.5155771374702454 0.5589276552200317
0.4339277744293213 0.5884302258491516
0.47129160165786743 0.518235445022583
0.40416863560676575 0.5678691267967224
0.39962494373321533 0.5877929925918579
0.4807656705379486 0.6310169696807861
0.4419364035129547 0.645689845085144
0.567283570766449 0.5887464284896851
0.4237499237060547 0.6301987171173096
0.40001484751701355 0.569921612739563
0.571951150894165 0.5814710259437561
0.5139714479446411 0.5302738547325134
0.5176960229873657 0.5949089527130127
0.4848283529281616 0.5737072825431824
0.42118459939956665 0.6246156692504883
0.46375393867492676 0.5538453459739685
0.48504361510276794 0.5892113447189331
0.454255074262619 0.5187222957611084
0.466476172208786 0.5381847620010376
0.44362667202949524 0.5861504077911377
0.47768479585647583 0.6235240697860718
0.42610201239585876 0.6266385316848755
0.5296783447265625 0.5285530090332031
0.5656299591064453 0.5854400992393494
0.4782983660697937 0.6153889298439026
0.5177740454673767 0.5285254716873169
0.4748248755931854 0.6209526062011719
0.4669601321220398 0.6464276909828186
0.5631812810897827 0.587280809879303
0.4732109308242798 0.5781669020652771
0.4480910897254944 0.5875648260116577
0.45741114020347595 0.5672702193260193
0.45244958996772766 0.6318008303642273
0.5104600787162781 0.5158456563949585
0.47711285948753357 0.5626861453056335
0.40403008460998535 0.5797079205513
0.48911991715431213 0.605932354927063
0.5060145258903503 0.6643528938293457
0.49531495571136475 0.562501072883606
0.4037278890609741 0.6104611754417419
0.5290309190750122 0.5737461447715759
0.4211324155330658 0.5655299425125122
0.5145276188850403 0.5867295861244202
0.512683093547821 0.5813210010528564
0.4178747236728668 0.575831949710846
0.4565867483615875 0.5920163989067078
0.5551903247833252 0.5544714331626892
0.475888192653656 0.5997598171234131
0.4522961974143982 0.6101759672164917
0.4821614623069763 0.6357355117797852
0.5547051429748535 0.5715834498405457
0.44391724467277527 0.6065627932548523
0.41974660754203796 0.5786605477333069
0.5045477747917175 0.5564653277397156
0.557642936706543 0.5842735767364502
0.43010851740837097 0.6440343856811523
0.4030808210372925 0.5921761393547058
0.4916248023509979 0.6669711470603943
0.482675164937973 0.5245667099952698
0.4612565040588379 0.5304906964302063
0.48281729221343994 0.6551809906959534
0.5123010277748108 0.5454781651496887
0.5700250267982483 0.5999667048454285
0.5349829196929932 0.5261568427085876
0.4342040419578552 0.6014063358306885
0.4596465528011322 0.5117805004119873
0.4448646008968353 0.5518946647644043
0.5240855813026428 0.5496466159820557
0.4151344299316406 0.5804057717323303
0.5590009093284607 0.5461621880531311
0.5066589713096619 0.545793890953064
0.4444749653339386 0.6283372044563293
0.4791504740715027 0.5777894854545593
0.4576558470726013 0.541430652141571
0.5011783838272095 0.661514163017273
0.49306803941726685 0.6500640511512756
0.5687589645385742 0.5827505588531494
0.49288928508758545 0.663497805595398
0.40743690729141235 0.6233358979225159
0.456814169883728 0.5742360949516296
0.4283697009086609 0.5424891710281372
0.5039576292037964 0.612510621547699
0.43057188391685486 0.5946415066719055
0.4082481265068054 0.5577794313430786
0.5337972044944763 0.5825760364532471
0.4175263047218323 0.5773825645446777
0.42862632870674133 0.6375303864479065
0.5096954703330994 0.6114029884338379
0.5640825033187866 0.6109793186187744
0.39782965183258057 0.5837490558624268
0.42068010568618774 0.5994189977645874
0.5458614230155945 0.5747211575508118
0.4397745132446289 0.6182633638381958
0.5321924090385437 0.6499264240264893
0.44181519746780396 0.6546870470046997
0.42863979935646057 0.6221871376037598
0.42036712169647217 0.5729473829269409
0.47908321022987366 0.666104793548584
0.40566807985305786 0.5638936161994934
0.5221324563026428 0.5759580135345459
0.4025033116340637 0.5897188186645508
0.4635620415210724 0.5601311922073364
0.43246638774871826 0.6104695200920105
0.5340999364852905 0.5783179998397827
0.40802037715911865 0.5873321294784546
0.4223407506942749 0.5377324223518372
0.4667513370513916 0.6286191940307617
0.49931657314300537 0.6450550556182861
0.4973714053630829 0.6447701454162598
0.40471330285072327 0.602700412273407
0.5620139837265015 0.5967037081718445
0.5724183320999146 0.5740482807159424
0.433395117521286 0.569998562335968
0.5309610366821289 0.6091540455818176
0.45150241255760193 0.5871902704238892
0.46210798621177673 0.513134241104126
0.5124228596687317 0.5976333022117615
0.45846763253211975 0.5293784737586975
0.42192551493644714 0.568779468536377
0.4428044557571411 0.5644217729568481
0.4217641353607178 0.6328750252723694
0.5130581259727478 0.6373298764228821
0.5311442017555237 0.5545045733451843
0.519437313079834 0.60162353515625
0.4650251269340515 0.5353021025657654
0.4785570502281189 0.5421904921531677
0.5667515993118286 0.5688544511795044
0.5727362632751465 0.574562132358551
0.5085177421569824 0.5516208410263062
0.5357423424720764 0.5196114182472229
0.41824576258659363 0.5329526662826538
0.4134279489517212 0.5995230078697205
0.42183899879455566 0.553348183631897
0.47264963388442993 0.584971010684967
0.5214086174964905 0.5922922492027283
0.5686481595039368 0.5771068334579468
0.4439380168914795 0.5418193936347961
0.5520768165588379 0.5444827079772949
0.5742076635360718 0.584433376789093
0.5178316831588745 0.5852553248405457
0.5360999703407288 0.5958853363990784
0.5339704155921936 0.5299745202064514
0.45799708366394043 0.6537775993347168
0.5561354160308838 0.5395345687866211
0.46324825286865234 0.6025097966194153
0.4558042585849762 0.5817766189575195
0.41932064294815063 0.5409178733825684
0.42138591408729553 0.580559253692627
0.4176154136657715 0.6304774880409241
0.5369808673858643 0.5774698257446289
0.5259115695953369 0.630571186542511
0.5469497442245483 0.6138944625854492
0.5569444298744202 0.6135602593421936
0.49252480268478394 0.6242119073867798
0.4455146789550781 0.6020050048828125
0.573559582233429 0.5877229571342468
0.5029615759849548 0.5292316675186157
0.5220463871955872 0.5900784134864807
0.44663670659065247 0.5831566452980042
0.5385739207267761 0.6107259392738342
0.4319939613342285 0.5786932706832886
0.42828264832496643 0.5898193120956421
0.4194740355014801 0.58950275182724
0.4979064464569092 0.5438016057014465
0.45183324813842773 0.6239175200462341
0.4253988265991211 0.5932835340499878
0.42671364545822144 0.5369589328765869
0.3987547755241394 0.5927841663360596
0.4131923019886017 0.5700640082359314
0.4408075213432312 0.5336474776268005
0.5078155994415283 0.5169820189476013
0.4506490230560303 0.5367157459259033
0.5402634143829346 0.577584445476532
0.5359020233154297 0.5545966029167175
0.5517275929450989 0.5644547939300537
0.46358075737953186 0.6500542759895325
0.4619159698486328 0.5563195943832397
0.40039771795272827 0.5768921375274658
0.5285340547561646 0.6300619840621948
0.5192088484764099 0.6264683604240417
0.5626205801963806 0.6185819506645203
0.4073898196220398 0.5870142579078674
0.4465421140193939 0.5395381450653076
0.41293245553970337 0.554337203502655
0.4298701882362366 0.6436256170272827
0.4827679991722107 0.6333123445510864
0.49703750014305115 0.5748987197875977
0.41548946499824524 0.6000789403915405
0.4020780026912689 0.6032683849334717
0.5568140149116516 0.5533415675163269
0.47989794611930847 0.6485071182250977
0.5588414072990417 0.5919970273971558
0.4088340997695923 0.6009694933891296
0.44987574219703674 0.5432090759277344
0.4939355254173279 0.6322616338729858
0.4618430733680725 0.5084145665168762
0.5034515261650085 0.6130341291427612
0.42318663001060486 0.5871022343635559
0.44959020614624023 0.6070109605789185
0.4321248531341553 0.6114265322685242
0.41390261054039 0.6158884763717651
0.4088827669620514 0.5798606276512146
0.4721592366695404 0.657693088054657
0.5069101452827454 0.6134005188941956
0.5001456141471863 0.6158812046051025
0.4906245768070221 0.5680594444274902
0.44470682740211487 0.5350610017776489
0.5514416098594666 0.5944581031799316
0.4133189618587494 0.6332358717918396
0.39785492420196533 0.5895139575004578
0.47153666615486145 0.6153270602226257
0.4770834743976593 0.6073073148727417
0.5015363097190857 0.6618009209632874
0.4384171664714813 0.5630985498428345
0.4245468080043793 0.6379645466804504
0.5164642930030823 0.5294460654258728
0.3979938328266144 0.5897082090377808
0.46925443410873413 0.5343085527420044
0.4924958050251007 0.5614065527915955
0.5286720395088196 0.5504563450813293
0.45929697155952454 0.5075779557228088
0.5336615443229675 0.5498850345611572
0.4907490015029907 0.5256658792495728
0.4416455328464508 0.5953680276870728
0.3979516327381134 0.579682469367981
0.40964287519454956 0.6022873520851135
0.4643838107585907 0.6295042037963867
0.4036456048488617 0.5837254524230957
0.44936132431030273 0.5506358742713928
0.5018113255500793 0.6080916523933411
0.47302010655403137 0.5906027555465698
0.47140049934387207 0.5980090498924255
0.5392742156982422 0.5792969465255737
0.4738506078720093 0.5746020674705505
0.539284884929657 0.5679349899291992
0.4565470516681671 0.6071969866752625
0.4117392897605896 0.5638145208358765
0.5242137312889099 0.5976029634475708
0.528775691986084 0.6432843208312988
0.5729491114616394 0.5786346197128296
0.43173930048942566 0.5527839660644531
0.5107514262199402 0.6473572850227356
0.5494710206985474 0.5970685482025146
0.5614832043647766 0.5900364518165588
0.46837571263313293 0.5709141492843628
0.5397315621376038 0.6396917104721069
0.4621428847312927 0.5795372128486633
0.541682779788971 0.5441759824752808
0.4265989065170288 0.5905112624168396
0.5677459836006165 0.5921698808670044
0.4243690073490143 0.6186438202857971
0.5362268686294556 0.6309871077537537
0.5074265003204346 0.5440465807914734
0.5690357089042664 0.595786988735199
0.5529112219810486 0.5804930925369263
0.5616323947906494 0.5994253158569336
0.502497136592865 0.5797842741012573
0.49750658869743347 0.5159038305282593
0.5593087673187256 0.6226242780685425
0.46284690499305725 0.6491402387619019
0.5162758827209473 0.5146099328994751
0.4845293164253235 0.5763635039329529
0.4528600573539734 0.6468788385391235
0.4980136454105377 0.6336439251899719
0.563012957572937 0.599210798740387
0.5178580284118652 0.5411170721054077
0.5469757914543152 0.5952620506286621
0.5141043066978455 0.5305935144424438
0.5570613145828247 0.5675995945930481
0.5613539814949036 0.5777416229248047
0.5742222666740417 0.5844078063964844
0.5391477346420288 0.646934986114502
0.39814406633377075 0.5853639841079712
0.41975802183151245 0.564142107963562
0.540550708770752 0.6186148524284363
0.5602760314941406 0.5494649410247803
0.4690850079059601 0.5591146349906921
0.39795804023742676 0.5878437161445618
0.41539350152015686 0.5619813799858093
0.4285843074321747 0.5703133344650269
0.5225057005882263 0.6240925192832947
0.5560932755470276 0.6104031801223755
0.40592479705810547 0.6218606233596802
0.40370282530784607 0.5746021270751953
0.46771663427352905 0.6161321997642517
0.5449686050415039 0.5937070250511169
0.4285779297351837 0.6182650923728943
0.4607143998146057 0.5437040328979492
0.51494961977005 0.6019120216369629
0.5008606910705566 0.594011127948761
0.4024472236633301 0.5860074162483215
0.5467676520347595 0.6260027289390564
0.4750325381755829 0.5409463047981262
0.5622134208679199 0.6157477498054504
0.5425481796264648 0.6021921634674072
0.4166300594806671 0.6080514788627625
0.42486605048179626 0.5567679405212402
0.5364735722541809 0.6509778499603271
0.4287949800491333 0.5212786197662354
0.4334503412246704 0.5393595695495605
0.5575392842292786 0.5557903051376343
0.49119582772254944 0.5178678035736084
0.5484786033630371 0.5509459376335144
0.4462704360485077 0.5259496569633484
0.488192081451416 0.612595796585083
0.4220338761806488 0.6262983679771423
0.4327951967716217 0.6431670188903809
0.5156468152999878 0.5154581069946289
0.4519753158092499 0.6127293109893799
0.5379630327224731 0.6436258554458618
0.5014186501502991 0.580398678779602
0.531764030456543 0.6028838753700256
0.5091649889945984 0.518656849861145
0.44710516929626465 0.6496047377586365
0.4542671740055084 0.5983819365501404
0.5091531276702881 0.5221819877624512
0.4258088767528534 0.6300506591796875
0.4153502583503723 0.5400160551071167
0.40467819571495056 0.5900985598564148
0.4629475474357605 0.6231594681739807
0.44074776768684387 0.6500763297080994
0.5666464567184448 0.6053807139396667
0.48093903064727783 0.5583081841468811
0.4662482738494873 0.5117690563201904
0.5085974931716919 0.619409441947937
0.524211585521698 0.5493521690368652
0.5207660794258118 0.6370602250099182
0.42234793305397034 0.6391263604164124
0.473471999168396 0.5470009446144104
0.507938027381897 0.5479236245155334
0.489056259393692 0.6250608563423157
0.5045528411865234 0.6523674726486206
0.4114370048046112 0.5931917428970337
0.5110411047935486 0.5988051891326904
0.4071143865585327 0.6035535335540771
0.4224269390106201 0.5516375303268433
0.5121189951896667 0.5200304388999939
0.46970134973526 0.644066333770752
0.42566365003585815 0.5315160155296326
0.5744231939315796 0.5840218663215637
0.5390154123306274 0.6512213945388794
0.4540232717990875 0.5702242255210876
0.4734424352645874 0.6333976984024048
0.43674302101135254 0.5483366847038269
0.5110575556755066 0.6126091480255127
0.4154493510723114 0.6063867211341858
0.5386977791786194 0.595072865486145
0.4793115556240082 0.6372646689414978
0.45193803310394287 0.5945358872413635
0.5057182908058167 0.5062446594238281
0.453177273273468 0.6119667887687683
0.42539167404174805 0.5783676505088806
0.5000643730163574 0.5746362209320068
0.5481254458427429 0.549866795539856
0.42979878187179565 0.6148806214332581
0.544147789478302 0.5780430436134338
0.46957796812057495 0.6025873422622681
0.4110366702079773 0.5493701696395874
0.5168352127075195 0.5513752102851868
0.4199303686618805 0.5984041094779968
0.48303523659706116 0.6239019632339478
0.4899864196777344 0.5510512590408325
0.47999757528305054 0.5963734984397888
0.5532086491584778 0.635995626449585
0.4738045334815979 0.5299383401870728
0.48395565152168274 0.5564624667167664
0.45933640003204346 0.5700098872184753
0.43440282344818115 0.5800347328186035
0.537668764591217 0.5244642496109009
0.5520352125167847 0.5864834189414978
0.42386773228645325 0.5919083952903748
0.5365079045295715 0.5487416386604309
0.425633043050766 0.6420761346817017
0.5726491212844849 0.5839198231697083
0.5187317728996277 0.6296242475509644
0.44784703850746155 0.5162655115127563
0.4483703374862671 0.6080060601234436
0.5667113661766052 0.5622045397758484
0.4224688410758972 0.5537916421890259
0.5090393424034119 0.6165183186531067
0.3996846079826355 0.5858426690101624
0.5594109296798706 0.5627791881561279
0.5241104960441589 0.5994561910629272
0.5520968437194824 0.5915986895561218
0.47753679752349854 0.5610784888267517
0.5630634427070618 0.5753594636917114
0.40298089385032654 0.5827153921127319
0.4549190402030945 0.6614887118339539
0.43227535486221313 0.6422345638275146
0.4511999487876892 0.5462470054626465
0.48156657814979553 0.5233052372932434
0.425493061542511 0.6131295561790466
0.4087902009487152 0.6182925701141357
0.5325103998184204 0.558696448802948
0.5635275840759277 0.6110692024230957
0.4859107434749603 0.608510434627533
0.4570545554161072 0.5872565507888794
0.4189218282699585 0.5976134538650513
0.45531928539276123 0.5880894064903259
0.44704848527908325 0.6364558935165405
0.46172845363616943 0.5951249599456787
0.5238075852394104 0.5973697900772095
0.4951266050338745 0.6270214319229126
0.5156260132789612 0.55382239818573
0.5622855424880981 0.6160656809806824
0.5263455510139465 0.536677360534668
0.4707917869091034 0.6598806381225586
0.4484681189060211 0.6315375566482544
0.39836814999580383 0.5795257687568665
0.4818413257598877 0.6506893634796143
0.4878475069999695 0.5548145771026611
0.47325068712234497 0.6084583401679993
0.4877327084541321 0.5285070538520813
0.44455158710479736 0.5401236414909363
0.40808048844337463 0.6042781472206116
0.43569812178611755 0.517393946647644
0.5452908873558044 0.6453694701194763
0.5446339249610901 0.568157434463501
0.5486344695091248 0.5454469919204712
0.499746710062027 0.6208930611610413
0.5104384422302246 0.5082791447639465
0.5368025898933411 0.6453551054000854
0.556013822555542 0.5541142821311951
0.44942688941955566 0.6005751490592957
0.40588006377220154 0.5645811557769775
0.5315531492233276 0.5369827151298523
0.5257189869880676 0.6618035435676575
0.40352320671081543 0.5945622324943542
0.5171329975128174 0.5156198143959045
0.5063307881355286 0.6140756011009216
0.493998259305954 0.6574745178222656
0.40070703625679016 0.573405385017395
0.4393061697483063 0.5400035381317139
0.4035375118255615 0.5870172381401062
0.4863355755805969 0.5676525831222534
0.559719979763031 0.5598471164703369
0.5025551915168762 0.6171280741691589
0.5165148377418518 0.5316182374954224
0.5259209871292114 0.6477842330932617
0.4494871497154236 0.5658502578735352
0.48816099762916565 0.5731618404388428
0.4536823034286499 0.6307668089866638
0.5096719861030579 0.5637808442115784
0.48916763067245483 0.6339200735092163
0.5291576385498047 0.6323250532150269
0.5473970770835876 0.6339825987815857
0.4389807879924774 0.5686501860618591
0.5142131447792053 0.5530750751495361
0.5065445303916931 0.6354138851165771
0.5178652405738831 0.6204900145530701
0.5287688970565796 0.6140575408935547
0.4469805061817169 0.5661019086837769
0.43384113907814026 0.6453859210014343
0.4500134289264679 0.5849362015724182
0.4840455949306488 0.5695834159851074
0.5730568170547485 0.5779548287391663
0.5483713746070862 0.5987046957015991
0.52095627784729 0.6440862417221069
0.4044458866119385 0.6091151237487793
0.5608797073364258 0.6044913530349731
0.4281877875328064 0.5680860280990601
0.53541499376297 0.6046912670135498
0.40032660961151123 0.6011608839035034
0.4943695366382599 0.5762773156166077
0.4305866062641144 0.6324619054794312
0.563912034034729 0.5782371759414673
0.41295763850212097 0.5790426731109619
0.5469062924385071 0.5297306180000305
0.44187048077583313 0.5940082669258118
0.42374226450920105 0.5575763583183289
0.5743825435638428 0.5796483159065247
0.4096640944480896 0.5961048603057861
0.5600935220718384 0.5720874071121216
0.46983230113983154 0.5869195461273193
0.49867120385169983 0.6093321442604065
0.5585384368896484 0.581719160079956
0.41027504205703735 0.599235475063324
0.4461340308189392 0.5419132709503174
0.564656138420105 0.6042975783348083
0.48098084330558777 0.6593794226646423
0.48579713702201843 0.5804911255836487
0.5417904257774353 0.6189538836479187
0.4908870458602905 0.5812903046607971
0.5483470559120178 0.6110123991966248
0.46688759326934814 0.5197729468345642
0.44791242480278015 0.6517206430435181
0.52084881067276 0.5892392992973328
0.5164468884468079 0.6006792187690735
0.47016146779060364 0.5160700678825378
0.5089851021766663 0.6137533187866211
0.5532814860343933 0.5929170846939087
0.5218760967254639 0.635895311832428
0.4143536686897278 0.6196475625038147
0.4102388322353363 0.6104749441146851
0.42748650908470154 0.6125763654708862
0.44674035906791687 0.5226868391036987
0.500738263130188 0.5876665115356445
0.5285506844520569 0.6352789998054504
0.5297508239746094 0.5240635871887207
0.4865763485431671 0.6059156656265259
0.5252563953399658 0.5537886023521423
0.5192278623580933 0.6257420778274536
0.5610983371734619 0.5854040384292603
0.5394983887672424 0.540391743183136
0.5412061810493469 0.5742368102073669
0.42577093839645386 0.5674148201942444
0.5026691555976868 0.5387876033782959
0.4902327060699463 0.6039023995399475
0.4902704358100891 0.5766702890396118
0.5664764642715454 0.5988096594810486
0.5378455519676208 0.5483322143554688
0.4764085114002228 0.5645256042480469
0.5419307947158813 0.6066697239875793
0.5168760418891907 0.56589674949646
0.5254318118095398 0.6016189455986023
0.5331938862800598 0.5700681805610657
0.5244324803352356 0.5498096942901611
0.5737580060958862 0.5883191227912903
0.505669116973877 0.6269051432609558
0.5090028643608093 0.5742786526679993
0.518109917640686 0.6016505360603333
0.5255885124206543 0.5616793632507324
0.5068410038948059 0.6473246216773987
0.48090627789497375 0.5688452124595642
0.45781266689300537 0.6303218007087708
0.45459556579589844 0.5099623203277588
0.5224996209144592 0.56544029712677
0.5015256404876709 0.5398145914077759
0.40419459342956543 0.5578410625457764
0.4239068627357483 0.5953535437583923
0.5468185544013977 0.578474760055542
0.4500805139541626 0.6051539778709412
0.5162286758422852 0.5451761484146118
0.39777645468711853 0.5921010375022888
0.45591580867767334 0.538914144039154
0.4277428686618805 0.5421266555786133
0.41960135102272034 0.6260332465171814
0.47320398688316345 0.6210668683052063
0.41882386803627014 0.6271128058433533
0.44712573289871216 0.568410336971283
0.5674806237220764 0.5598909854888916
0.39852601289749146 0.58173006772995
0.5192734003067017 0.6413002014160156
0.4926440417766571 0.6527532339096069
0.5298388004302979 0.6557545065879822
0.5540903210639954 0.5961183309555054
0.4219684898853302 0.5595747828483582
0.5047567486763 0.5396430492401123
0.443382203578949 0.5252209901809692
0.4370812475681305 0.5814447999000549
0.4280194640159607 0.5490533709526062
0.5338366627693176 0.645013689994812
0.40609538555145264 0.5520293116569519
0.5655505657196045 0.6092374920845032
0.5593945384025574 0.5774560570716858
0.4208920896053314 0.6089263558387756
0.4208897054195404 0.6376269459724426
0.4379187226295471 0.541866660118103
0.497785747051239 0.5306452512741089
0.5228984951972961 0.6557599306106567
0.457294762134552 0.5736768841743469
0.5037378668785095 0.5509342551231384
0.4114331007003784 0.5931016802787781
0.4843542277812958 0.6419839262962341
0.4897828996181488 0.6649141311645508
0.45368659496307373 0.6272426843643188
0.4971209764480591 0.5706614851951599
0.43142080307006836 0.5910735130310059
0.514527440071106 0.554739773273468
0.5184682607650757 0.5682598352432251
0.5651293992996216 0.5916691422462463
0.4577096402645111 0.5859729051589966
0.49496886134147644 0.5368627905845642
0.40610161423683167 0.561771810054779
0.5686491131782532 0.5606147050857544
0.4660130441188812 0.5516382455825806
0.4608723521232605 0.5620631575584412
0.48636382818222046 0.6160351634025574
0.41478070616722107 0.592386782169342
0.406331866979599 0.6129531860351562
0.5015924572944641 0.5952067971229553
0.43127694725990295 0.6334128975868225
0.4236935079097748 0.5354363322257996
0.5200508832931519 0.6559405326843262
0.4987809658050537 0.594254732131958
0.5419394969940186 0.5952932834625244
0.5243532657623291 0.6137871742248535
0.4868755042552948 0.6256406903266907
0.4323223829269409 0.5870029926300049
0.493229478597641 0.5886578559875488
0.5358913540840149 0.5522592663764954
0.4761693477630615 0.6160469651222229
0.49671807885169983 0.5519047975540161
0.46896153688430786 0.5338514447212219
0.5187273025512695 0.517350435256958
0.5566624999046326 0.595250129699707
0.4643334150314331 0.5210687518119812
0.4126753807067871 0.5957521796226501
0.5092723965644836 0.5243383646011353
0.4420726001262665 0.5810978412628174
0.4579067826271057 0.629014253616333
0.45212268829345703 0.6486098766326904
0.4231717586517334 0.5563342571258545
0.5076241493225098 0.5592169761657715
0.5543051362037659 0.5931849479675293
0.44131165742874146 0.5839811563491821
0.5304073691368103 0.6225492358207703
0.4908176064491272 0.580768883228302
0.4043087065219879 0.5712982416152954
0.4826323688030243 0.5509762763977051
0.5130518674850464 0.6038355827331543
0.4988386034965515 0.5443221926689148
0.4464915096759796 0.581348717212677
0.5350695848464966 0.5436104536056519
0.5004796981811523 0.5156698822975159
0.39859539270401 0.5911920666694641
0.4809378385543823 0.6436467170715332
0.5021893978118896 0.5860849022865295
0.4292496144771576 0.635769784450531
0.4812670052051544 0.5448341369628906
0.47621238231658936 0.6390853524208069
0.5689871311187744 0.5706737637519836
0.40059372782707214 0.5819186568260193
0.4041111469268799 0.6055275201797485
0.5343123078346252 0.5208956003189087
0.47127440571784973 0.6578683257102966
0.4007199704647064 0.5879023671150208
0.45266467332839966 0.5688166618347168
0.4369220733642578 0.6169278025627136
0.4676261842250824 0.5498278737068176
0.47403499484062195 0.6321189999580383
0.42093420028686523 0.62004554271698
0.4925000071525574 0.5465161204338074
0.4023386538028717 0.5831677913665771
0.5377956628799438 0.5932084321975708
0.5434384346008301 0.5666343569755554
0.5203538537025452 0.5422733426094055
0.5111992955207825 0.6173578500747681
0.5640971660614014 0.6023497581481934
0.5721389651298523 0.5888226628303528
0.46086445450782776 0.5998102426528931
0.46997302770614624 0.5675260424613953
0.5194324851036072 0.5468828678131104
0.5416022539138794 0.5731117129325867
0.480622261762619 0.6555064916610718
0.4018937349319458 0.5846948623657227
0.47348982095718384 0.6411697268486023
0.5137993097305298 0.648137092590332
0.4028003513813019 0.5985426306724548
0.5562383532524109 0.6297692656517029
0.5205850601196289 0.5842544436454773
0.5594960451126099 0.6217612028121948
0.5218803882598877 0.520155668258667
0.47836583852767944 0.5160291790962219
0.5719070434570312 0.5925158858299255
0.4769180417060852 0.5907069444656372
0.48866450786590576 0.5252886414527893
0.4148681163787842 0.5513930320739746
0.45952093601226807 0.65315181016922
0.4795719087123871 0.6623508930206299
0.4840661287307739 0.6480568647384644
0.42451155185699463 0.5590285658836365
0.47826114296913147 0.572176992893219
0.5148632526397705 0.6594184041023254
0.4135226011276245 0.6185875535011292
0.4895329773426056 0.6595188975334167
0.5602862238883972 0.5940772294998169
0.5116522908210754 0.6195454001426697
0.4671068787574768 0.5304345488548279
0.4927845597267151 0.5966569185256958
0.4438179135322571 0.5993170142173767
0.4361277222633362 0.5645093321800232
0.5559821128845215 0.5995332598686218
0.5197972655296326 0.5115063190460205
0.4390837252140045 0.638497531414032
0.44469329714775085 0.5325706005096436
0.4519791603088379 0.5928958654403687
0.4802756607532501 0.5983461141586304
0.40029457211494446 0.5873125791549683
0.5632601976394653 0.5890575647354126
0.5356488227844238 0.5859602093696594
0.41774699091911316 0.6146144866943359
0.46176856756210327 0.5434417724609375
0.5077650547027588 0.6219584345817566
0.5293671488761902 0.5169679522514343
0.44143521785736084 0.5761081576347351
0.5233457684516907 0.5739350318908691
0.5662029385566711 0.6018890142440796
0.45305579900741577 0.515535831451416
0.40276268124580383 0.5923221707344055
0.40888819098472595 0.5948688983917236
0.5417464971542358 0.614386796951294
0.5449941754341125 0.583437979221344
0.48391038179397583 0.5633764863014221
0.5668704509735107 0.6068188548088074
0.46639835834503174 0.6166316270828247
0.5148962736129761 0.6556298136711121
0.4817892014980316 0.6159437894821167
0.5623367428779602 0.6020853519439697
0.5526769161224365 0.5372817516326904
0.5361334085464478 0.5875546336174011
0.4118678569793701 0.6028907895088196
0.5698810815811157 0.583385169506073
0.40066877007484436 0.5847100615501404
0.405626505613327 0.6184845566749573
0.45808151364326477 0.6010883450508118
0.4042542576789856 0.5584063529968262
0.49084943532943726 0.5087707042694092
0.4831140339374542 0.5186359882354736
0.39826202392578125 0.5963669419288635
0.5348454117774963 0.6453405022621155
0.406857967376709 0.5827380418777466
0.4002203941345215 0.5825493931770325
0.5477849841117859 0.5733869671821594
0.42321619391441345 0.544646143913269
0.5174661874771118 0.5327757596969604
0.45451444387435913 0.5571376085281372
0.4346802532672882 0.6224629282951355
0.5089682340621948 0.6202634572982788
0.4401565194129944 0.5632196664810181
0.4926711320877075 0.5669941306114197
0.5709851980209351 0.5862107276916504
0.4480121433734894 0.5776316523551941
0.4415539801120758 0.5168801546096802
0.46182721853256226 0.5204214453697205
0.45150113105773926 0.5526586771011353
0.5666648149490356 0.6047578454017639
0.5067821145057678 0.6336542367935181
0.5707352757453918 0.588394284248352
0.42612871527671814 0.6359227299690247
0.5642829537391663 0.6139007806777954
0.5131791830062866 0.6179767847061157
0.4323354661464691 0.6392385959625244
0.4464949071407318 0.5649492740631104
0.45167991518974304 0.5264812707901001
0.40916943550109863 0.5684320330619812
0.5221767425537109 0.5544849634170532
0.5334068536758423 0.5688362121582031
0.4434087872505188 0.5631990432739258
0.40106022357940674 0.588923990726471
0.45159897208213806 0.6101329326629639
0.5528079867362976 0.5414398908615112
0.5079242587089539 0.5947547554969788
0.5273776650428772 0.59203040599823
0.4098813533782959 0.5831228494644165
0.5704526901245117 0.5960928201675415
0.5239659547805786 0.518968939781189
0.4014103412628174 0.59269118309021
0.4937399923801422 0.5815585255622864
0.5694105625152588 0.5992198586463928
0.41092750430107117 0.6275909543037415
0.565301775932312 0.571404755115509
0.5192263126373291 0.5506207942962646
0.4182223081588745 0.6052439212799072
0.4101394712924957 0.620155930519104
0.4512079954147339 0.5982239842414856
0.40012794733047485 0.5970459580421448
0.5691669583320618 0.57741379737854
0.4792642593383789 0.6650183200836182
0.4420599937438965 0.5501581430435181
0.4438372254371643 0.5637944340705872
0.46205317974090576 0.562216579914093
0.44524669647216797 0.5151797533035278
0.5529865026473999 0.5888175368309021
0.5230554342269897 0.5261551141738892
0.4300100803375244 0.6427971124649048
0.39847278594970703 0.6019400358200073
0.5384321212768555 0.6437131762504578
0.5523247718811035 0.5577937960624695
0.5612964034080505 0.5988592505455017
0.4796699285507202 0.5457215309143066
0.5008455514907837 0.6388584971427917
0.5353559851646423 0.5196203589439392
0.4867062568664551 0.5193727016448975
0.40954750776290894 0.6158612966537476
0.48332396149635315 0.5576775670051575
0.43465808033943176 0.5687357187271118
0.5046455264091492 0.555675208568573
0.5408962965011597 0.6246094107627869
0.5238244533538818 0.5833303332328796
0.45955169200897217 0.6525097489356995
0.4397442638874054 0.5727506279945374
0.45660296082496643 0.6566082239151001
0.4292968511581421 0.5226446390151978
0.5417091250419617 0.6256920099258423
0.4714721143245697 0.5297624468803406
0.4265056848526001 0.6305555701255798
0.5398110747337341 0.5591697692871094
0.5145800113677979 0.6311882138252258
0.5657065510749817 0.556111216545105
0.4251386523246765 0.5715422034263611
0.46873190999031067 0.6107204556465149
0.5688673853874207 0.5661056041717529
0.5563626885414124 0.5822827219963074
0.5700196623802185 0.5844211578369141
0.5619728565216064 0.6146235466003418
0.5591230988502502 0.6100176572799683
0.5147481560707092 0.5628031492233276
0.42894577980041504 0.6016875505447388
0.53675776720047 0.591518223285675
0.5647628903388977 0.6095484495162964
0.4371582567691803 0.5321245789527893
0.4476579427719116 0.5902087092399597
0.5427027940750122 0.6314747333526611
0.5404430627822876 0.5478795766830444
0.4470566213130951 0.6459380984306335
0.5304915308952332 0.5884116888046265
0.5255118012428284 0.6017165184020996
0.45147600769996643 0.6237136721611023
0.4920952618122101 0.6145790815353394
0.4496864676475525 0.6524062752723694
0.5009899735450745 0.5870036482810974
0.4991236627101898 0.5052547454833984
0.46390631794929504 0.6519213318824768
0.5563170313835144 0.5554792284965515
0.5070279836654663 0.5713134407997131
0.4247923493385315 0.5482144951820374
0.5240486860275269 0.5942561626434326
0.40400561690330505 0.60685133934021
0.5549852848052979 0.6274818181991577
0.5040760636329651 0.5784141421318054
0.41075438261032104 0.5533609986305237
0.41695636510849 0.58059161901474
0.563139021396637 0.5971708297729492
0.43710970878601074 0.5974940061569214
0.5563453435897827 0.6257042288780212
0.4317554235458374 0.5743804574012756
0.5072101950645447 0.5712148547172546
0.5283434391021729 0.5273900032043457
0.498451828956604 0.5755659937858582
0.5270443558692932 0.6469283699989319
0.4500976502895355 0.5526769757270813
0.4119744598865509 0.5525621175765991
0.5457291007041931 0.6332840919494629
0.49721798300743103 0.5184575319290161
0.4516829252243042 0.6055173873901367
0.40566548705101013 0.6209629774093628
0.5409337878227234 0.6440048813819885
0.5619108080863953 0.6065199971199036
0.5120669603347778 0.5369052290916443
0.4394572973251343 0.6418619155883789
0.5145015120506287 0.5082877278327942
0.4415586590766907 0.5848814249038696
0.5591817498207092 0.5699923038482666
0.41020870208740234 0.5785216093063354
0.4652246832847595 0.6627002358436584
0.5198661088943481 0.5390560030937195
0.48507747054100037 0.6262530088424683
0.4312828481197357 0.6426838040351868
0.5263181328773499 0.6068015098571777
0.5273406505584717 0.5710013508796692
0.5744406580924988 0.5798002481460571
0.41864296793937683 0.5906014442443848
0.5149475336074829 0.651503324508667
0.5306925177574158 0.5470618605613708
0.4207998812198639 0.5740734934806824
0.5249118804931641 0.5918389558792114
0.5185545086860657 0.5769978165626526
0.551846981048584 0.5874336957931519
0.4333878755569458 0.5855488181114197
0.45226749777793884 0.5194646716117859
0.4531581699848175 0.5322424173355103
0.42487582564353943 0.6152005195617676
0.5674717426300049 0.5518251061439514
0.523210883140564 0.5142788290977478
0.5032879710197449 0.5817585587501526
0.5340875387191772 0.6248444318771362
0.5305952429771423 0.5735982656478882
0.47025343775749207 0.5878071784973145
0.501846194267273 0.6331310868263245
0.5646318197250366 0.6024289131164551
0.47886738181114197 0.6040926575660706
0.5184454321861267 0.5416947603225708
0.39883166551589966 0.5823793411254883
0.5426221489906311 0.5733333230018616
0.4258929491043091 0.5854930281639099
0.5115033984184265 0.5381982326507568
0.4356800615787506 0.5987958908081055
0.461121141910553 0.6182489395141602
0.41583022475242615 0.6040534377098083
0.4210714101791382 0.5858920812606812
0.5379092693328857 0.6118070483207703
0.43017715215682983 0.6209270358085632
0.5032954812049866 0.5369359254837036
0.4122608006000519 0.6083159446716309
0.4136638641357422 0.5773603320121765
0.46964946389198303 0.6541769504547119
0.5425482988357544 0.5954689383506775
0.5287620425224304 0.5918950438499451
0.508472204208374 0.6262946724891663
0.4673674702644348 0.6317167282104492
0.5195485353469849 0.5122678279876709
0.47588273882865906 0.5366454124450684
0.48093149065971375 0.5555838346481323
0.5740424990653992 0.5847572684288025
0.46585729718208313 0.518150269985199
0.5305854678153992 0.546897828578949
0.5458539724349976 0.6285901069641113
0.522898256778717 0.5810526013374329
0.42795366048812866 0.5902521014213562
0.4923363924026489 0.5990252494812012
0.4491412043571472 0.5727553367614746
0.44612544775009155 0.6417831182479858
0.4154483675956726 0.6104377508163452
0.4304526150226593 0.6204935908317566
0.4474700093269348 0.6175922751426697
0.4761326014995575 0.5984328985214233
0.4290913939476013 0.5400331020355225
0.40369081497192383 0.6025633215904236
0.493149995803833 0.5682253837585449
0.46612560749053955 0.5306692719459534
0.5269378423690796 0.6326496601104736
0.5377737283706665 0.6489048600196838
0.44722989201545715 0.5574852228164673
0.5177010893821716 0.5883533358573914
0.48744910955429077 0.5927281975746155
0.5169789791107178 0.5973604917526245
0.40761181712150574 0.5496171116828918
0.4778602719306946 0.577314555644989
0.48243778944015503 0.548373818397522
0.5264280438423157 0.5943120718002319
0.502528190612793 0.5174314975738525
0.5723116993904114 0.5888407230377197
0.404011607170105 0.6014589667320251
0.4395608603954315 0.6074914336204529
0.46845200657844543 0.5260210633277893
0.5147740840911865 0.6140201091766357
0.4312305152416229 0.5208818316459656
0.39993539452552795 0.5692709684371948
0.44034215807914734 0.5430970191955566
0.5480027198791504 0.5414513945579529
0.5325782299041748 0.5639832019805908
0.47804340720176697 0.6137697100639343
0.44035813212394714 0.5583444833755493
0.5390910506248474 0.5779523849487305
0.4696260392665863 0.6458188891410828
0.4602736830711365 0.6165118217468262
0.44350647926330566 0.5947704911231995
0.4723823368549347 0.5361617207527161
0.43255865573883057 0.5844415426254272
0.4470156133174896 0.5691896677017212
0.5330662131309509 0.5269564986228943
0.4219510853290558 0.6375522017478943
0.47791579365730286 0.5723916292190552
0.40747275948524475 0.5535633563995361
0.4187927842140198 0.5837553143501282
0.5635544061660767 0.5930308699607849
0.43315497040748596 0.5481264591217041
0.4737446904182434 0.5971159338951111
0.5292075276374817 0.5743957757949829
0.4070919156074524 0.6048876047134399
0.48608481884002686 0.6559110283851624
0.4217398464679718 0.6048612594604492
0.5319199562072754 0.5210193991661072
0.5497149229049683 0.5956590175628662
0.44845861196517944 0.6267503499984741
0.5204866528511047 0.6155207753181458
0.40661942958831787 0.6208162307739258
0.41515374183654785 0.5874180197715759
0.5345818996429443 0.5352575778961182
0.5524376630783081 0.6249263286590576
0.49978190660476685 0.5403275489807129
0.40039780735969543 0.5936869382858276
0.4497223198413849 0.5804742574691772
0.5218057632446289 0.5514529943466187
0.5161424875259399 0.5556222200393677
0.5107815861701965 0.6572349667549133
0.4527888596057892 0.5339449048042297
0.5704648494720459 0.577661395072937
0.3985776901245117 0.5988101959228516
0.5207374691963196 0.5217086672782898
0.4704779386520386 0.6654487252235413
0.40911051630973816 0.6232848167419434
0.41633304953575134 0.5582026839256287
0.5030848979949951 0.6583329439163208
0.563930332660675 0.5760084390640259
0.5307754278182983 0.5333292484283447
0.4109760522842407 0.5691929459571838
0.5040234923362732 0.584693968296051
0.4878802001476288 0.5756992697715759
0.5442318320274353 0.637730598449707
0.48159921169281006 0.5688490867614746
0.4893239736557007 0.5681284666061401
0.4964539408683777 0.636979877948761
0.5162778496742249 0.6137165427207947
0.5113665461540222 0.6361905336380005
0.49761900305747986 0.5217182636260986
0.4083007872104645 0.5535566806793213
0.408454567193985 0.6047136783599854
0.4099263846874237 0.615511953830719
0.46177542209625244 0.6482619643211365
0.48329442739486694 0.5860278010368347
0.5463396310806274 0.5729701519012451
0.42207223176956177 0.5747852921485901
0.5382229685783386 0.5713988542556763
0.4355609714984894 0.574127197265625
0.4065496623516083 0.6224737167358398
0.5075318813323975 0.6163909435272217
0.5652195811271667 0.5836976766586304
0.4390852451324463 0.562138557434082
0.43284085392951965 0.6148378252983093
0.4525032341480255 0.5434167981147766
0.40505772829055786 0.5622036457061768
0.5182343125343323 0.5466060638427734
0.5656688213348389 0.5953376889228821
0.5010474324226379 0.6508432030677795
0.5637316703796387 0.5731952786445618
0.5465068221092224 0.5352920293807983
0.4624094069004059 0.5877068638801575
0.49445271492004395 0.5698721408843994
0.5183853507041931 0.6158828139305115
0.4531981945037842 0.5261666774749756
0.39876681566238403 0.5969942808151245
0.47057557106018066 0.5474830269813538
0.43750348687171936 0.5728375315666199
0.5454836487770081 0.5842950344085693
0.556590735912323 0.6194242238998413
0.44680526852607727 0.5418010354042053
0.4567679762840271 0.6496996283531189
0.5308402180671692 0.6560043692588806
0.40853944420814514 0.5906824469566345
0.563238263130188 0.5609340071678162
0.5070270299911499 0.5793102979660034
0.48298683762550354 0.6006574034690857
0.5572357177734375 0.5881629586219788
0.4727526605129242 0.6647990942001343
0.4333507716655731 0.5379632115364075
0.40482741594314575 0.5661519169807434
0.5536097884178162 0.5919288992881775
0.5326417684555054 0.5213317275047302
0.4488520324230194 0.5747382044792175
0.43504512310028076 0.5173268914222717
0.4743967652320862 0.6058069467544556
0.5210763216018677 0.615237295627594
0.4346143901348114 0.5646834373474121
0.4345759451389313 0.6064345240592957
0.5244399905204773 0.5841798782348633
0.4401198923587799 0.5265572667121887
0.4299936294555664 0.6128184795379639
0.5286984443664551 0.591255784034729
0.45801302790641785 0.6356378197669983
0.47054415941238403 0.5520836114883423
0.4200926721096039 0.5630289912223816
0.46369343996047974 0.5572789311408997
0.5544026494026184 0.569675862789154
0.5440458655357361 0.6219208240509033
0.40487489104270935 0.5612980127334595
0.4038582146167755 0.5715934634208679
0.5691593885421753 0.5730937123298645
0.5022500157356262 0.6367804408073425
0.4643256366252899 0.607698380947113
0.40378543734550476 0.5791558623313904
0.5662849545478821 0.5518028736114502
0.5277490615844727 0.5246061086654663
0.4485829174518585 0.5552059412002563
0.5576584339141846 0.6100776791572571
0.4249749481678009 0.581851601600647
0.4173370897769928 0.6113811731338501
0.4037846624851227 0.5847917199134827
0.4853031635284424 0.5248547196388245
0.5435598492622375 0.62850421667099
0.427205353975296 0.6283916234970093
0.48569878935813904 0.5045378804206848
0.4335710108280182 0.5275027751922607
0.5403401851654053 0.623172402381897
0.4151899218559265 0.5605112314224243
0.49842819571495056 0.5505713820457458
0.4711487293243408 0.5502890348434448
0.41145265102386475 0.5840616822242737
0.46043556928634644 0.5954625010490417
0.5305671095848083 0.5901814103126526
0.42600497603416443 0.536423921585083
0.4667806923389435 0.5571371912956238
0.5558682680130005 0.5785329937934875
0.4614907205104828 0.6556500196456909
0.5599696636199951 0.5785597562789917
0.4848650097846985 0.5580199956893921
0.44141536951065063 0.5390958786010742
0.4815645217895508 0.6400264501571655
0.49850860238075256 0.630826473236084
0.5575701594352722 0.5778585076332092
0.47218114137649536 0.6555567979812622
0.41227176785469055 0.5984145998954773
0.54371178150177 0.6349087953567505
0.4722536504268646 0.6036494970321655
0.4490324556827545 0.5902981162071228
0.5511012077331543 0.6092891693115234
0.4303654432296753 0.5996481776237488
0.5196489691734314 0.5927926301956177
0.4178301692008972 0.6109806895256042
0.4253254234790802 0.5650873184204102
0.45334169268608093 0.5823014378547668
0.520551860332489 0.5725206732749939
0.4128355085849762 0.5659976601600647
0.46783533692359924 0.5152391195297241
0.4627739489078522 0.5253518223762512
0.5324485898017883 0.6023517847061157
0.425325870513916 0.5686941146850586
0.4965786635875702 0.5683902502059937
0.44735726714134216 0.5824248194694519
0.48204976320266724 0.5300983786582947
0.5544743537902832 0.6049667000770569
0.4843519628047943 0.5080007910728455
0.4787086844444275 0.5814205408096313
0.475918173789978 0.5172901749610901
0.4519016742706299 0.5795239806175232
0.45796340703964233 0.5696482062339783
0.5573740601539612 0.5997327566146851
0.5065343976020813 0.586523711681366
0.3997068703174591 0.5799675583839417
0.4148705005645752 0.5869047045707703
0.555296003818512 0.6173043847084045
0.4368749260902405 0.6423676013946533
0.5289655923843384 0.608217179775238
0.5212605595588684 0.6450981497764587
0.4536687135696411 0.6386213302612305
0.5652267932891846 0.559758186340332
0.5338979363441467 0.591977596282959
0.4658985435962677 0.5270026326179504
0.5243557095527649 0.6308461427688599
0.4419483244419098 0.6331424713134766
0.45413967967033386 0.5804480314254761
0.5163120627403259 0.6211590766906738
0.42648130655288696 0.6011440753936768
0.4518595337867737 0.6277875900268555
0.4866875410079956 0.6365010142326355
0.5472242832183838 0.5380942225456238
0.4669246971607208 0.6152569651603699
0.41241759061813354 0.6231380701065063
0.554940938949585 0.5802382826805115
0.5392276048660278 0.6054579019546509
0.46090763807296753 0.6515114903450012
0.4781365990638733 0.5843830108642578
0.4387661814689636 0.6258056163787842
0.5312232375144958 0.5596404075622559
0.5085514187812805 0.5413938164710999
0.483001172542572 0.5296981930732727
0.45578497648239136 0.5801171660423279
0.4274410009384155 0.5267848968505859
0.4879459738731384 0.6126034259796143
0.4146605432033539 0.6093462705612183
0.4196019172668457 0.5560272336006165
0.4234502613544464 0.6102390885353088
0.45945921540260315 0.6008021831512451
0.4118056297302246 0.5999568700790405
0.47962096333503723 0.5214146375656128
0.403006911277771 0.6030274033546448
0.4403718113899231 0.530431866645813
0.4447515904903412 0.547311544418335
0.4185502231121063 0.5945456027984619
0.3975551128387451 0.5886025428771973
0.39925459027290344 0.5718140006065369
0.4346366822719574 0.5363897085189819
0.46175289154052734 0.6081370115280151
0.5115789175033569 0.608361542224884
0.40777918696403503 0.592769980430603
0.46120119094848633 0.6289809942245483
0.4336182773113251 0.5775013566017151
0.47934645414352417 0.661462128162384
0.40083834528923035 0.6084758639335632
0.48147353529930115 0.5742379426956177
0.5365491509437561 0.635131299495697
0.4489091634750366 0.5656816363334656
0.4691081643104553 0.5812438726425171
0.5095910429954529 0.5102036595344543
0.5679529309272766 0.5964406728744507
0.5487666726112366 0.5854128003120422
0.49438443779945374 0.617565929889679
0.5316305756568909 0.5800362825393677
0.5350961685180664 0.5976777076721191
0.4452730119228363 0.6220858693122864
0.555012583732605 0.567466676235199
0.5419976115226746 0.5258798599243164
0.4327409267425537 0.6399881839752197
0.47958871722221375 0.5086776614189148
0.5622069835662842 0.6101893782615662
0.4135245978832245 0.6164107322692871
0.40605729818344116 0.5788223147392273
0.4644848704338074 0.6621414422988892
0.4483126997947693 0.6397531628608704
0.4610055088996887 0.5768145322799683
0.43925943970680237 0.5785012245178223
0.49639153480529785 0.5644068717956543
0.559575617313385 0.5670273303985596
0.499867707490921 0.6342264413833618
0.5233996510505676 0.6384857892990112
0.41414564847946167 0.59600430727005
0.5095065832138062 0.5915685296058655
0.44238439202308655 0.6436159610748291
0.40435290336608887 0.5811728239059448
0.5365838408470154 0.574644923210144
0.45202603936195374 0.573662519454956
0.40775126218795776 0.5689427256584167
0.47981375455856323 0.6641579270362854
0.4857023358345032 0.6042542457580566
0.5682513117790222 0.604246973991394
0.4467543959617615 0.5605181455612183
0.4411217272281647 0.617997407913208
0.5344782471656799 0.5919896364212036
0.4176064729690552 0.5958755016326904
0.5712375640869141 0.569968581199646
0.4767204225063324 0.5249831676483154
0.44069424271583557 0.5752938985824585
0.4399417042732239 0.5824378728866577
0.43430963158607483 0.5300407409667969
0.3992300033569336 0.5772095322608948
0.4640783369541168 0.5878295302391052
0.5405594110488892 0.5604433417320251
0.45104971528053284 0.5905236601829529
0.3986583650112152 0.5941426753997803
0.41168856620788574 0.5412426590919495
0.52469801902771 0.5491878986358643
0.5492075681686401 0.5727052092552185
0.48394128680229187 0.5874578952789307
0.544696033000946 0.6159766912460327
0.4136922359466553 0.5949302315711975
0.45216214656829834 0.6120174527168274
0.40099117159843445 0.5975567698478699
0.474170982837677 0.5653935074806213
0.5568937063217163 0.557736873626709
0.4213367998600006 0.559820830821991
0.42932721972465515 0.5600355267524719
0.4475533068180084 0.5592835545539856
0.4558113217353821 0.645434558391571
0.483102947473526 0.6014640927314758
0.46344655752182007 0.5855435729026794
0.5476608276367188 0.5856407284736633
0.4036048650741577 0.6116514205932617
0.4263448715209961 0.6267186403274536
0.5720590949058533 0.5894345641136169
0.5743238925933838 0.5850436687469482
0.4517988860607147 0.636612057685852
0.5667533874511719 0.5656732320785522
0.5246075987815857 0.5749735236167908
0.43660885095596313 0.5164853930473328
0.4448147416114807 0.6345709562301636
0.459756076335907 0.5669947266578674
0.5101079940795898 0.6000487804412842
0.5336834788322449 0.559706449508667
0.4235108494758606 0.5826768279075623
0.4764237701892853 0.6630003452301025
0.4024781584739685 0.5689902901649475
0.5267640352249146 0.5198964476585388
0.476864218711853 0.5698333978652954
0.40184882283210754 0.6036251187324524
0.41978463530540466 0.532670259475708
0.4608047306537628 0.5470483899116516
0.4517351984977722 0.5317925810813904
0.42030125856399536 0.5485421419143677
0.5149497389793396 0.6042278409004211
0.411612331867218 0.5422254800796509
0.46808314323425293 0.5562114119529724
0.5682776570320129 0.5681447982788086
0.42586222290992737 0.5551072955131531
0.4959973692893982 0.5783524513244629
0.48013246059417725 0.5746830105781555
0.40085044503211975 0.6103144884109497
0.4228842258453369 0.6412780284881592
0.4104578197002411 0.5654716491699219
0.40537673234939575 0.6102632284164429
0.5232594013214111 0.5869544148445129
0.5687493085861206 0.558944582939148
0.48685210943222046 0.5534065961837769
0.47935962677001953 0.5667552947998047
0.4021521210670471 0.587202250957489
0.4674689471721649 0.510847806930542
0.5127129554748535 0.5931637287139893
0.5032499432563782 0.5345553755760193
0.472480446100235 0.6333662271499634
0.44622722268104553 0.6569529175758362
0.49208202958106995 0.6637890338897705
0.42263713479042053 0.6102378368377686
0.46023860573768616 0.6237384676933289
0.5283907055854797 0.5459900498390198
0.5116096138954163 0.5794168710708618
0.45304858684539795 0.5116226673126221
0.553027868270874 0.5588892102241516
0.5376666784286499 0.5925746560096741
0.5210883021354675 0.616367757320404
0.4653092324733734 0.5710635781288147
0.5141435861587524 0.6475589275360107
0.5287721157073975 0.5906946063041687
0.4108717739582062 0.6258872747421265
0.5240722894668579 0.5231578946113586
0.4113891124725342 0.5432800054550171
0.4880654215812683 0.6608919501304626
0.42007559537887573 0.5759572982788086
0.5511472225189209 0.5584075450897217
0.4336431622505188 0.5734211206436157
0.5156810879707336 0.523400068283081
0.4907987117767334 0.5925359725952148
0.5020113587379456 0.6474407315254211
0.5215073227882385 0.6408159732818604
0.5610042810440063 0.6027340888977051
0.4264480769634247 0.5285526514053345
0.4318457245826721 0.5293337106704712
0.5473340749740601 0.6364917755126953
0.5444883108139038 0.592168927192688
0.4821665585041046 0.5411397218704224
0.49109238386154175 0.6537725925445557
0.5051626563072205 0.5430164933204651
0.54925537109375 0.5730317831039429
0.4389638602733612 0.5457324981689453
0.4809945523738861 0.6029886603355408
0.4219726026058197 0.5778722763061523
0.4747958779335022 0.6524738073348999
0.545790433883667 0.5652830600738525
0.4413946270942688 0.6167653799057007
0.42095527052879333 0.5795709490776062
0.5236671566963196 0.5774098634719849
0.5668368339538574 0.5504709482192993
0.5137919783592224 0.57257080078125
0.45951396226882935 0.6252100467681885
0.5111351609230042 0.5804186463356018
0.490845263004303 0.603177547454834
0.4167466461658478 0.5636168718338013
0.5001539587974548 0.509203314781189
0.5404157042503357 0.5916579961776733
0.45813316106796265 0.6475553512573242
0.4925759732723236 0.5749834775924683
0.46836909651756287 0.5320862531661987
0.5579462051391602 0.5930234789848328
0.4101712107658386 0.6259490847587585
0.5702270269393921 0.5965868830680847
0.5226410627365112 0.550632119178772
0.398281991481781 0.5954354405403137
0.46659740805625916 0.5993973016738892
0.4935082793235779 0.5940263867378235
0.452918142080307 0.5801907777786255
0.46425187587738037 0.5214876532554626
0.4935244023799896 0.5770029425621033
0.5523169040679932 0.5679778456687927
0.5300297737121582 0.5957978963851929
0.40004658699035645 0.6058369278907776
0.5187737345695496 0.5427377820014954
0.405317097902298 0.5758290886878967
0.5318524837493896 0.5379747748374939
0.5705978274345398 0.5710155367851257
0.44152313470840454 0.5520459413528442
0.4772386848926544 0.6636924743652344
0.40201514959335327 0.6001113057136536
0.42985066771507263 0.5601487159729004
0.5676034092903137 0.6035762429237366
0.4631071388721466 0.5343552827835083
0.5507534742355347 0.6096956729888916
0.5277587175369263 0.602303147315979
0.5671303272247314 0.5835035443305969
0.4112582504749298 0.596762478351593
0.4844062328338623 0.564669668674469
0.40165215730667114 0.5689581632614136
0.545293927192688 0.5650616884231567
0.5592482089996338 0.551261842250824
0.547199547290802 0.6291711926460266
0.5077663064002991 0.5700960755348206
0.5295804142951965 0.5718225836753845
0.49918535351753235 0.5245996713638306
0.5277207493782043 0.550426721572876
0.5346206426620483 0.579397976398468
0.447964072227478 0.6489681601524353
0.4759341776371002 0.5938303470611572
0.4586930572986603 0.5116910934448242
0.5370579957962036 0.5626908540725708
0.4564652740955353 0.6107271313667297
0.5468655228614807 0.5926003456115723
0.5210959911346436 0.6550323963165283
0.5058919191360474 0.5570722818374634
0.4195653200149536 0.5482940077781677
0.4862450659275055 0.5442522168159485
0.5176809430122375 0.6344258189201355
0.4198286831378937 0.6375752091407776
0.5028970837593079 0.5153785347938538
0.5098661780357361 0.654179036617279
0.439817875623703 0.6412954330444336
0.4566165804862976 0.5457402467727661
0.5255925059318542 0.6210532188415527
0.5647957921028137 0.5453023910522461
0.49095043540000916 0.6050710082054138
0.5059390068054199 0.6143732666969299
0.4010304808616638 0.5854315161705017
0.5562503337860107 0.6090868711471558
0.45102277398109436 0.6404662728309631
0.515075147151947 0.5740166902542114
0.5327358245849609 0.5706185102462769
0.41874074935913086 0.5697789788246155
0.5423821210861206 0.6332311630249023
0.49640724062919617 0.5227495431900024
0.4889320135116577 0.5843728184700012
0.5711215734481812 0.5705659985542297
0.5575888752937317 0.5599977374076843
0.40782061219215393 0.5524976849555969
0.5303506851196289 0.5467064380645752
0.43569669127464294 0.6397372484207153
0.5391064882278442 0.539502739906311
0.5706312656402588 0.5941680669784546
0.556204080581665 0.594369113445282
0.5407745838165283 0.6352353096008301
0.4456351101398468 0.6054999828338623
0.5567927956581116 0.5865302681922913
0.5602770447731018 0.5461792349815369
0.5040503740310669 0.5739439725875854
0.5079288482666016 0.5965600609779358
0.5512996912002563 0.545911431312561
0.4335899353027344 0.6463346481323242
0.41309109330177307 0.5451863408088684
0.4739266633987427 0.5057276487350464
0.4183923900127411 0.5914967656135559
0.41507580876350403 0.5730649828910828
0.4537675380706787 0.5391348600387573
0.5048248767852783 0.5564096570014954
0.45494192838668823 0.5293707251548767
0.5176388025283813 0.5959339737892151
0.5378991961479187 0.5728504061698914
0.5670751333236694 0.5967810750007629
0.5378316044807434 0.6305592060089111
0.45565101504325867 0.5452846884727478
0.5497355461120605 0.5683518648147583
0.484443724155426 0.5108940005302429
0.4504649341106415 0.5977602601051331
0.4513150155544281 0.6081917881965637
0.5629916191101074 0.6008164882659912
0.5550071597099304 0.5983755588531494
0.5348394513130188 0.5644616484642029
0.47126901149749756 0.6032745838165283
0.4657551050186157 0.5666730999946594
0.524264395236969 0.5604569315910339
0.4477750062942505 0.5474264621734619
0.44388720393180847 0.5184468626976013
0.5554009675979614 0.5392901301383972
0.5321584343910217 0.5188491344451904
0.5451613664627075 0.5970637202262878
0.4020646810531616 0.5924642086029053
0.5725089907646179 0.5802425742149353
0.445058673620224 0.566483199596405
0.47307467460632324 0.6617789268493652
0.5388529896736145 0.6470824480056763
0.4184434711933136 0.5629287362098694
0.4025413393974304 0.580554187297821
0.5175836682319641 0.6314390897750854
0.5379294157028198 0.5266774296760559
0.4809812307357788 0.5674736499786377
0.4389926493167877 0.620101273059845
0.46486973762512207 0.6417158842086792
0.4841209053993225 0.6100503206253052
0.482319176197052 0.5647436380386353
0.4011959731578827 0.5750263333320618
0.4297197759151459 0.5719748735427856
0.5566990375518799 0.5476661324501038
0.4393015205860138 0.5243096947669983
0.4110906720161438 0.5840684771537781
0.5002644658088684 0.6044067144393921
0.4534217417240143 0.5994619131088257
0.46330469846725464 0.5930488109588623
0.4045468270778656 0.5788652300834656
0.48859691619873047 0.6165358424186707
0.407794713973999 0.5802204012870789
0.41235262155532837 0.5656206011772156
0.4996906816959381 0.5329098701477051
0.430581659078598 0.5848358869552612
0.5336905121803284 0.6073113679885864
0.47987493872642517 0.5812593698501587
0.48988690972328186 0.5128844976425171
0.5493687987327576 0.6208996772766113
0.47005054354667664 0.6613516211509705
0.5540756583213806 0.6224336624145508
0.45224279165267944 0.6209150552749634
0.5617528557777405 0.5974392890930176
0.559289276599884 0.5404884219169617
0.41165024042129517 0.627357006072998
0.462310791015625 0.5381855964660645
0.4129196107387543 0.587491512298584
0.3988463282585144 0.5803953409194946
0.4384012222290039 0.5161041021347046
0.5130090117454529 0.5878363847732544
0.4894082546234131 0.6437115669250488
0.5097237229347229 0.5110756158828735
0.5416416525840759 0.592840313911438
0.5072839260101318 0.6503325700759888
0.45709556341171265 0.5376020669937134
0.3988812565803528 0.600527286529541
0.4739445149898529 0.6403421759605408
0.5283574461936951 0.6069781184196472
0.4891875982284546 0.6530903577804565
0.5390550494194031 0.6351250410079956
0.5549278259277344 0.6102107167243958
0.4499942362308502 0.5997134447097778
0.550912618637085 0.5863617658615112
0.4410828649997711 0.6529859900474548
0.5138610601425171 0.6249005198478699
0.4896214008331299 0.6446020007133484
0.45094582438468933 0.5553879737854004
0.4444679319858551 0.6415149569511414
0.49011555314064026 0.6260449290275574
0.40426117181777954 0.5701929926872253
0.4732738733291626 0.6026589274406433
0.5521760582923889 0.5601029992103577
0.5057594776153564 0.5611769556999207
